customer_id,timestamp,event,product_id,status,channel,transaction_id,order_id,purchase_reason,customer_satisfaction,delivery_satisfaction,abandonment_reason
C0001,2026-08-02 05:03:00,product_discovery,P019,success,website,,,,,,
C0001,2026-08-02 05:07:00,product_view,P019,success,website,,,,,,
C0002,2026-08-12 16:07:00,product_discovery,P039,success,website,,,,,,
C0002,2026-08-12 16:12:00,product_view,P039,success,website,,,,,,
C0002,2026-08-12 16:18:00,cart_add,P039,success,website,,,,,,
C0002,2026-08-12 16:27:00,checkout_start,P039,success,website,,,,,,
C0002,2026-08-12 16:34:00,payment_attempt,P039,success,website,TXNC00021945,,,,,
C0002,2026-08-12 16:35:00,payment_success,P039,success,website,TXNC00021945,,,,,
C0002,2026-08-12 16:37:00,order_confirmation,P039,success,website,TXNC00021945,ORDC00023631,,,,
C0002,2026-08-17 20:37:00,delivery,P039,success,website,,ORDC00023631,,,,
C0002,2026-08-17 20:37:00,purchase_reason_recorded,P039,info,website,TXNC00021945,ORDC00023631,Needed it urgently,3.0,5.0,
C0003,2026-08-02 18:41:00,product_discovery,P004,success,website,,,,,,
C0003,2026-08-02 18:43:00,product_view,P004,success,website,,,,,,
C0004,2026-08-03 02:04:00,product_discovery,P034,success,website,,,,,,
C0004,2026-08-03 02:09:00,product_view,P034,success,website,,,,,,
C0005,2026-08-15 12:06:00,product_discovery,P030,success,mobile_app,,,,,,
C0005,2026-08-15 12:09:00,product_view,P030,success,mobile_app,,,,,,
C0006,2026-08-20 15:19:00,product_discovery,P006,success,mobile_app,,,,,,
C0006,2026-08-20 15:20:00,product_view,P006,success,mobile_app,,,,,,
C0007,2026-08-05 13:35:00,product_discovery,P039,success,website,,,,,,
C0007,2026-08-05 13:40:00,product_view,P039,success,website,,,,,,
C0008,2026-08-19 01:30:00,product_discovery,P024,success,mobile_app,,,,,,
C0008,2026-08-19 01:31:00,product_view,P024,success,mobile_app,,,,,,
C0008,2026-08-19 01:38:00,cart_add,P024,success,mobile_app,,,,,,
C0008,2026-08-19 01:40:00,cart_add,P024,abandoned,mobile_app,,,,,,Technical issue at checkout
C0009,2026-08-03 07:05:00,product_discovery,P010,success,mobile_app,,,,,,
C0009,2026-08-03 07:06:00,product_view,P010,success,mobile_app,,,,,,
C0010,2026-08-02 04:44:00,product_discovery,P010,success,website,,,,,,
C0010,2026-08-02 04:45:00,product_view,P010,success,website,,,,,,
C0011,2026-08-01 17:18:00,product_discovery,P022,success,website,,,,,,
C0011,2026-08-01 17:23:00,product_view,P022,success,website,,,,,,
C0011,2026-08-01 17:31:00,cart_add,P022,success,website,,,,,,
C0011,2026-08-01 17:45:00,checkout_start,P022,success,website,,,,,,
C0011,2026-08-01 17:47:00,payment_attempt,P022,success,website,TXNC00112522,,,,,
C0011,2026-08-01 17:49:00,payment_success,P022,success,website,TXNC00112522,,,,,
C0011,2026-08-01 17:52:00,order_confirmation,P022,success,website,TXNC00112522,ORDC00117610,,,,
C0011,2026-08-06 20:52:00,delivery,P022,success,website,,ORDC00117610,,,,
C0011,2026-08-12 20:52:00,review,P022,success,website,,ORDC00117610,,,,
C0011,2026-08-12 20:52:00,purchase_reason_recorded,P022,info,website,TXNC00112522,ORDC00117610,Good price,3.0,3.0,
C0012,2026-08-19 03:45:00,product_discovery,P013,success,website,,,,,,
C0012,2026-08-19 03:47:00,product_view,P013,success,website,,,,,,
C0013,2026-08-19 00:07:00,product_discovery,P014,success,mobile_app,,,,,,
C0013,2026-08-19 00:11:00,product_view,P014,success,mobile_app,,,,,,
C0014,2026-08-03 12:25:00,product_discovery,P002,success,website,,,,,,
C0014,2026-08-03 12:30:00,product_view,P002,success,website,,,,,,
C0014,2026-08-03 12:39:00,cart_add,P002,success,website,,,,,,
C0014,2026-08-03 12:48:00,checkout_start,P002,success,website,,,,,,
C0014,2026-08-03 12:50:00,payment_attempt,P002,success,website,TXNC00145317,,,,,
C0014,2026-08-03 12:52:00,payment_success,P002,success,website,TXNC00145317,,,,,
C0014,2026-08-03 12:54:00,order_confirmation,P002,success,website,TXNC00145317,ORDC00141100,,,,
C0014,2026-08-05 13:54:00,delivery,P002,success,website,,ORDC00141100,,,,
C0014,2026-08-05 13:54:00,purchase_reason_recorded,P002,info,website,TXNC00145317,ORDC00141100,Product reviews,5.0,2.0,
C0015,2026-08-01 16:02:00,product_discovery,P012,success,mobile_app,,,,,,
C0015,2026-08-01 16:03:00,product_view,P012,success,mobile_app,,,,,,
C0016,2026-08-13 15:25:00,product_discovery,P037,success,website,,,,,,
C0016,2026-08-13 15:27:00,product_view,P037,success,website,,,,,,
C0017,2026-08-12 05:31:00,product_discovery,P018,success,website,,,,,,
C0017,2026-08-12 05:35:00,product_view,P018,success,website,,,,,,
C0018,2026-08-01 13:27:00,product_discovery,P014,success,mobile_app,,,,,,
C0018,2026-08-01 13:29:00,product_view,P014,success,mobile_app,,,,,,
C0019,2026-08-12 06:39:00,product_discovery,P029,success,mobile_app,,,,,,
C0019,2026-08-12 06:44:00,product_view,P029,success,mobile_app,,,,,,
C0019,2026-08-12 06:53:00,cart_add,P029,success,mobile_app,,,,,,
C0019,2026-08-12 07:05:00,cart_add,P029,abandoned,mobile_app,,,,,,Just browsing
C0020,2026-08-02 22:29:00,product_discovery,P014,success,website,,,,,,
C0020,2026-08-02 22:34:00,product_view,P014,success,website,,,,,,
C0020,2026-08-02 22:36:00,cart_add,P014,success,website,,,,,,
C0020,2026-08-02 22:47:00,checkout_start,P014,success,website,,,,,,
C0020,2026-08-02 22:51:00,payment_attempt,P014,success,website,TXNC00204234,,,,,
C0020,2026-08-02 22:56:00,payment_success,P014,success,website,TXNC00204234,,,,,
C0020,2026-08-02 22:59:00,order_confirmation,P014,success,website,TXNC00204234,ORDC00203783,,,,
C0020,2026-08-08 02:59:00,delivery,P014,success,website,,ORDC00203783,,,,
C0020,2026-08-16 02:59:00,review,P014,success,website,,ORDC00203783,,,,
C0020,2026-08-16 02:59:00,purchase_reason_recorded,P014,info,website,TXNC00204234,ORDC00203783,Trusted brand,5.0,3.0,
C0021,2026-08-03 22:30:00,product_discovery,P021,success,mobile_app,,,,,,
C0021,2026-08-03 22:33:00,product_view,P021,success,mobile_app,,,,,,
C0021,2026-08-03 22:40:00,cart_add,P021,success,mobile_app,,,,,,
C0021,2026-08-03 22:48:00,cart_add,P021,abandoned,mobile_app,,,,,,Changed my mind
C0022,2026-08-06 17:13:00,product_discovery,P030,success,website,,,,,,
C0022,2026-08-06 17:16:00,product_view,P030,success,website,,,,,,
C0023,2026-08-14 20:05:00,product_discovery,P019,success,website,,,,,,
C0023,2026-08-14 20:07:00,product_view,P019,success,website,,,,,,
C0023,2026-08-14 20:10:00,cart_add,P019,success,website,,,,,,
C0023,2026-08-14 20:14:00,cart_add,P019,abandoned,website,,,,,,Technical issue at checkout
C0024,2026-08-15 22:37:00,product_discovery,P038,success,website,,,,,,
C0024,2026-08-15 22:40:00,product_view,P038,success,website,,,,,,
C0024,2026-08-15 22:47:00,cart_add,P038,success,website,,,,,,
C0024,2026-08-15 22:50:00,checkout_start,P038,success,website,,,,,,
C0024,2026-08-15 22:52:00,payment_attempt,P038,success,website,TXNC00249444,,,,,
C0024,2026-08-15 22:55:00,payment_success,P038,success,website,TXNC00249444,,,,,
C0024,2026-08-15 22:57:00,order_confirmation,P038,success,website,TXNC00249444,ORDC00245175,,,,
C0024,2026-08-22 23:57:00,delivery,P038,success,website,,ORDC00245175,,,,
C0024,2026-09-01 23:57:00,review,P038,success,website,,ORDC00245175,,,,
C0024,2026-09-01 23:57:00,purchase_reason_recorded,P038,info,website,TXNC00249444,ORDC00245175,Product reviews,5.0,5.0,
C0025,2026-08-13 16:23:00,product_discovery,P007,success,website,,,,,,
C0025,2026-08-13 16:27:00,product_view,P007,success,website,,,,,,
C0026,2026-08-16 12:12:00,product_discovery,P014,success,mobile_app,,,,,,
C0026,2026-08-16 12:13:00,product_view,P014,success,mobile_app,,,,,,
C0027,2026-08-04 16:28:00,product_discovery,P012,success,mobile_app,,,,,,
C0028,2026-08-08 20:47:00,product_discovery,P003,success,website,,,,,,
C0028,2026-08-08 20:52:00,product_view,P003,success,website,,,,,,
C0029,2026-08-09 10:38:00,product_discovery,P014,success,mobile_app,,,,,,
C0029,2026-08-09 10:39:00,product_view,P014,success,mobile_app,,,,,,
C0030,2026-08-17 04:55:00,product_discovery,P006,success,website,,,,,,
C0030,2026-08-17 04:56:00,product_view,P006,success,website,,,,,,
C0031,2026-08-02 07:15:00,product_discovery,P026,success,website,,,,,,
C0032,2026-08-01 22:25:00,product_discovery,P005,success,website,,,,,,
C0032,2026-08-01 22:28:00,product_view,P005,success,website,,,,,,
C0033,2026-08-05 03:53:00,product_discovery,P021,success,mobile_app,,,,,,
C0033,2026-08-05 03:58:00,product_view,P021,success,mobile_app,,,,,,
C0033,2026-08-05 04:05:00,cart_add,P021,success,mobile_app,,,,,,
C0033,2026-08-05 04:13:00,cart_add,P021,abandoned,mobile_app,,,,,,Technical issue at checkout
C0034,2026-08-05 23:23:00,product_discovery,P029,success,mobile_app,,,,,,
C0034,2026-08-05 23:27:00,product_view,P029,success,mobile_app,,,,,,
C0034,2026-08-05 23:36:00,cart_add,P029,success,mobile_app,,,,,,
C0034,2026-08-05 23:39:00,cart_add,P029,abandoned,mobile_app,,,,,,Just browsing
C0035,2026-08-05 09:30:00,product_discovery,P008,success,website,,,,,,
C0036,2026-08-03 17:18:00,product_discovery,P008,success,website,,,,,,
C0036,2026-08-03 17:21:00,product_view,P008,success,website,,,,,,
C0036,2026-08-03 17:30:00,cart_add,P008,success,website,,,,,,
C0036,2026-08-03 17:37:00,cart_add,P008,abandoned,website,,,,,,Price too high
C0037,2026-08-06 20:03:00,product_discovery,P021,success,mobile_app,,,,,,
C0037,2026-08-06 20:04:00,product_view,P021,success,mobile_app,,,,,,
C0038,2026-08-13 05:37:00,product_discovery,P039,success,website,,,,,,
C0038,2026-08-13 05:38:00,product_view,P039,success,website,,,,,,
C0038,2026-08-13 05:39:00,cart_add,P039,success,website,,,,,,
C0038,2026-08-13 05:43:00,checkout_start,P039,success,website,,,,,,
C0038,2026-08-13 05:45:00,payment_attempt,P039,success,website,TXNC00388051,,,,,
C0038,2026-08-13 05:50:00,payment_success,P039,success,website,TXNC00388051,,,,,
C0038,2026-08-13 05:52:00,order_confirmation,P039,success,website,TXNC00388051,ORDC00386255,,,,
C0038,2026-08-18 08:52:00,delivery,P039,success,website,,ORDC00386255,,,,
C0038,2026-08-18 08:52:00,purchase_reason_recorded,P039,info,website,TXNC00388051,ORDC00386255,Good price,2.0,2.0,
C0039,2026-08-02 16:09:00,product_discovery,P002,success,mobile_app,,,,,,
C0039,2026-08-02 16:12:00,product_view,P002,success,mobile_app,,,,,,
C0040,2026-08-09 10:39:00,product_discovery,P029,success,mobile_app,,,,,,
C0040,2026-08-09 10:40:00,product_view,P029,success,mobile_app,,,,,,
C0041,2026-08-07 12:03:00,product_discovery,P021,success,website,,,,,,
C0042,2026-08-18 04:06:00,product_discovery,P014,success,website,,,,,,
C0042,2026-08-18 04:10:00,product_view,P014,success,website,,,,,,
C0043,2026-08-03 19:52:00,product_discovery,P032,success,mobile_app,,,,,,
C0043,2026-08-03 19:57:00,product_view,P032,success,mobile_app,,,,,,
C0044,2026-08-11 04:26:00,product_discovery,P031,success,website,,,,,,
C0044,2026-08-11 04:28:00,product_view,P031,success,website,,,,,,
C0045,2026-08-15 13:48:00,product_discovery,P027,success,website,,,,,,
C0045,2026-08-15 13:51:00,product_view,P027,success,website,,,,,,
C0045,2026-08-15 13:53:00,cart_add,P027,success,website,,,,,,
C0045,2026-08-15 14:03:00,checkout_start,P027,success,website,,,,,,
C0045,2026-08-15 14:11:00,payment_attempt,P027,success,website,TXNC00458893,,,,,
C0045,2026-08-15 14:14:00,payment_success,P027,success,website,TXNC00458893,,,,,
C0045,2026-08-15 14:17:00,order_confirmation,P027,success,website,TXNC00458893,ORDC00457333,,,,
C0045,2026-08-17 18:17:00,delivery,P027,success,website,,ORDC00457333,,,,
C0045,2026-08-18 18:17:00,return,P027,success,website,,ORDC00457333,,,,
C0045,2026-08-21 18:17:00,review,P027,success,website,,ORDC00457333,,,,
C0045,2026-08-21 18:17:00,purchase_reason_recorded,P027,info,website,TXNC00458893,ORDC00457333,Trusted brand,4.0,3.0,
C0046,2026-08-13 02:42:00,product_discovery,P039,success,mobile_app,,,,,,
C0046,2026-08-13 02:46:00,product_view,P039,success,mobile_app,,,,,,
C0046,2026-08-13 02:51:00,cart_add,P039,success,mobile_app,,,,,,
C0046,2026-08-13 02:55:00,checkout_start,P039,success,mobile_app,,,,,,
C0046,2026-08-13 03:00:00,payment_attempt,P039,success,mobile_app,TXNC00461148,,,,,
C0046,2026-08-13 03:05:00,payment_success,P039,success,mobile_app,TXNC00461148,,,,,
C0046,2026-08-13 03:06:00,order_confirmation,P039,success,mobile_app,TXNC00461148,ORDC00463136,,,,
C0046,2026-08-20 04:06:00,delivery,P039,success,mobile_app,,ORDC00463136,,,,
C0046,2026-08-24 04:06:00,review,P039,success,mobile_app,,ORDC00463136,,,,
C0046,2026-08-24 04:06:00,purchase_reason_recorded,P039,info,mobile_app,TXNC00461148,ORDC00463136,Good price,2.0,4.0,
C0047,2026-08-07 07:30:00,product_discovery,P012,success,mobile_app,,,,,,
C0047,2026-08-07 07:35:00,product_view,P012,success,mobile_app,,,,,,
C0048,2026-08-08 03:28:00,product_discovery,P035,success,website,,,,,,
C0048,2026-08-08 03:33:00,product_view,P035,success,website,,,,,,
C0048,2026-08-08 03:39:00,cart_add,P035,success,website,,,,,,
C0048,2026-08-08 03:41:00,cart_add,P035,abandoned,website,,,,,,Delivery cost too high
C0049,2026-08-16 16:15:00,product_discovery,P024,success,website,,,,,,
C0049,2026-08-16 16:19:00,product_view,P024,success,website,,,,,,
C0050,2026-08-12 09:17:00,product_discovery,P027,success,mobile_app,,,,,,
C0050,2026-08-12 09:20:00,product_view,P027,success,mobile_app,,,,,,
C0051,2026-08-11 17:49:00,product_discovery,P039,success,mobile_app,,,,,,
C0051,2026-08-11 17:52:00,product_view,P039,success,mobile_app,,,,,,
C0052,2026-08-19 23:38:00,product_discovery,P016,success,website,,,,,,
C0053,2026-08-13 18:39:00,product_discovery,P029,success,website,,,,,,
C0053,2026-08-13 18:43:00,product_view,P029,success,website,,,,,,
C0054,2026-08-06 20:02:00,product_discovery,P013,success,mobile_app,,,,,,
C0054,2026-08-06 20:07:00,product_view,P013,success,mobile_app,,,,,,
C0054,2026-08-06 20:14:00,cart_add,P013,success,mobile_app,,,,,,
C0054,2026-08-06 20:18:00,checkout_start,P013,success,mobile_app,,,,,,
C0054,2026-08-06 20:24:00,payment_attempt,P013,success,mobile_app,TXNC00542375,,,,,
C0054,2026-08-06 20:27:00,payment_success,P013,success,mobile_app,TXNC00542375,,,,,
C0054,2026-08-06 20:28:00,order_confirmation,P013,success,mobile_app,TXNC00542375,ORDC00546372,,,,
C0054,2026-08-08 21:28:00,delivery,P013,success,mobile_app,,ORDC00546372,,,,
C0054,2026-08-13 21:28:00,review,P013,success,mobile_app,,ORDC00546372,,,,
C0054,2026-08-13 21:28:00,purchase_reason_recorded,P013,info,mobile_app,TXNC00542375,ORDC00546372,Good price,5.0,2.0,
C0055,2026-08-18 04:29:00,product_discovery,P037,success,mobile_app,,,,,,
C0056,2026-08-10 09:59:00,product_discovery,P008,success,website,,,,,,
C0056,2026-08-10 10:01:00,product_view,P008,success,website,,,,,,
C0057,2026-08-09 06:16:00,product_discovery,P006,success,website,,,,,,
C0057,2026-08-09 06:17:00,product_view,P006,success,website,,,,,,
C0058,2026-08-19 04:26:00,product_discovery,P015,success,mobile_app,,,,,,
C0058,2026-08-19 04:30:00,product_view,P015,success,mobile_app,,,,,,
C0058,2026-08-19 04:39:00,cart_add,P015,success,mobile_app,,,,,,
C0058,2026-08-19 04:53:00,checkout_start,P015,success,mobile_app,,,,,,
C0058,2026-08-19 04:59:00,payment_attempt,P015,success,mobile_app,TXNC00582514,,,,,
C0058,2026-08-19 05:03:00,payment_success,P015,success,mobile_app,TXNC00582514,,,,,
C0058,2026-08-19 05:04:00,order_confirmation,P015,success,mobile_app,TXNC00582514,ORDC00586769,,,,
C0058,2026-08-21 09:04:00,delivery,P015,success,mobile_app,,ORDC00586769,,,,
C0058,2026-08-21 09:04:00,purchase_reason_recorded,P015,info,mobile_app,TXNC00582514,ORDC00586769,Good price,3.0,2.0,
C0059,2026-08-10 01:34:00,product_discovery,P019,success,website,,,,,,
C0059,2026-08-10 01:38:00,product_view,P019,success,website,,,,,,
C0059,2026-08-10 01:41:00,cart_add,P019,success,website,,,,,,
C0059,2026-08-10 01:53:00,checkout_start,P019,success,website,,,,,,
C0059,2026-08-10 01:55:00,payment_attempt,P019,success,website,TXNC00593690,,,,,
C0059,2026-08-10 01:56:00,payment_success,P019,success,website,TXNC00593690,,,,,
C0060,2026-08-08 18:10:00,product_discovery,P026,success,mobile_app,,,,,,
C0060,2026-08-08 18:12:00,product_view,P026,success,mobile_app,,,,,,
C0061,2026-08-02 13:35:00,product_discovery,P008,success,mobile_app,,,,,,
C0061,2026-08-02 13:36:00,product_view,P008,success,mobile_app,,,,,,
C0062,2026-08-15 19:46:00,product_discovery,P029,success,mobile_app,,,,,,
C0062,2026-08-15 19:48:00,product_view,P029,success,mobile_app,,,,,,
C0063,2026-08-21 05:12:00,product_discovery,P025,success,mobile_app,,,,,,
C0063,2026-08-21 05:17:00,product_view,P025,success,mobile_app,,,,,,
C0064,2026-08-07 19:50:00,product_discovery,P023,success,website,,,,,,
C0064,2026-08-07 19:53:00,product_view,P023,success,website,,,,,,
C0064,2026-08-07 20:01:00,cart_add,P023,success,website,,,,,,
C0064,2026-08-07 20:10:00,checkout_start,P023,success,website,,,,,,
C0064,2026-08-07 20:11:00,payment_attempt,P023,success,website,TXNC00643615,,,,,
C0064,2026-08-07 20:12:00,payment_success,P023,success,website,TXNC00643615,,,,,
C0065,2026-08-08 05:20:00,product_discovery,P008,success,website,,,,,,
C0066,2026-08-06 05:55:00,product_discovery,P026,success,mobile_app,,,,,,
C0066,2026-08-06 06:00:00,product_view,P026,success,mobile_app,,,,,,
C0066,2026-08-06 06:03:00,cart_add,P026,success,mobile_app,,,,,,
C0066,2026-08-06 06:11:00,checkout_start,P026,success,mobile_app,,,,,,
C0066,2026-08-06 06:13:00,payment_attempt,P026,success,mobile_app,TXNC00665241,,,,,
C0066,2026-08-06 06:14:00,payment_success,P026,success,mobile_app,TXNC00665241,,,,,
C0066,2026-08-06 06:15:00,order_confirmation,P026,success,mobile_app,TXNC00665241,ORDC00666066,,,,
C0066,2026-08-11 09:15:00,delivery,P026,success,mobile_app,,ORDC00666066,,,,
C0066,2026-08-17 09:15:00,review,P026,success,mobile_app,,ORDC00666066,,,,
C0066,2026-08-17 09:15:00,purchase_reason_recorded,P026,info,mobile_app,TXNC00665241,ORDC00666066,Good price,4.0,2.0,
C0067,2026-08-20 02:34:00,product_discovery,P008,success,website,,,,,,
C0067,2026-08-20 02:37:00,product_view,P008,success,website,,,,,,
C0068,2026-08-14 14:04:00,product_discovery,P002,success,mobile_app,,,,,,
C0068,2026-08-14 14:08:00,product_view,P002,success,mobile_app,,,,,,
C0068,2026-08-14 14:12:00,cart_add,P002,success,mobile_app,,,,,,
C0068,2026-08-14 14:14:00,checkout_start,P002,success,mobile_app,,,,,,
C0068,2026-08-14 14:20:00,payment_attempt,P002,success,mobile_app,TXNC00688465,,,,,
C0068,2026-08-14 14:22:00,payment_success,P002,success,mobile_app,TXNC00688465,,,,,
C0068,2026-08-14 14:24:00,order_confirmation,P002,success,mobile_app,TXNC00688465,ORDC00682307,,,,
C0068,2026-08-17 18:24:00,delivery,P002,success,mobile_app,,ORDC00682307,,,,
C0068,2026-08-17 18:24:00,purchase_reason_recorded,P002,info,mobile_app,TXNC00688465,ORDC00682307,Fast delivery promised,4.0,5.0,
C0069,2026-08-19 22:25:00,product_discovery,P025,success,mobile_app,,,,,,
C0069,2026-08-19 22:26:00,product_view,P025,success,mobile_app,,,,,,
C0070,2026-08-04 00:12:00,product_discovery,P039,success,website,,,,,,
C0070,2026-08-04 00:13:00,product_view,P039,success,website,,,,,,
C0071,2026-08-20 03:23:00,product_discovery,P013,success,mobile_app,,,,,,
C0071,2026-08-20 03:27:00,product_view,P013,success,mobile_app,,,,,,
C0072,2026-08-18 21:37:00,product_discovery,P037,success,mobile_app,,,,,,
C0072,2026-08-18 21:41:00,product_view,P037,success,mobile_app,,,,,,
C0073,2026-08-19 21:27:00,product_discovery,P008,success,mobile_app,,,,,,
C0073,2026-08-19 21:28:00,product_view,P008,success,mobile_app,,,,,,
C0073,2026-08-19 21:36:00,cart_add,P008,success,mobile_app,,,,,,
C0073,2026-08-19 21:48:00,checkout_start,P008,success,mobile_app,,,,,,
C0073,2026-08-19 21:54:00,payment_attempt,P008,success,mobile_app,TXNC00733314,,,,,
C0073,2026-08-19 21:56:00,payment_success,P008,success,mobile_app,TXNC00733314,,,,,
C0073,2026-08-19 21:58:00,order_confirmation,P008,success,mobile_app,TXNC00733314,ORDC00735998,,,,
C0073,2026-08-23 01:58:00,delivery,P008,success,mobile_app,,ORDC00735998,,,,
C0073,2026-08-23 01:58:00,purchase_reason_recorded,P008,info,mobile_app,TXNC00733314,ORDC00735998,Fast delivery promised,4.0,3.0,
C0074,2026-08-19 00:37:00,product_discovery,P030,success,website,,,,,,
C0074,2026-08-19 00:38:00,product_view,P030,success,website,,,,,,
C0075,2026-08-05 15:25:00,product_discovery,P038,success,website,,,,,,
C0075,2026-08-05 15:29:00,product_view,P038,success,website,,,,,,
C0076,2026-08-20 13:38:00,product_discovery,P002,success,mobile_app,,,,,,
C0076,2026-08-20 13:43:00,product_view,P002,success,mobile_app,,,,,,
C0076,2026-08-20 13:50:00,cart_add,P002,success,mobile_app,,,,,,
C0076,2026-08-20 13:55:00,checkout_start,P002,success,mobile_app,,,,,,
C0076,2026-08-20 13:57:00,payment_attempt,P002,success,mobile_app,TXNC00765879,,,,,
C0076,2026-08-20 13:59:00,payment_success,P002,success,mobile_app,TXNC00765879,,,,,
C0076,2026-08-20 14:01:00,order_confirmation,P002,success,mobile_app,TXNC00765879,ORDC00768123,,,,
C0076,2026-08-27 15:01:00,delivery,P002,success,mobile_app,,ORDC00768123,,,,
C0076,2026-08-27 15:01:00,purchase_reason_recorded,P002,info,mobile_app,TXNC00765879,ORDC00768123,Product reviews,5.0,4.0,
C0077,2026-08-12 17:16:00,product_discovery,P023,success,mobile_app,,,,,,
C0077,2026-08-12 17:20:00,product_view,P023,success,mobile_app,,,,,,
C0078,2026-08-12 09:42:00,product_discovery,P002,success,mobile_app,,,,,,
C0078,2026-08-12 09:47:00,product_view,P002,success,mobile_app,,,,,,
C0079,2026-08-01 08:23:00,product_discovery,P012,success,mobile_app,,,,,,
C0079,2026-08-01 08:27:00,product_view,P012,success,mobile_app,,,,,,
C0079,2026-08-01 08:33:00,cart_add,P012,success,mobile_app,,,,,,
C0079,2026-08-01 08:37:00,cart_add,P012,abandoned,mobile_app,,,,,,Just browsing
C0080,2026-08-21 06:47:00,product_discovery,P023,success,mobile_app,,,,,,
C0080,2026-08-21 06:48:00,product_view,P023,success,mobile_app,,,,,,
C0080,2026-08-21 06:50:00,cart_add,P023,success,mobile_app,,,,,,
C0080,2026-08-21 07:05:00,cart_add,P023,abandoned,mobile_app,,,,,,Found a better deal elsewhere
C0081,2026-08-10 07:11:00,product_discovery,P011,success,website,,,,,,
C0081,2026-08-10 07:14:00,product_view,P011,success,website,,,,,,
C0082,2026-08-04 13:47:00,product_discovery,P024,success,website,,,,,,
C0082,2026-08-04 13:48:00,product_view,P024,success,website,,,,,,
C0082,2026-08-04 13:53:00,cart_add,P024,success,website,,,,,,
C0082,2026-08-04 14:05:00,checkout_start,P024,success,website,,,,,,
C0082,2026-08-04 14:08:00,payment_attempt,P024,success,website,TXNC00822668,,,,,
C0082,2026-08-04 14:09:00,payment_success,P024,success,website,TXNC00822668,,,,,
C0082,2026-08-04 14:12:00,order_confirmation,P024,success,website,TXNC00822668,ORDC00824213,,,,
C0083,2026-08-16 22:58:00,product_discovery,P018,success,website,,,,,,
C0083,2026-08-16 23:03:00,product_view,P018,success,website,,,,,,
C0084,2026-08-14 11:36:00,product_discovery,P008,success,mobile_app,,,,,,
C0084,2026-08-14 11:38:00,product_view,P008,success,mobile_app,,,,,,
C0085,2026-08-11 18:25:00,product_discovery,P006,success,website,,,,,,
C0086,2026-08-13 18:49:00,product_discovery,P031,success,website,,,,,,
C0086,2026-08-13 18:50:00,product_view,P031,success,website,,,,,,
C0087,2026-08-13 18:41:00,product_discovery,P021,success,website,,,,,,
C0087,2026-08-13 18:42:00,product_view,P021,success,website,,,,,,
C0087,2026-08-13 18:46:00,cart_add,P021,success,website,,,,,,
C0087,2026-08-13 18:55:00,cart_add,P021,abandoned,website,,,,,,Just browsing
C0088,2026-08-15 19:08:00,product_discovery,P011,success,website,,,,,,
C0088,2026-08-15 19:12:00,product_view,P011,success,website,,,,,,
C0089,2026-08-14 19:49:00,product_discovery,P015,success,mobile_app,,,,,,
C0089,2026-08-14 19:52:00,product_view,P015,success,mobile_app,,,,,,
C0089,2026-08-14 19:59:00,cart_add,P015,success,mobile_app,,,,,,
C0089,2026-08-14 20:14:00,cart_add,P015,abandoned,mobile_app,,,,,,Price too high
C0090,2026-08-03 19:07:00,product_discovery,P009,success,mobile_app,,,,,,
C0091,2026-08-11 17:21:00,product_discovery,P020,success,mobile_app,,,,,,
C0091,2026-08-11 17:22:00,product_view,P020,success,mobile_app,,,,,,
C0091,2026-08-11 17:32:00,cart_add,P020,success,mobile_app,,,,,,
C0091,2026-08-11 17:41:00,checkout_start,P020,success,mobile_app,,,,,,
C0092,2026-08-13 17:15:00,product_discovery,P022,success,website,,,,,,
C0092,2026-08-13 17:19:00,product_view,P022,success,website,,,,,,
C0093,2026-08-16 05:42:00,product_discovery,P035,success,website,,,,,,
C0093,2026-08-16 05:45:00,product_view,P035,success,website,,,,,,
C0093,2026-08-16 05:50:00,cart_add,P035,success,website,,,,,,
C0093,2026-08-16 05:51:00,checkout_start,P035,success,website,,,,,,
C0094,2026-08-20 10:23:00,product_discovery,P028,success,mobile_app,,,,,,
C0094,2026-08-20 10:27:00,product_view,P028,success,mobile_app,,,,,,
C0095,2026-08-06 05:13:00,product_discovery,P001,success,website,,,,,,
C0096,2026-08-18 19:32:00,product_discovery,P036,success,website,,,,,,
C0097,2026-08-10 21:17:00,product_discovery,P013,success,website,,,,,,
C0097,2026-08-10 21:20:00,product_view,P013,success,website,,,,,,
C0098,2026-08-18 15:48:00,product_discovery,P006,success,website,,,,,,
C0098,2026-08-18 15:49:00,product_view,P006,success,website,,,,,,
C0099,2026-08-16 10:55:00,product_discovery,P006,success,mobile_app,,,,,,
C0099,2026-08-16 10:56:00,product_view,P006,success,mobile_app,,,,,,
C0100,2026-08-10 23:00:00,product_discovery,P010,success,mobile_app,,,,,,
C0100,2026-08-10 23:04:00,product_view,P010,success,mobile_app,,,,,,
C0101,2026-08-20 12:54:00,product_discovery,P039,success,mobile_app,,,,,,
C0101,2026-08-20 12:56:00,product_view,P039,success,mobile_app,,,,,,
C0101,2026-08-20 13:01:00,cart_add,P039,success,mobile_app,,,,,,
C0101,2026-08-20 13:06:00,cart_add,P039,abandoned,mobile_app,,,,,,Changed my mind
C0102,2026-08-06 17:03:00,product_discovery,P036,success,website,,,,,,
C0102,2026-08-06 17:05:00,product_view,P036,success,website,,,,,,
C0102,2026-08-06 17:13:00,cart_add,P036,success,website,,,,,,
C0102,2026-08-06 17:22:00,cart_add,P036,abandoned,website,,,,,,Delivery cost too high
C0103,2026-08-02 11:18:00,product_discovery,P008,success,website,,,,,,
C0103,2026-08-02 11:21:00,product_view,P008,success,website,,,,,,
C0103,2026-08-02 11:29:00,cart_add,P008,success,website,,,,,,
C0103,2026-08-02 11:34:00,cart_add,P008,abandoned,website,,,,,,Technical issue at checkout
C0104,2026-08-11 12:27:00,product_discovery,P027,success,website,,,,,,
C0104,2026-08-11 12:30:00,product_view,P027,success,website,,,,,,
C0105,2026-08-10 20:13:00,product_discovery,P009,success,mobile_app,,,,,,
C0105,2026-08-10 20:15:00,product_view,P009,success,mobile_app,,,,,,
C0105,2026-08-10 20:23:00,cart_add,P009,success,mobile_app,,,,,,
C0105,2026-08-10 20:30:00,checkout_start,P009,success,mobile_app,,,,,,
C0105,2026-08-10 20:38:00,payment_attempt,P009,success,mobile_app,TXNC01055252,,,,,
C0105,2026-08-10 20:42:00,payment_success,P009,success,mobile_app,TXNC01055252,,,,,
C0105,2026-08-10 20:44:00,order_confirmation,P009,success,mobile_app,TXNC01055252,ORDC01059772,,,,
C0106,2026-08-01 09:25:00,product_discovery,P002,success,mobile_app,,,,,,
C0106,2026-08-01 09:28:00,product_view,P002,success,mobile_app,,,,,,
C0107,2026-08-11 09:31:00,product_discovery,P007,success,mobile_app,,,,,,
C0107,2026-08-11 09:35:00,product_view,P007,success,mobile_app,,,,,,
C0107,2026-08-11 09:37:00,cart_add,P007,success,mobile_app,,,,,,
C0107,2026-08-11 09:49:00,cart_add,P007,abandoned,mobile_app,,,,,,Delivery cost too high
C0108,2026-08-09 14:45:00,product_discovery,P032,success,mobile_app,,,,,,
C0108,2026-08-09 14:49:00,product_view,P032,success,mobile_app,,,,,,
C0109,2026-08-16 17:57:00,product_discovery,P038,success,mobile_app,,,,,,
C0109,2026-08-16 18:00:00,product_view,P038,success,mobile_app,,,,,,
C0110,2026-08-18 19:22:00,product_discovery,P005,success,website,,,,,,
C0110,2026-08-18 19:23:00,product_view,P005,success,website,,,,,,
C0111,2026-08-11 21:35:00,product_discovery,P025,success,website,,,,,,
C0111,2026-08-11 21:40:00,product_view,P025,success,website,,,,,,
C0112,2026-08-07 08:40:00,product_discovery,P010,success,mobile_app,,,,,,
C0112,2026-08-07 08:42:00,product_view,P010,success,mobile_app,,,,,,
C0112,2026-08-07 08:48:00,cart_add,P010,success,mobile_app,,,,,,
C0112,2026-08-07 08:53:00,cart_add,P010,abandoned,mobile_app,,,,,,Delivery cost too high
C0113,2026-08-15 21:19:00,product_discovery,P034,success,website,,,,,,
C0113,2026-08-15 21:21:00,product_view,P034,success,website,,,,,,
C0113,2026-08-15 21:25:00,cart_add,P034,success,website,,,,,,
C0113,2026-08-15 21:36:00,checkout_start,P034,success,website,,,,,,
C0113,2026-08-15 21:42:00,payment_attempt,P034,success,website,TXNC01136399,,,,,
C0113,2026-08-15 21:43:00,payment_failure,P034,failed,website,TXNC01136399,,,,,
C0114,2026-08-01 19:02:00,product_discovery,P007,success,mobile_app,,,,,,
C0114,2026-08-01 19:05:00,product_view,P007,success,mobile_app,,,,,,
C0114,2026-08-01 19:09:00,cart_add,P007,success,mobile_app,,,,,,
C0114,2026-08-01 19:11:00,checkout_start,P007,success,mobile_app,,,,,,
C0114,2026-08-01 19:18:00,payment_attempt,P007,success,mobile_app,TXNC01148907,,,,,
C0114,2026-08-01 19:23:00,payment_success,P007,success,mobile_app,TXNC01148907,,,,,
C0114,2026-08-01 19:26:00,order_confirmation,P007,success,mobile_app,TXNC01148907,ORDC01143533,,,,
C0114,2026-08-06 23:26:00,delivery,P007,success,mobile_app,,ORDC01143533,,,,
C0114,2026-08-06 23:26:00,purchase_reason_recorded,P007,info,mobile_app,TXNC01148907,ORDC01143533,Trusted brand,4.0,5.0,
C0115,2026-08-14 15:50:00,product_discovery,P033,success,website,,,,,,
C0115,2026-08-14 15:51:00,product_view,P033,success,website,,,,,,
C0115,2026-08-14 15:59:00,cart_add,P033,success,website,,,,,,
C0115,2026-08-14 16:11:00,checkout_start,P033,success,website,,,,,,
C0115,2026-08-14 16:19:00,payment_attempt,P033,success,website,TXNC01157792,,,,,
C0115,2026-08-14 16:24:00,payment_success,P033,success,website,TXNC01157792,,,,,
C0115,2026-08-14 16:26:00,order_confirmation,P033,success,website,TXNC01157792,ORDC01151079,,,,
C0115,2026-08-19 17:26:00,delivery,P033,success,website,,ORDC01151079,,,,
C0115,2026-08-26 17:26:00,return,P033,success,website,,ORDC01151079,,,,
C0115,2026-08-26 17:26:00,purchase_reason_recorded,P033,info,website,TXNC01157792,ORDC01151079,Trusted brand,4.0,4.0,
C0116,2026-08-19 21:12:00,product_discovery,P001,success,mobile_app,,,,,,
C0116,2026-08-19 21:15:00,product_view,P001,success,mobile_app,,,,,,
C0117,2026-08-06 21:59:00,product_discovery,P019,success,mobile_app,,,,,,
C0117,2026-08-06 22:03:00,product_view,P019,success,mobile_app,,,,,,
C0117,2026-08-06 22:06:00,cart_add,P019,success,mobile_app,,,,,,
C0117,2026-08-06 22:20:00,cart_add,P019,abandoned,mobile_app,,,,,,Delivery cost too high
C0118,2026-08-18 23:45:00,product_discovery,P025,success,website,,,,,,
C0118,2026-08-18 23:47:00,product_view,P025,success,website,,,,,,
C0118,2026-08-18 23:50:00,cart_add,P025,success,website,,,,,,
C0118,2026-08-18 23:58:00,cart_add,P025,abandoned,website,,,,,,Price too high
C0119,2026-08-06 01:03:00,product_discovery,P006,success,website,,,,,,
C0119,2026-08-06 01:06:00,product_view,P006,success,website,,,,,,
C0120,2026-08-06 06:08:00,product_discovery,P037,success,website,,,,,,
C0120,2026-08-06 06:12:00,product_view,P037,success,website,,,,,,
C0121,2026-08-18 11:45:00,product_discovery,P035,success,mobile_app,,,,,,
C0121,2026-08-18 11:46:00,product_view,P035,success,mobile_app,,,,,,
C0121,2026-08-18 11:55:00,cart_add,P035,success,mobile_app,,,,,,
C0121,2026-08-18 12:01:00,checkout_start,P035,success,mobile_app,,,,,,
C0122,2026-08-04 13:14:00,product_discovery,P024,success,website,,,,,,
C0122,2026-08-04 13:15:00,product_view,P024,success,website,,,,,,
C0122,2026-08-04 13:20:00,cart_add,P024,success,website,,,,,,
C0122,2026-08-04 13:24:00,checkout_start,P024,success,website,,,,,,
C0122,2026-08-04 13:30:00,payment_attempt,P024,success,website,TXNC01222855,,,,,
C0122,2026-08-04 13:34:00,payment_success,P024,success,website,TXNC01222855,,,,,
C0122,2026-08-04 13:37:00,order_confirmation,P024,success,website,TXNC01222855,ORDC01224494,,,,
C0123,2026-08-08 11:57:00,product_discovery,P024,success,website,,,,,,
C0123,2026-08-08 12:00:00,product_view,P024,success,website,,,,,,
C0124,2026-08-11 18:24:00,product_discovery,P019,success,website,,,,,,
C0124,2026-08-11 18:26:00,product_view,P019,success,website,,,,,,
C0125,2026-08-15 21:42:00,product_discovery,P025,success,website,,,,,,
C0125,2026-08-15 21:44:00,product_view,P025,success,website,,,,,,
C0126,2026-08-12 18:40:00,product_discovery,P037,success,mobile_app,,,,,,
C0126,2026-08-12 18:42:00,product_view,P037,success,mobile_app,,,,,,
C0126,2026-08-12 18:45:00,cart_add,P037,success,mobile_app,,,,,,
C0126,2026-08-12 18:56:00,cart_add,P037,abandoned,mobile_app,,,,,,Changed my mind
C0127,2026-08-02 14:48:00,product_discovery,P027,success,mobile_app,,,,,,
C0127,2026-08-02 14:49:00,product_view,P027,success,mobile_app,,,,,,
C0127,2026-08-02 14:56:00,cart_add,P027,success,mobile_app,,,,,,
C0127,2026-08-02 14:57:00,cart_add,P027,abandoned,mobile_app,,,,,,Changed my mind
C0128,2026-08-14 17:07:00,product_discovery,P021,success,mobile_app,,,,,,
C0128,2026-08-14 17:10:00,product_view,P021,success,mobile_app,,,,,,
C0128,2026-08-14 17:13:00,cart_add,P021,success,mobile_app,,,,,,
C0128,2026-08-14 17:16:00,cart_add,P021,abandoned,mobile_app,,,,,,Just browsing
C0129,2026-08-12 14:35:00,product_discovery,P013,success,website,,,,,,
C0129,2026-08-12 14:39:00,product_view,P013,success,website,,,,,,
C0130,2026-08-16 07:47:00,product_discovery,P018,success,website,,,,,,
C0130,2026-08-16 07:52:00,product_view,P018,success,website,,,,,,
C0131,2026-08-15 10:13:00,product_discovery,P004,success,website,,,,,,
C0131,2026-08-15 10:18:00,product_view,P004,success,website,,,,,,
C0132,2026-08-18 11:22:00,product_discovery,P015,success,website,,,,,,
C0132,2026-08-18 11:24:00,product_view,P015,success,website,,,,,,
C0133,2026-08-05 08:05:00,product_discovery,P012,success,website,,,,,,
C0133,2026-08-05 08:07:00,product_view,P012,success,website,,,,,,
C0134,2026-08-12 15:02:00,product_discovery,P024,success,website,,,,,,
C0134,2026-08-12 15:07:00,product_view,P024,success,website,,,,,,
C0134,2026-08-12 15:14:00,cart_add,P024,success,website,,,,,,
C0134,2026-08-12 15:17:00,cart_add,P024,abandoned,website,,,,,,Changed my mind
C0135,2026-08-17 18:55:00,product_discovery,P029,success,website,,,,,,
C0135,2026-08-17 18:59:00,product_view,P029,success,website,,,,,,
C0136,2026-08-10 20:12:00,product_discovery,P018,success,mobile_app,,,,,,
C0136,2026-08-10 20:16:00,product_view,P018,success,mobile_app,,,,,,
C0137,2026-08-12 17:51:00,product_discovery,P039,success,website,,,,,,
C0137,2026-08-12 17:53:00,product_view,P039,success,website,,,,,,
C0137,2026-08-12 18:00:00,cart_add,P039,success,website,,,,,,
C0137,2026-08-12 18:10:00,cart_add,P039,abandoned,website,,,,,,Technical issue at checkout
C0138,2026-08-12 12:26:00,product_discovery,P039,success,mobile_app,,,,,,
C0138,2026-08-12 12:29:00,product_view,P039,success,mobile_app,,,,,,
C0138,2026-08-12 12:38:00,cart_add,P039,success,mobile_app,,,,,,
C0138,2026-08-12 12:46:00,cart_add,P039,abandoned,mobile_app,,,,,,Delivery cost too high
C0139,2026-08-12 02:47:00,product_discovery,P036,success,website,,,,,,
C0139,2026-08-12 02:50:00,product_view,P036,success,website,,,,,,
C0140,2026-08-14 19:48:00,product_discovery,P036,success,mobile_app,,,,,,
C0140,2026-08-14 19:51:00,product_view,P036,success,mobile_app,,,,,,
C0141,2026-08-08 02:53:00,product_discovery,P008,success,mobile_app,,,,,,
C0141,2026-08-08 02:57:00,product_view,P008,success,mobile_app,,,,,,
C0142,2026-08-08 04:19:00,product_discovery,P005,success,website,,,,,,
C0142,2026-08-08 04:21:00,product_view,P005,success,website,,,,,,
C0143,2026-08-05 00:40:00,product_discovery,P025,success,website,,,,,,
C0143,2026-08-05 00:43:00,product_view,P025,success,website,,,,,,
C0143,2026-08-05 00:49:00,cart_add,P025,success,website,,,,,,
C0143,2026-08-05 01:02:00,cart_add,P025,abandoned,website,,,,,,Delivery cost too high
C0144,2026-08-09 16:49:00,product_discovery,P007,success,mobile_app,,,,,,
C0144,2026-08-09 16:50:00,product_view,P007,success,mobile_app,,,,,,
C0144,2026-08-09 16:57:00,cart_add,P007,success,mobile_app,,,,,,
C0144,2026-08-09 17:02:00,checkout_start,P007,success,mobile_app,,,,,,
C0144,2026-08-09 17:09:00,payment_attempt,P007,success,mobile_app,TXNC01445487,,,,,
C0144,2026-08-09 17:13:00,payment_success,P007,success,mobile_app,TXNC01445487,,,,,
C0144,2026-08-09 17:14:00,order_confirmation,P007,success,mobile_app,TXNC01445487,ORDC01447533,,,,
C0144,2026-08-13 20:14:00,delivery,P007,success,mobile_app,,ORDC01447533,,,,
C0144,2026-08-13 20:14:00,purchase_reason_recorded,P007,info,mobile_app,TXNC01445487,ORDC01447533,Needed it urgently,3.0,3.0,
C0145,2026-08-12 05:37:00,product_discovery,P039,success,mobile_app,,,,,,
C0145,2026-08-12 05:40:00,product_view,P039,success,mobile_app,,,,,,
C0146,2026-08-12 07:23:00,product_discovery,P008,success,website,,,,,,
C0146,2026-08-12 07:27:00,product_view,P008,success,website,,,,,,
C0147,2026-08-10 09:18:00,product_discovery,P015,success,mobile_app,,,,,,
C0147,2026-08-10 09:23:00,product_view,P015,success,mobile_app,,,,,,
C0147,2026-08-10 09:26:00,cart_add,P015,success,mobile_app,,,,,,
C0147,2026-08-10 09:31:00,checkout_start,P015,success,mobile_app,,,,,,
C0147,2026-08-10 09:38:00,payment_attempt,P015,success,mobile_app,TXNC01473394,,,,,
C0147,2026-08-10 09:43:00,payment_success,P015,success,mobile_app,TXNC01473394,,,,,
C0147,2026-08-10 09:45:00,order_confirmation,P015,success,mobile_app,TXNC01473394,ORDC01476865,,,,
C0147,2026-08-16 13:45:00,delivery,P015,success,mobile_app,,ORDC01476865,,,,
C0147,2026-08-21 13:45:00,review,P015,success,mobile_app,,ORDC01476865,,,,
C0147,2026-08-21 13:45:00,purchase_reason_recorded,P015,info,mobile_app,TXNC01473394,ORDC01476865,Trusted brand,3.0,2.0,
C0148,2026-08-13 21:42:00,product_discovery,P030,success,website,,,,,,
C0148,2026-08-13 21:43:00,product_view,P030,success,website,,,,,,
C0149,2026-08-14 03:42:00,product_discovery,P018,success,website,,,,,,
C0149,2026-08-14 03:46:00,product_view,P018,success,website,,,,,,
C0150,2026-08-20 20:17:00,product_discovery,P031,success,mobile_app,,,,,,
C0150,2026-08-20 20:21:00,product_view,P031,success,mobile_app,,,,,,
C0150,2026-08-20 20:23:00,cart_add,P031,success,mobile_app,,,,,,
C0150,2026-08-20 20:25:00,checkout_start,P031,success,mobile_app,,,,,,
C0150,2026-08-20 20:32:00,payment_attempt,P031,success,mobile_app,TXNC01505809,,,,,
C0150,2026-08-20 20:35:00,payment_failure,P031,failed,mobile_app,TXNC01505809,,,,,
C0151,2026-08-05 10:16:00,product_discovery,P006,success,website,,,,,,
C0151,2026-08-05 10:17:00,product_view,P006,success,website,,,,,,
C0152,2026-08-11 12:09:00,product_discovery,P038,success,website,,,,,,
C0152,2026-08-11 12:14:00,product_view,P038,success,website,,,,,,
C0153,2026-08-02 00:07:00,product_discovery,P023,success,mobile_app,,,,,,
C0153,2026-08-02 00:08:00,product_view,P023,success,mobile_app,,,,,,
C0154,2026-08-08 12:00:00,product_discovery,P040,success,mobile_app,,,,,,
C0154,2026-08-08 12:05:00,product_view,P040,success,mobile_app,,,,,,
C0154,2026-08-08 12:10:00,cart_add,P040,success,mobile_app,,,,,,
C0154,2026-08-08 12:18:00,checkout_start,P040,success,mobile_app,,,,,,
C0154,2026-08-08 12:22:00,payment_attempt,P040,success,mobile_app,TXNC01549728,,,,,
C0154,2026-08-08 12:27:00,payment_success,P040,success,mobile_app,TXNC01549728,,,,,
C0154,2026-08-08 12:30:00,order_confirmation,P040,success,mobile_app,TXNC01549728,ORDC01548273,,,,
C0154,2026-08-12 13:30:00,delivery,P040,success,mobile_app,,ORDC01548273,,,,
C0154,2026-08-12 13:30:00,purchase_reason_recorded,P040,info,mobile_app,TXNC01549728,ORDC01548273,Good price,3.0,4.0,
C0155,2026-08-18 18:34:00,product_discovery,P034,success,website,,,,,,
C0155,2026-08-18 18:39:00,product_view,P034,success,website,,,,,,
C0155,2026-08-18 18:46:00,cart_add,P034,success,website,,,,,,
C0155,2026-08-18 18:58:00,cart_add,P034,abandoned,website,,,,,,Technical issue at checkout
C0156,2026-08-14 19:37:00,product_discovery,P033,success,mobile_app,,,,,,
C0156,2026-08-14 19:40:00,product_view,P033,success,mobile_app,,,,,,
C0156,2026-08-14 19:42:00,cart_add,P033,success,mobile_app,,,,,,
C0156,2026-08-14 19:47:00,checkout_start,P033,success,mobile_app,,,,,,
C0156,2026-08-14 19:50:00,payment_attempt,P033,success,mobile_app,TXNC01568395,,,,,
C0156,2026-08-14 19:54:00,payment_success,P033,success,mobile_app,TXNC01568395,,,,,
C0156,2026-08-14 19:57:00,order_confirmation,P033,success,mobile_app,TXNC01568395,ORDC01561587,,,,
C0156,2026-08-21 20:57:00,delivery,P033,success,mobile_app,,ORDC01561587,,,,
C0156,2026-08-21 20:57:00,purchase_reason_recorded,P033,info,mobile_app,TXNC01568395,ORDC01561587,Needed it urgently,5.0,4.0,
C0157,2026-08-15 01:42:00,product_discovery,P033,success,website,,,,,,
C0157,2026-08-15 01:47:00,product_view,P033,success,website,,,,,,
C0158,2026-08-14 03:20:00,product_discovery,P006,success,mobile_app,,,,,,
C0158,2026-08-14 03:21:00,product_view,P006,success,mobile_app,,,,,,
C0158,2026-08-14 03:30:00,cart_add,P006,success,mobile_app,,,,,,
C0158,2026-08-14 03:41:00,checkout_start,P006,success,mobile_app,,,,,,
C0158,2026-08-14 03:47:00,payment_attempt,P006,success,mobile_app,TXNC01587576,,,,,
C0158,2026-08-14 03:50:00,payment_success,P006,success,mobile_app,TXNC01587576,,,,,
C0158,2026-08-14 03:53:00,order_confirmation,P006,success,mobile_app,TXNC01587576,ORDC01583956,,,,
C0158,2026-08-17 06:53:00,delivery,P006,success,mobile_app,,ORDC01583956,,,,
C0158,2026-08-24 06:53:00,return,P006,success,mobile_app,,ORDC01583956,,,,
C0158,2026-08-24 06:53:00,review,P006,success,mobile_app,,ORDC01583956,,,,
C0158,2026-08-24 06:53:00,purchase_reason_recorded,P006,info,mobile_app,TXNC01587576,ORDC01583956,Good price,2.0,2.0,
C0159,2026-08-17 02:14:00,product_discovery,P015,success,website,,,,,,
C0159,2026-08-17 02:16:00,product_view,P015,success,website,,,,,,
C0159,2026-08-17 02:20:00,cart_add,P015,success,website,,,,,,
C0159,2026-08-17 02:32:00,cart_add,P015,abandoned,website,,,,,,Price too high
C0160,2026-08-16 07:28:00,product_discovery,P016,success,mobile_app,,,,,,
C0160,2026-08-16 07:32:00,product_view,P016,success,mobile_app,,,,,,
C0160,2026-08-16 07:35:00,cart_add,P016,success,mobile_app,,,,,,
C0160,2026-08-16 07:46:00,checkout_start,P016,success,mobile_app,,,,,,
C0160,2026-08-16 07:50:00,payment_attempt,P016,success,mobile_app,TXNC01607889,,,,,
C0160,2026-08-16 07:55:00,payment_failure,P016,failed,mobile_app,TXNC01607889,,,,,
C0161,2026-08-03 14:29:00,product_discovery,P011,success,mobile_app,,,,,,
C0161,2026-08-03 14:34:00,product_view,P011,success,mobile_app,,,,,,
C0162,2026-08-15 08:18:00,product_discovery,P017,success,mobile_app,,,,,,
C0162,2026-08-15 08:23:00,product_view,P017,success,mobile_app,,,,,,
C0163,2026-08-10 14:36:00,product_discovery,P030,success,website,,,,,,
C0163,2026-08-10 14:37:00,product_view,P030,success,website,,,,,,
C0164,2026-08-17 11:22:00,product_discovery,P037,success,website,,,,,,
C0164,2026-08-17 11:25:00,product_view,P037,success,website,,,,,,
C0164,2026-08-17 11:26:00,cart_add,P037,success,website,,,,,,
C0164,2026-08-17 11:30:00,cart_add,P037,abandoned,website,,,,,,Technical issue at checkout
C0165,2026-08-20 20:33:00,product_discovery,P016,success,website,,,,,,
C0165,2026-08-20 20:35:00,product_view,P016,success,website,,,,,,
C0166,2026-08-06 23:30:00,product_discovery,P027,success,website,,,,,,
C0166,2026-08-06 23:34:00,product_view,P027,success,website,,,,,,
C0166,2026-08-06 23:42:00,cart_add,P027,success,website,,,,,,
C0166,2026-08-06 23:46:00,checkout_start,P027,success,website,,,,,,
C0166,2026-08-06 23:48:00,payment_attempt,P027,success,website,TXNC01669255,,,,,
C0166,2026-08-06 23:49:00,payment_success,P027,success,website,TXNC01669255,,,,,
C0166,2026-08-06 23:51:00,order_confirmation,P027,success,website,TXNC01669255,ORDC01668651,,,,
C0166,2026-08-10 01:51:00,delivery,P027,success,website,,ORDC01668651,,,,
C0166,2026-08-10 01:51:00,purchase_reason_recorded,P027,info,website,TXNC01669255,ORDC01668651,Fast delivery promised,2.0,4.0,
C0167,2026-08-11 04:50:00,product_discovery,P023,success,mobile_app,,,,,,
C0167,2026-08-11 04:52:00,product_view,P023,success,mobile_app,,,,,,
C0167,2026-08-11 04:58:00,cart_add,P023,success,mobile_app,,,,,,
C0167,2026-08-11 05:02:00,checkout_start,P023,success,mobile_app,,,,,,
C0168,2026-08-20 12:35:00,product_discovery,P029,success,website,,,,,,
C0168,2026-08-20 12:40:00,product_view,P029,success,website,,,,,,
C0168,2026-08-20 12:41:00,cart_add,P029,success,website,,,,,,
C0168,2026-08-20 12:50:00,cart_add,P029,abandoned,website,,,,,,Changed my mind
C0169,2026-08-18 16:03:00,product_discovery,P012,success,mobile_app,,,,,,
C0169,2026-08-18 16:04:00,product_view,P012,success,mobile_app,,,,,,
C0170,2026-08-15 12:30:00,product_discovery,P011,success,website,,,,,,
C0170,2026-08-15 12:34:00,product_view,P011,success,website,,,,,,
C0171,2026-08-14 18:00:00,product_discovery,P006,success,mobile_app,,,,,,
C0171,2026-08-14 18:03:00,product_view,P006,success,mobile_app,,,,,,
C0171,2026-08-14 18:09:00,cart_add,P006,success,mobile_app,,,,,,
C0171,2026-08-14 18:18:00,cart_add,P006,abandoned,mobile_app,,,,,,Found a better deal elsewhere
C0172,2026-08-20 03:36:00,product_discovery,P037,success,website,,,,,,
C0172,2026-08-20 03:37:00,product_view,P037,success,website,,,,,,
C0173,2026-08-16 19:38:00,product_discovery,P034,success,website,,,,,,
C0173,2026-08-16 19:41:00,product_view,P034,success,website,,,,,,
C0174,2026-08-14 17:21:00,product_discovery,P036,success,mobile_app,,,,,,
C0175,2026-08-06 15:51:00,product_discovery,P023,success,website,,,,,,
C0175,2026-08-06 15:53:00,product_view,P023,success,website,,,,,,
C0176,2026-08-16 05:40:00,product_discovery,P037,success,website,,,,,,
C0176,2026-08-16 05:45:00,product_view,P037,success,website,,,,,,
C0177,2026-08-16 08:44:00,product_discovery,P033,success,mobile_app,,,,,,
C0177,2026-08-16 08:49:00,product_view,P033,success,mobile_app,,,,,,
C0178,2026-08-07 10:12:00,product_discovery,P007,success,website,,,,,,
C0178,2026-08-07 10:16:00,product_view,P007,success,website,,,,,,
C0179,2026-08-03 08:10:00,product_discovery,P022,success,mobile_app,,,,,,
C0180,2026-08-16 08:53:00,product_discovery,P033,success,website,,,,,,
C0180,2026-08-16 08:58:00,product_view,P033,success,website,,,,,,
C0180,2026-08-16 09:00:00,cart_add,P033,success,website,,,,,,
C0180,2026-08-16 09:09:00,checkout_start,P033,success,website,,,,,,
C0180,2026-08-16 09:11:00,payment_attempt,P033,success,website,TXNC01804785,,,,,
C0180,2026-08-16 09:15:00,payment_success,P033,success,website,TXNC01804785,,,,,
C0180,2026-08-16 09:16:00,order_confirmation,P033,success,website,TXNC01804785,ORDC01806748,,,,
C0180,2026-08-21 13:16:00,delivery,P033,success,website,,ORDC01806748,,,,
C0180,2026-08-21 13:16:00,purchase_reason_recorded,P033,info,website,TXNC01804785,ORDC01806748,Product reviews,2.0,4.0,
C0181,2026-08-13 02:59:00,product_discovery,P030,success,website,,,,,,
C0181,2026-08-13 03:04:00,product_view,P030,success,website,,,,,,
C0182,2026-08-04 21:24:00,product_discovery,P029,success,mobile_app,,,,,,
C0182,2026-08-04 21:25:00,product_view,P029,success,mobile_app,,,,,,
C0183,2026-08-18 03:24:00,product_discovery,P008,success,website,,,,,,
C0183,2026-08-18 03:27:00,product_view,P008,success,website,,,,,,
C0184,2026-08-18 13:57:00,product_discovery,P011,success,mobile_app,,,,,,
C0184,2026-08-18 14:00:00,product_view,P011,success,mobile_app,,,,,,
C0185,2026-08-11 11:32:00,product_discovery,P002,success,mobile_app,,,,,,
C0185,2026-08-11 11:34:00,product_view,P002,success,mobile_app,,,,,,
C0186,2026-08-04 14:33:00,product_discovery,P036,success,mobile_app,,,,,,
C0186,2026-08-04 14:38:00,product_view,P036,success,mobile_app,,,,,,
C0187,2026-08-05 16:04:00,product_discovery,P006,success,website,,,,,,
C0187,2026-08-05 16:09:00,product_view,P006,success,website,,,,,,
C0188,2026-08-14 05:38:00,product_discovery,P037,success,mobile_app,,,,,,
C0188,2026-08-14 05:41:00,product_view,P037,success,mobile_app,,,,,,
C0188,2026-08-14 05:43:00,cart_add,P037,success,mobile_app,,,,,,
C0188,2026-08-14 05:52:00,cart_add,P037,abandoned,mobile_app,,,,,,Technical issue at checkout
C0189,2026-08-12 20:36:00,product_discovery,P022,success,website,,,,,,
C0189,2026-08-12 20:39:00,product_view,P022,success,website,,,,,,
C0190,2026-08-02 17:06:00,product_discovery,P020,success,website,,,,,,
C0190,2026-08-02 17:09:00,product_view,P020,success,website,,,,,,
C0191,2026-08-01 20:06:00,product_discovery,P004,success,website,,,,,,
C0191,2026-08-01 20:07:00,product_view,P004,success,website,,,,,,
C0192,2026-08-16 00:35:00,product_discovery,P038,success,website,,,,,,
C0192,2026-08-16 00:40:00,product_view,P038,success,website,,,,,,
C0193,2026-08-12 08:54:00,product_discovery,P038,success,mobile_app,,,,,,
C0193,2026-08-12 08:55:00,product_view,P038,success,mobile_app,,,,,,
C0194,2026-08-07 16:38:00,product_discovery,P031,success,website,,,,,,
C0194,2026-08-07 16:41:00,product_view,P031,success,website,,,,,,
C0194,2026-08-07 16:46:00,cart_add,P031,success,website,,,,,,
C0194,2026-08-07 16:56:00,checkout_start,P031,success,website,,,,,,
C0195,2026-08-11 16:23:00,product_discovery,P039,success,mobile_app,,,,,,
C0196,2026-08-17 09:07:00,product_discovery,P010,success,website,,,,,,
C0196,2026-08-17 09:09:00,product_view,P010,success,website,,,,,,
C0197,2026-08-18 20:35:00,product_discovery,P014,success,mobile_app,,,,,,
C0197,2026-08-18 20:40:00,product_view,P014,success,mobile_app,,,,,,
C0197,2026-08-18 20:49:00,cart_add,P014,success,mobile_app,,,,,,
C0197,2026-08-18 20:53:00,checkout_start,P014,success,mobile_app,,,,,,
C0197,2026-08-18 20:54:00,payment_attempt,P014,success,mobile_app,TXNC01974094,,,,,
C0197,2026-08-18 20:59:00,payment_success,P014,success,mobile_app,TXNC01974094,,,,,
C0197,2026-08-18 21:01:00,order_confirmation,P014,success,mobile_app,TXNC01974094,ORDC01978095,,,,
C0198,2026-08-10 13:36:00,product_discovery,P028,success,mobile_app,,,,,,
C0198,2026-08-10 13:40:00,product_view,P028,success,mobile_app,,,,,,
C0199,2026-08-08 07:29:00,product_discovery,P022,success,mobile_app,,,,,,
C0199,2026-08-08 07:34:00,product_view,P022,success,mobile_app,,,,,,
C0200,2026-08-12 01:57:00,product_discovery,P002,success,mobile_app,,,,,,
C0200,2026-08-12 02:01:00,product_view,P002,success,mobile_app,,,,,,
C0201,2026-08-07 03:28:00,product_discovery,P027,success,mobile_app,,,,,,
C0201,2026-08-07 03:31:00,product_view,P027,success,mobile_app,,,,,,
C0201,2026-08-07 03:38:00,cart_add,P027,success,mobile_app,,,,,,
C0201,2026-08-07 03:40:00,checkout_start,P027,success,mobile_app,,,,,,
C0201,2026-08-07 03:48:00,payment_attempt,P027,success,mobile_app,TXNC02018004,,,,,
C0201,2026-08-07 03:52:00,payment_failure,P027,failed,mobile_app,TXNC02018004,,,,,
C0202,2026-08-17 13:39:00,product_discovery,P024,success,website,,,,,,
C0202,2026-08-17 13:41:00,product_view,P024,success,website,,,,,,
C0202,2026-08-17 13:49:00,cart_add,P024,success,website,,,,,,
C0202,2026-08-17 14:03:00,cart_add,P024,abandoned,website,,,,,,Found a better deal elsewhere
C0203,2026-08-12 11:55:00,product_discovery,P033,success,mobile_app,,,,,,
C0203,2026-08-12 11:59:00,product_view,P033,success,mobile_app,,,,,,
C0204,2026-08-05 04:49:00,product_discovery,P038,success,website,,,,,,
C0204,2026-08-05 04:54:00,product_view,P038,success,website,,,,,,
C0204,2026-08-05 05:00:00,cart_add,P038,success,website,,,,,,
C0204,2026-08-05 05:07:00,cart_add,P038,abandoned,website,,,,,,Delivery cost too high
C0205,2026-08-19 06:27:00,product_discovery,P019,success,website,,,,,,
C0205,2026-08-19 06:28:00,product_view,P019,success,website,,,,,,
C0206,2026-08-02 20:02:00,product_discovery,P015,success,mobile_app,,,,,,
C0206,2026-08-02 20:03:00,product_view,P015,success,mobile_app,,,,,,
C0206,2026-08-02 20:05:00,cart_add,P015,success,mobile_app,,,,,,
C0206,2026-08-02 20:11:00,cart_add,P015,abandoned,mobile_app,,,,,,Technical issue at checkout
C0207,2026-08-10 03:18:00,product_discovery,P021,success,website,,,,,,
C0207,2026-08-10 03:22:00,product_view,P021,success,website,,,,,,
C0207,2026-08-10 03:26:00,cart_add,P021,success,website,,,,,,
C0207,2026-08-10 03:35:00,cart_add,P021,abandoned,website,,,,,,Delivery cost too high
C0208,2026-08-04 07:37:00,product_discovery,P019,success,website,,,,,,
C0208,2026-08-04 07:41:00,product_view,P019,success,website,,,,,,
C0208,2026-08-04 07:44:00,cart_add,P019,success,website,,,,,,
C0208,2026-08-04 07:58:00,cart_add,P019,abandoned,website,,,,,,Changed my mind
C0209,2026-08-05 07:25:00,product_discovery,P023,success,mobile_app,,,,,,
C0209,2026-08-05 07:26:00,product_view,P023,success,mobile_app,,,,,,
C0210,2026-08-04 19:09:00,product_discovery,P017,success,website,,,,,,
C0210,2026-08-04 19:14:00,product_view,P017,success,website,,,,,,
C0211,2026-08-11 21:56:00,product_discovery,P005,success,mobile_app,,,,,,
C0211,2026-08-11 22:00:00,product_view,P005,success,mobile_app,,,,,,
C0212,2026-08-19 19:35:00,product_discovery,P027,success,website,,,,,,
C0212,2026-08-19 19:37:00,product_view,P027,success,website,,,,,,
C0212,2026-08-19 19:44:00,cart_add,P027,success,website,,,,,,
C0212,2026-08-19 19:46:00,checkout_start,P027,success,website,,,,,,
C0212,2026-08-19 19:48:00,payment_attempt,P027,success,website,TXNC02122805,,,,,
C0212,2026-08-19 19:51:00,payment_success,P027,success,website,TXNC02122805,,,,,
C0212,2026-08-19 19:53:00,order_confirmation,P027,success,website,TXNC02122805,ORDC02129380,,,,
C0212,2026-08-24 22:53:00,delivery,P027,success,website,,ORDC02129380,,,,
C0212,2026-09-05 22:53:00,review,P027,success,website,,ORDC02129380,,,,
C0212,2026-09-05 22:53:00,purchase_reason_recorded,P027,info,website,TXNC02122805,ORDC02129380,Trusted brand,5.0,5.0,
C0213,2026-08-02 08:59:00,product_discovery,P025,success,website,,,,,,
C0213,2026-08-02 09:00:00,product_view,P025,success,website,,,,,,
C0214,2026-08-19 19:02:00,product_discovery,P019,success,website,,,,,,
C0215,2026-08-10 18:06:00,product_discovery,P036,success,mobile_app,,,,,,
C0215,2026-08-10 18:07:00,product_view,P036,success,mobile_app,,,,,,
C0216,2026-08-14 23:19:00,product_discovery,P009,success,website,,,,,,
C0216,2026-08-14 23:23:00,product_view,P009,success,website,,,,,,
C0217,2026-08-18 22:04:00,product_discovery,P024,success,mobile_app,,,,,,
C0217,2026-08-18 22:07:00,product_view,P024,success,mobile_app,,,,,,
C0217,2026-08-18 22:10:00,cart_add,P024,success,mobile_app,,,,,,
C0217,2026-08-18 22:11:00,checkout_start,P024,success,mobile_app,,,,,,
C0217,2026-08-18 22:13:00,payment_attempt,P024,success,mobile_app,TXNC02172628,,,,,
C0217,2026-08-18 22:15:00,payment_success,P024,success,mobile_app,TXNC02172628,,,,,
C0217,2026-08-18 22:17:00,order_confirmation,P024,success,mobile_app,TXNC02172628,ORDC02177879,,,,
C0217,2026-08-26 00:17:00,delivery,P024,success,mobile_app,,ORDC02177879,,,,
C0217,2026-08-31 00:17:00,review,P024,success,mobile_app,,ORDC02177879,,,,
C0217,2026-08-31 00:17:00,purchase_reason_recorded,P024,info,mobile_app,TXNC02172628,ORDC02177879,Fast delivery promised,3.0,4.0,
C0217,2026-09-05 00:17:00,return,P024,success,mobile_app,,ORDC02177879,,,,
C0218,2026-08-12 02:19:00,product_discovery,P039,success,website,,,,,,
C0218,2026-08-12 02:22:00,product_view,P039,success,website,,,,,,
C0218,2026-08-12 02:27:00,cart_add,P039,success,website,,,,,,
C0218,2026-08-12 02:33:00,checkout_start,P039,success,website,,,,,,
C0218,2026-08-12 02:34:00,payment_attempt,P039,success,website,TXNC02183713,,,,,
C0218,2026-08-12 02:36:00,payment_success,P039,success,website,TXNC02183713,,,,,
C0218,2026-08-12 02:39:00,order_confirmation,P039,success,website,TXNC02183713,ORDC02188896,,,,
C0218,2026-08-16 06:39:00,delivery,P039,success,website,,ORDC02188896,,,,
C0218,2026-08-16 06:39:00,purchase_reason_recorded,P039,info,website,TXNC02183713,ORDC02188896,Fast delivery promised,4.0,4.0,
C0219,2026-08-10 04:29:00,product_discovery,P031,success,website,,,,,,
C0219,2026-08-10 04:33:00,product_view,P031,success,website,,,,,,
C0219,2026-08-10 04:40:00,cart_add,P031,success,website,,,,,,
C0219,2026-08-10 04:48:00,cart_add,P031,abandoned,website,,,,,,Changed my mind
C0220,2026-08-12 20:10:00,product_discovery,P012,success,website,,,,,,
C0221,2026-08-02 12:15:00,product_discovery,P016,success,mobile_app,,,,,,
C0221,2026-08-02 12:17:00,product_view,P016,success,mobile_app,,,,,,
C0221,2026-08-02 12:25:00,cart_add,P016,success,mobile_app,,,,,,
C0221,2026-08-02 12:27:00,checkout_start,P016,success,mobile_app,,,,,,
C0221,2026-08-02 12:30:00,payment_attempt,P016,success,mobile_app,TXNC02219369,,,,,
C0221,2026-08-02 12:32:00,payment_success,P016,success,mobile_app,TXNC02219369,,,,,
C0221,2026-08-02 12:34:00,order_confirmation,P016,success,mobile_app,TXNC02219369,ORDC02216251,,,,
C0221,2026-08-05 15:34:00,delivery,P016,success,mobile_app,,ORDC02216251,,,,
C0221,2026-08-05 15:34:00,purchase_reason_recorded,P016,info,mobile_app,TXNC02219369,ORDC02216251,Fast delivery promised,2.0,4.0,
C0222,2026-08-21 02:24:00,product_discovery,P027,success,mobile_app,,,,,,
C0222,2026-08-21 02:25:00,product_view,P027,success,mobile_app,,,,,,
C0222,2026-08-21 02:35:00,cart_add,P027,success,mobile_app,,,,,,
C0222,2026-08-21 02:45:00,checkout_start,P027,success,mobile_app,,,,,,
C0222,2026-08-21 02:51:00,payment_attempt,P027,success,mobile_app,TXNC02225968,,,,,
C0222,2026-08-21 02:52:00,payment_success,P027,success,mobile_app,TXNC02225968,,,,,
C0222,2026-08-21 02:54:00,order_confirmation,P027,success,mobile_app,TXNC02225968,ORDC02221820,,,,
C0222,2026-08-27 05:54:00,delivery,P027,success,mobile_app,,ORDC02221820,,,,
C0222,2026-09-03 05:54:00,review,P027,success,mobile_app,,ORDC02221820,,,,
C0222,2026-09-03 05:54:00,purchase_reason_recorded,P027,info,mobile_app,TXNC02225968,ORDC02221820,Trusted brand,5.0,2.0,
C0223,2026-08-09 15:41:00,product_discovery,P028,success,mobile_app,,,,,,
C0223,2026-08-09 15:42:00,product_view,P028,success,mobile_app,,,,,,
C0224,2026-08-05 04:51:00,product_discovery,P021,success,website,,,,,,
C0224,2026-08-05 04:53:00,product_view,P021,success,website,,,,,,
C0224,2026-08-05 04:58:00,cart_add,P021,success,website,,,,,,
C0224,2026-08-05 05:07:00,cart_add,P021,abandoned,website,,,,,,Changed my mind
C0225,2026-08-15 07:12:00,product_discovery,P002,success,website,,,,,,
C0225,2026-08-15 07:13:00,product_view,P002,success,website,,,,,,
C0225,2026-08-15 07:19:00,cart_add,P002,success,website,,,,,,
C0225,2026-08-15 07:23:00,cart_add,P002,abandoned,website,,,,,,Changed my mind
C0226,2026-08-02 17:36:00,product_discovery,P033,success,mobile_app,,,,,,
C0226,2026-08-02 17:40:00,product_view,P033,success,mobile_app,,,,,,
C0227,2026-08-16 02:40:00,product_discovery,P019,success,mobile_app,,,,,,
C0227,2026-08-16 02:43:00,product_view,P019,success,mobile_app,,,,,,
C0227,2026-08-16 02:52:00,cart_add,P019,success,mobile_app,,,,,,
C0227,2026-08-16 03:04:00,checkout_start,P019,success,mobile_app,,,,,,
C0227,2026-08-16 03:08:00,payment_attempt,P019,success,mobile_app,TXNC02274038,,,,,
C0227,2026-08-16 03:12:00,payment_success,P019,success,mobile_app,TXNC02274038,,,,,
C0227,2026-08-16 03:14:00,order_confirmation,P019,success,mobile_app,TXNC02274038,ORDC02276911,,,,
C0227,2026-08-19 04:14:00,delivery,P019,success,mobile_app,,ORDC02276911,,,,
C0227,2026-08-29 04:14:00,return,P019,success,mobile_app,,ORDC02276911,,,,
C0227,2026-08-29 04:14:00,purchase_reason_recorded,P019,info,mobile_app,TXNC02274038,ORDC02276911,Product reviews,3.0,3.0,
C0228,2026-08-17 13:35:00,product_discovery,P001,success,website,,,,,,
C0228,2026-08-17 13:39:00,product_view,P001,success,website,,,,,,
C0228,2026-08-17 13:49:00,cart_add,P001,success,website,,,,,,
C0228,2026-08-17 13:56:00,cart_add,P001,abandoned,website,,,,,,Changed my mind
C0229,2026-08-14 02:52:00,product_discovery,P027,success,website,,,,,,
C0229,2026-08-14 02:57:00,product_view,P027,success,website,,,,,,
C0229,2026-08-14 03:02:00,cart_add,P027,success,website,,,,,,
C0229,2026-08-14 03:03:00,cart_add,P027,abandoned,website,,,,,,Delivery cost too high
C0230,2026-08-18 13:57:00,product_discovery,P028,success,website,,,,,,
C0230,2026-08-18 13:59:00,product_view,P028,success,website,,,,,,
C0231,2026-08-15 14:36:00,product_discovery,P026,success,mobile_app,,,,,,
C0231,2026-08-15 14:41:00,product_view,P026,success,mobile_app,,,,,,
C0232,2026-08-09 17:20:00,product_discovery,P040,success,mobile_app,,,,,,
C0232,2026-08-09 17:25:00,product_view,P040,success,mobile_app,,,,,,
C0232,2026-08-09 17:34:00,cart_add,P040,success,mobile_app,,,,,,
C0232,2026-08-09 17:44:00,checkout_start,P040,success,mobile_app,,,,,,
C0232,2026-08-09 17:52:00,payment_attempt,P040,success,mobile_app,TXNC02328767,,,,,
C0232,2026-08-09 17:53:00,payment_success,P040,success,mobile_app,TXNC02328767,,,,,
C0232,2026-08-09 17:56:00,order_confirmation,P040,success,mobile_app,TXNC02328767,ORDC02325051,,,,
C0232,2026-08-13 20:56:00,delivery,P040,success,mobile_app,,ORDC02325051,,,,
C0232,2026-08-13 20:56:00,purchase_reason_recorded,P040,info,mobile_app,TXNC02328767,ORDC02325051,Trusted brand,5.0,4.0,
C0233,2026-08-21 05:31:00,product_discovery,P025,success,mobile_app,,,,,,
C0233,2026-08-21 05:33:00,product_view,P025,success,mobile_app,,,,,,
C0234,2026-08-04 03:26:00,product_discovery,P037,success,website,,,,,,
C0234,2026-08-04 03:28:00,product_view,P037,success,website,,,,,,
C0235,2026-08-10 04:31:00,product_discovery,P013,success,mobile_app,,,,,,
C0235,2026-08-10 04:35:00,product_view,P013,success,mobile_app,,,,,,
C0236,2026-08-02 15:14:00,product_discovery,P040,success,mobile_app,,,,,,
C0237,2026-08-08 04:14:00,product_discovery,P015,success,website,,,,,,
C0237,2026-08-08 04:18:00,product_view,P015,success,website,,,,,,
C0238,2026-08-07 13:48:00,product_discovery,P012,success,mobile_app,,,,,,
C0238,2026-08-07 13:50:00,product_view,P012,success,mobile_app,,,,,,
C0239,2026-08-15 14:17:00,product_discovery,P033,success,mobile_app,,,,,,
C0239,2026-08-15 14:21:00,product_view,P033,success,mobile_app,,,,,,
C0240,2026-08-09 22:43:00,product_discovery,P011,success,website,,,,,,
C0240,2026-08-09 22:46:00,product_view,P011,success,website,,,,,,
C0241,2026-08-19 04:28:00,product_discovery,P005,success,website,,,,,,
C0241,2026-08-19 04:32:00,product_view,P005,success,website,,,,,,
C0241,2026-08-19 04:39:00,cart_add,P005,success,website,,,,,,
C0241,2026-08-19 04:46:00,cart_add,P005,abandoned,website,,,,,,Delivery cost too high
C0242,2026-08-20 01:11:00,product_discovery,P021,success,website,,,,,,
C0242,2026-08-20 01:13:00,product_view,P021,success,website,,,,,,
C0243,2026-08-20 07:59:00,product_discovery,P022,success,mobile_app,,,,,,
C0243,2026-08-20 08:00:00,product_view,P022,success,mobile_app,,,,,,
C0244,2026-08-12 19:08:00,product_discovery,P022,success,mobile_app,,,,,,
C0244,2026-08-12 19:10:00,product_view,P022,success,mobile_app,,,,,,
C0245,2026-08-03 05:31:00,product_discovery,P012,success,mobile_app,,,,,,
C0246,2026-08-19 06:46:00,product_discovery,P010,success,website,,,,,,
C0246,2026-08-19 06:51:00,product_view,P010,success,website,,,,,,
C0247,2026-08-19 07:07:00,product_discovery,P033,success,mobile_app,,,,,,
C0247,2026-08-19 07:08:00,product_view,P033,success,mobile_app,,,,,,
C0247,2026-08-19 07:12:00,cart_add,P033,success,mobile_app,,,,,,
C0247,2026-08-19 07:24:00,cart_add,P033,abandoned,mobile_app,,,,,,Delivery cost too high
C0248,2026-08-14 23:22:00,product_discovery,P025,success,mobile_app,,,,,,
C0248,2026-08-14 23:23:00,product_view,P025,success,mobile_app,,,,,,
C0248,2026-08-14 23:33:00,cart_add,P025,success,mobile_app,,,,,,
C0248,2026-08-14 23:34:00,checkout_start,P025,success,mobile_app,,,,,,
C0248,2026-08-14 23:38:00,payment_attempt,P025,success,mobile_app,TXNC02481559,,,,,
C0248,2026-08-14 23:40:00,payment_success,P025,success,mobile_app,TXNC02481559,,,,,
C0248,2026-08-14 23:42:00,order_confirmation,P025,success,mobile_app,TXNC02481559,ORDC02483695,,,,
C0248,2026-08-18 01:42:00,delivery,P025,success,mobile_app,,ORDC02483695,,,,
C0248,2026-08-18 01:42:00,purchase_reason_recorded,P025,info,mobile_app,TXNC02481559,ORDC02483695,Fast delivery promised,3.0,5.0,
C0249,2026-08-09 08:28:00,product_discovery,P038,success,website,,,,,,
C0249,2026-08-09 08:32:00,product_view,P038,success,website,,,,,,
C0250,2026-08-18 00:44:00,product_discovery,P007,success,mobile_app,,,,,,
C0250,2026-08-18 00:49:00,product_view,P007,success,mobile_app,,,,,,
C0251,2026-08-13 22:20:00,product_discovery,P004,success,mobile_app,,,,,,
C0251,2026-08-13 22:24:00,product_view,P004,success,mobile_app,,,,,,
C0252,2026-08-02 10:30:00,product_discovery,P012,success,mobile_app,,,,,,
C0253,2026-08-17 09:17:00,product_discovery,P014,success,mobile_app,,,,,,
C0253,2026-08-17 09:18:00,product_view,P014,success,mobile_app,,,,,,
C0253,2026-08-17 09:28:00,cart_add,P014,success,mobile_app,,,,,,
C0253,2026-08-17 09:43:00,cart_add,P014,abandoned,mobile_app,,,,,,Changed my mind
C0254,2026-08-04 20:20:00,product_discovery,P005,success,website,,,,,,
C0255,2026-08-20 05:40:00,product_discovery,P040,success,website,,,,,,
C0255,2026-08-20 05:44:00,product_view,P040,success,website,,,,,,
C0255,2026-08-20 05:48:00,cart_add,P040,success,website,,,,,,
C0255,2026-08-20 05:57:00,checkout_start,P040,success,website,,,,,,
C0255,2026-08-20 06:01:00,payment_attempt,P040,success,website,TXNC02559565,,,,,
C0255,2026-08-20 06:03:00,payment_success,P040,success,website,TXNC02559565,,,,,
C0255,2026-08-20 06:05:00,order_confirmation,P040,success,website,TXNC02559565,ORDC02558221,,,,
C0255,2026-08-25 07:05:00,delivery,P040,success,website,,ORDC02558221,,,,
C0255,2026-08-28 07:05:00,return,P040,success,website,,ORDC02558221,,,,
C0255,2026-08-28 07:05:00,purchase_reason_recorded,P040,info,website,TXNC02559565,ORDC02558221,Product reviews,4.0,2.0,
C0256,2026-08-11 11:29:00,product_discovery,P006,success,mobile_app,,,,,,
C0256,2026-08-11 11:31:00,product_view,P006,success,mobile_app,,,,,,
C0257,2026-08-02 09:24:00,product_discovery,P040,success,mobile_app,,,,,,
C0257,2026-08-02 09:28:00,product_view,P040,success,mobile_app,,,,,,
C0258,2026-08-08 05:10:00,product_discovery,P024,success,website,,,,,,
C0258,2026-08-08 05:12:00,product_view,P024,success,website,,,,,,
C0259,2026-08-12 10:18:00,product_discovery,P006,success,website,,,,,,
C0259,2026-08-12 10:23:00,product_view,P006,success,website,,,,,,
C0259,2026-08-12 10:27:00,cart_add,P006,success,website,,,,,,
C0259,2026-08-12 10:30:00,checkout_start,P006,success,website,,,,,,
C0259,2026-08-12 10:34:00,payment_attempt,P006,success,website,TXNC02594560,,,,,
C0259,2026-08-12 10:36:00,payment_success,P006,success,website,TXNC02594560,,,,,
C0259,2026-08-12 10:39:00,order_confirmation,P006,success,website,TXNC02594560,ORDC02591863,,,,
C0259,2026-08-19 14:39:00,delivery,P006,success,website,,ORDC02591863,,,,
C0259,2026-08-19 14:39:00,purchase_reason_recorded,P006,info,website,TXNC02594560,ORDC02591863,Trusted brand,2.0,3.0,
C0260,2026-08-12 17:26:00,product_discovery,P030,success,website,,,,,,
C0260,2026-08-12 17:29:00,product_view,P030,success,website,,,,,,
C0260,2026-08-12 17:39:00,cart_add,P030,success,website,,,,,,
C0260,2026-08-12 17:45:00,cart_add,P030,abandoned,website,,,,,,Changed my mind
C0261,2026-08-04 18:29:00,product_discovery,P032,success,mobile_app,,,,,,
C0262,2026-08-19 17:58:00,product_discovery,P027,success,mobile_app,,,,,,
C0262,2026-08-19 18:00:00,product_view,P027,success,mobile_app,,,,,,
C0262,2026-08-19 18:02:00,cart_add,P027,success,mobile_app,,,,,,
C0262,2026-08-19 18:08:00,cart_add,P027,abandoned,mobile_app,,,,,,Technical issue at checkout
C0263,2026-08-02 01:05:00,product_discovery,P022,success,website,,,,,,
C0263,2026-08-02 01:07:00,product_view,P022,success,website,,,,,,
C0263,2026-08-02 01:09:00,cart_add,P022,success,website,,,,,,
C0263,2026-08-02 01:14:00,checkout_start,P022,success,website,,,,,,
C0264,2026-08-13 14:36:00,product_discovery,P005,success,website,,,,,,
C0264,2026-08-13 14:39:00,product_view,P005,success,website,,,,,,
C0265,2026-08-14 11:02:00,product_discovery,P014,success,mobile_app,,,,,,
C0266,2026-08-19 03:26:00,product_discovery,P037,success,mobile_app,,,,,,
C0266,2026-08-19 03:27:00,product_view,P037,success,mobile_app,,,,,,
C0267,2026-08-14 06:53:00,product_discovery,P039,success,mobile_app,,,,,,
C0267,2026-08-14 06:58:00,product_view,P039,success,mobile_app,,,,,,
C0268,2026-08-08 07:51:00,product_discovery,P019,success,website,,,,,,
C0268,2026-08-08 07:56:00,product_view,P019,success,website,,,,,,
C0269,2026-08-20 02:02:00,product_discovery,P031,success,website,,,,,,
C0269,2026-08-20 02:04:00,product_view,P031,success,website,,,,,,
C0270,2026-08-03 20:14:00,product_discovery,P024,success,mobile_app,,,,,,
C0270,2026-08-03 20:15:00,product_view,P024,success,mobile_app,,,,,,
C0271,2026-08-14 09:58:00,product_discovery,P018,success,mobile_app,,,,,,
C0271,2026-08-14 09:59:00,product_view,P018,success,mobile_app,,,,,,
C0271,2026-08-14 10:00:00,cart_add,P018,success,mobile_app,,,,,,
C0271,2026-08-14 10:09:00,cart_add,P018,abandoned,mobile_app,,,,,,Technical issue at checkout
C0272,2026-08-07 17:49:00,product_discovery,P040,success,mobile_app,,,,,,
C0272,2026-08-07 17:53:00,product_view,P040,success,mobile_app,,,,,,
C0273,2026-08-17 22:43:00,product_discovery,P035,success,website,,,,,,
C0273,2026-08-17 22:48:00,product_view,P035,success,website,,,,,,
C0274,2026-08-20 20:26:00,product_discovery,P024,success,mobile_app,,,,,,
C0275,2026-08-15 14:53:00,product_discovery,P040,success,website,,,,,,
C0275,2026-08-15 14:56:00,product_view,P040,success,website,,,,,,
C0276,2026-08-07 22:39:00,product_discovery,P025,success,mobile_app,,,,,,
C0276,2026-08-07 22:44:00,product_view,P025,success,mobile_app,,,,,,
C0276,2026-08-07 22:49:00,cart_add,P025,success,mobile_app,,,,,,
C0276,2026-08-07 23:00:00,cart_add,P025,abandoned,mobile_app,,,,,,Price too high
C0277,2026-08-08 15:35:00,product_discovery,P030,success,website,,,,,,
C0277,2026-08-08 15:40:00,product_view,P030,success,website,,,,,,
C0277,2026-08-08 15:47:00,cart_add,P030,success,website,,,,,,
C0277,2026-08-08 15:58:00,cart_add,P030,abandoned,website,,,,,,Delivery cost too high
C0278,2026-08-06 20:05:00,product_discovery,P028,success,website,,,,,,
C0278,2026-08-06 20:06:00,product_view,P028,success,website,,,,,,
C0278,2026-08-06 20:11:00,cart_add,P028,success,website,,,,,,
C0278,2026-08-06 20:25:00,checkout_start,P028,success,website,,,,,,
C0278,2026-08-06 20:30:00,payment_attempt,P028,success,website,TXNC02781958,,,,,
C0278,2026-08-06 20:32:00,payment_success,P028,success,website,TXNC02781958,,,,,
C0278,2026-08-06 20:34:00,order_confirmation,P028,success,website,TXNC02781958,ORDC02782584,,,,
C0278,2026-08-08 23:34:00,delivery,P028,success,website,,ORDC02782584,,,,
C0278,2026-08-17 23:34:00,review,P028,success,website,,ORDC02782584,,,,
C0278,2026-08-17 23:34:00,purchase_reason_recorded,P028,info,website,TXNC02781958,ORDC02782584,Trusted brand,3.0,3.0,
C0279,2026-08-17 02:02:00,product_discovery,P003,success,mobile_app,,,,,,
C0279,2026-08-17 02:03:00,product_view,P003,success,mobile_app,,,,,,
C0280,2026-08-15 09:06:00,product_discovery,P020,success,website,,,,,,
C0280,2026-08-15 09:08:00,product_view,P020,success,website,,,,,,
C0280,2026-08-15 09:15:00,cart_add,P020,success,website,,,,,,
C0280,2026-08-15 09:24:00,cart_add,P020,abandoned,website,,,,,,Technical issue at checkout
C0281,2026-08-20 00:59:00,product_discovery,P005,success,mobile_app,,,,,,
C0281,2026-08-20 01:03:00,product_view,P005,success,mobile_app,,,,,,
C0282,2026-08-10 05:25:00,product_discovery,P006,success,mobile_app,,,,,,
C0282,2026-08-10 05:29:00,product_view,P006,success,mobile_app,,,,,,
C0282,2026-08-10 05:37:00,cart_add,P006,success,mobile_app,,,,,,
C0282,2026-08-10 05:48:00,checkout_start,P006,success,mobile_app,,,,,,
C0282,2026-08-10 05:56:00,payment_attempt,P006,success,mobile_app,TXNC02829784,,,,,
C0282,2026-08-10 06:00:00,payment_success,P006,success,mobile_app,TXNC02829784,,,,,
C0282,2026-08-10 06:01:00,order_confirmation,P006,success,mobile_app,TXNC02829784,ORDC02824184,,,,
C0282,2026-08-16 09:01:00,delivery,P006,success,mobile_app,,ORDC02824184,,,,
C0282,2026-08-18 09:01:00,review,P006,success,mobile_app,,ORDC02824184,,,,
C0282,2026-08-18 09:01:00,purchase_reason_recorded,P006,info,mobile_app,TXNC02829784,ORDC02824184,Trusted brand,2.0,5.0,
C0283,2026-08-14 10:53:00,product_discovery,P020,success,website,,,,,,
C0283,2026-08-14 10:54:00,product_view,P020,success,website,,,,,,
C0284,2026-08-02 07:31:00,product_discovery,P031,success,website,,,,,,
C0284,2026-08-02 07:36:00,product_view,P031,success,website,,,,,,
C0284,2026-08-02 07:43:00,cart_add,P031,success,website,,,,,,
C0284,2026-08-02 07:58:00,cart_add,P031,abandoned,website,,,,,,Found a better deal elsewhere
C0285,2026-08-08 03:41:00,product_discovery,P013,success,mobile_app,,,,,,
C0285,2026-08-08 03:42:00,product_view,P013,success,mobile_app,,,,,,
C0286,2026-08-18 16:30:00,product_discovery,P029,success,mobile_app,,,,,,
C0286,2026-08-18 16:35:00,product_view,P029,success,mobile_app,,,,,,
C0287,2026-08-13 08:54:00,product_discovery,P020,success,website,,,,,,
C0287,2026-08-13 08:56:00,product_view,P020,success,website,,,,,,
C0287,2026-08-13 09:02:00,cart_add,P020,success,website,,,,,,
C0287,2026-08-13 09:12:00,cart_add,P020,abandoned,website,,,,,,Price too high
C0288,2026-08-13 16:04:00,product_discovery,P040,success,mobile_app,,,,,,
C0288,2026-08-13 16:05:00,product_view,P040,success,mobile_app,,,,,,
C0288,2026-08-13 16:11:00,cart_add,P040,success,mobile_app,,,,,,
C0288,2026-08-13 16:12:00,checkout_start,P040,success,mobile_app,,,,,,
C0288,2026-08-13 16:17:00,payment_attempt,P040,success,mobile_app,TXNC02881015,,,,,
C0288,2026-08-13 16:19:00,payment_success,P040,success,mobile_app,TXNC02881015,,,,,
C0288,2026-08-13 16:21:00,order_confirmation,P040,success,mobile_app,TXNC02881015,ORDC02881132,,,,
C0288,2026-08-19 20:21:00,delivery,P040,success,mobile_app,,ORDC02881132,,,,
C0288,2026-08-26 20:21:00,review,P040,success,mobile_app,,ORDC02881132,,,,
C0288,2026-08-26 20:21:00,purchase_reason_recorded,P040,info,mobile_app,TXNC02881015,ORDC02881132,Fast delivery promised,4.0,3.0,
C0289,2026-08-15 13:12:00,product_discovery,P003,success,mobile_app,,,,,,
C0289,2026-08-15 13:16:00,product_view,P003,success,mobile_app,,,,,,
C0290,2026-08-06 09:09:00,product_discovery,P026,success,mobile_app,,,,,,
C0290,2026-08-06 09:13:00,product_view,P026,success,mobile_app,,,,,,
C0291,2026-08-06 20:36:00,product_discovery,P018,success,website,,,,,,
C0291,2026-08-06 20:37:00,product_view,P018,success,website,,,,,,
C0291,2026-08-06 20:46:00,cart_add,P018,success,website,,,,,,
C0291,2026-08-06 20:55:00,cart_add,P018,abandoned,website,,,,,,Delivery cost too high
C0292,2026-08-03 13:09:00,product_discovery,P015,success,website,,,,,,
C0292,2026-08-03 13:10:00,product_view,P015,success,website,,,,,,
C0293,2026-08-16 10:59:00,product_discovery,P034,success,website,,,,,,
C0293,2026-08-16 11:03:00,product_view,P034,success,website,,,,,,
C0293,2026-08-16 11:13:00,cart_add,P034,success,website,,,,,,
C0293,2026-08-16 11:24:00,cart_add,P034,abandoned,website,,,,,,Price too high
C0294,2026-08-17 12:40:00,product_discovery,P020,success,website,,,,,,
C0294,2026-08-17 12:43:00,product_view,P020,success,website,,,,,,
C0295,2026-08-07 11:54:00,product_discovery,P002,success,mobile_app,,,,,,
C0296,2026-08-08 22:42:00,product_discovery,P016,success,website,,,,,,
C0296,2026-08-08 22:44:00,product_view,P016,success,website,,,,,,
C0296,2026-08-08 22:50:00,cart_add,P016,success,website,,,,,,
C0296,2026-08-08 22:56:00,cart_add,P016,abandoned,website,,,,,,Just browsing
C0297,2026-08-20 07:43:00,product_discovery,P026,success,mobile_app,,,,,,
C0297,2026-08-20 07:47:00,product_view,P026,success,mobile_app,,,,,,
C0298,2026-08-02 21:07:00,product_discovery,P026,success,mobile_app,,,,,,
C0298,2026-08-02 21:10:00,product_view,P026,success,mobile_app,,,,,,
C0298,2026-08-02 21:16:00,cart_add,P026,success,mobile_app,,,,,,
C0298,2026-08-02 21:18:00,cart_add,P026,abandoned,mobile_app,,,,,,Found a better deal elsewhere
C0299,2026-08-17 09:39:00,product_discovery,P030,success,mobile_app,,,,,,
C0299,2026-08-17 09:40:00,product_view,P030,success,mobile_app,,,,,,
C0300,2026-08-12 13:53:00,product_discovery,P005,success,mobile_app,,,,,,
C0301,2026-08-11 06:50:00,product_discovery,P034,success,mobile_app,,,,,,
C0302,2026-08-09 01:49:00,product_discovery,P002,success,website,,,,,,
C0302,2026-08-09 01:53:00,product_view,P002,success,website,,,,,,
C0303,2026-08-07 16:52:00,product_discovery,P021,success,mobile_app,,,,,,
C0303,2026-08-07 16:55:00,product_view,P021,success,mobile_app,,,,,,
C0304,2026-08-02 09:29:00,product_discovery,P020,success,website,,,,,,
C0304,2026-08-02 09:33:00,product_view,P020,success,website,,,,,,
C0304,2026-08-02 09:42:00,cart_add,P020,success,website,,,,,,
C0304,2026-08-02 09:50:00,cart_add,P020,abandoned,website,,,,,,Price too high
C0305,2026-08-14 14:00:00,product_discovery,P027,success,mobile_app,,,,,,
C0305,2026-08-14 14:02:00,product_view,P027,success,mobile_app,,,,,,
C0306,2026-08-15 01:56:00,product_discovery,P038,success,mobile_app,,,,,,
C0306,2026-08-15 01:58:00,product_view,P038,success,mobile_app,,,,,,
C0306,2026-08-15 02:01:00,cart_add,P038,success,mobile_app,,,,,,
C0306,2026-08-15 02:05:00,cart_add,P038,abandoned,mobile_app,,,,,,Found a better deal elsewhere
C0307,2026-08-18 13:30:00,product_discovery,P037,success,website,,,,,,
C0307,2026-08-18 13:34:00,product_view,P037,success,website,,,,,,
C0307,2026-08-18 13:38:00,cart_add,P037,success,website,,,,,,
C0307,2026-08-18 13:47:00,checkout_start,P037,success,website,,,,,,
C0307,2026-08-18 13:51:00,payment_attempt,P037,success,website,TXNC03076354,,,,,
C0307,2026-08-18 13:56:00,payment_success,P037,success,website,TXNC03076354,,,,,
C0307,2026-08-18 13:59:00,order_confirmation,P037,success,website,TXNC03076354,ORDC03079921,,,,
C0307,2026-08-21 17:59:00,delivery,P037,success,website,,ORDC03079921,,,,
C0307,2026-08-21 17:59:00,purchase_reason_recorded,P037,info,website,TXNC03076354,ORDC03079921,Product reviews,5.0,5.0,
C0308,2026-08-11 06:43:00,product_discovery,P030,success,mobile_app,,,,,,
C0308,2026-08-11 06:48:00,product_view,P030,success,mobile_app,,,,,,
C0308,2026-08-11 06:53:00,cart_add,P030,success,mobile_app,,,,,,
C0308,2026-08-11 06:58:00,checkout_start,P030,success,mobile_app,,,,,,
C0308,2026-08-11 07:05:00,payment_attempt,P030,success,mobile_app,TXNC03081374,,,,,
C0308,2026-08-11 07:09:00,payment_success,P030,success,mobile_app,TXNC03081374,,,,,
C0308,2026-08-11 07:10:00,order_confirmation,P030,success,mobile_app,TXNC03081374,ORDC03086832,,,,
C0308,2026-08-16 10:10:00,delivery,P030,success,mobile_app,,ORDC03086832,,,,
C0308,2026-08-16 10:10:00,purchase_reason_recorded,P030,info,mobile_app,TXNC03081374,ORDC03086832,Product reviews,3.0,3.0,
C0309,2026-08-08 06:25:00,product_discovery,P016,success,website,,,,,,
C0310,2026-08-15 20:04:00,product_discovery,P016,success,website,,,,,,
C0310,2026-08-15 20:07:00,product_view,P016,success,website,,,,,,
C0311,2026-08-18 18:32:00,product_discovery,P035,success,mobile_app,,,,,,
C0311,2026-08-18 18:35:00,product_view,P035,success,mobile_app,,,,,,
C0312,2026-08-03 02:57:00,product_discovery,P018,success,website,,,,,,
C0312,2026-08-03 03:02:00,product_view,P018,success,website,,,,,,
C0313,2026-08-20 18:48:00,product_discovery,P026,success,website,,,,,,
C0313,2026-08-20 18:53:00,product_view,P026,success,website,,,,,,
C0314,2026-08-04 16:02:00,product_discovery,P033,success,website,,,,,,
C0314,2026-08-04 16:05:00,product_view,P033,success,website,,,,,,
C0315,2026-08-19 06:50:00,product_discovery,P013,success,mobile_app,,,,,,
C0315,2026-08-19 06:55:00,product_view,P013,success,mobile_app,,,,,,
C0316,2026-08-16 16:03:00,product_discovery,P006,success,mobile_app,,,,,,
C0316,2026-08-16 16:07:00,product_view,P006,success,mobile_app,,,,,,
C0317,2026-08-08 01:46:00,product_discovery,P036,success,website,,,,,,
C0317,2026-08-08 01:47:00,product_view,P036,success,website,,,,,,
C0318,2026-08-16 21:45:00,product_discovery,P010,success,mobile_app,,,,,,
C0319,2026-08-06 04:43:00,product_discovery,P009,success,website,,,,,,
C0320,2026-08-06 09:07:00,product_discovery,P005,success,website,,,,,,
C0320,2026-08-06 09:08:00,product_view,P005,success,website,,,,,,
C0320,2026-08-06 09:09:00,cart_add,P005,success,website,,,,,,
C0320,2026-08-06 09:13:00,cart_add,P005,abandoned,website,,,,,,Just browsing
C0321,2026-08-10 08:59:00,product_discovery,P002,success,mobile_app,,,,,,
C0321,2026-08-10 09:03:00,product_view,P002,success,mobile_app,,,,,,
C0321,2026-08-10 09:13:00,cart_add,P002,success,mobile_app,,,,,,
C0321,2026-08-10 09:22:00,checkout_start,P002,success,mobile_app,,,,,,
C0321,2026-08-10 09:27:00,payment_attempt,P002,success,mobile_app,TXNC03211553,,,,,
C0321,2026-08-10 09:32:00,payment_failure,P002,failed,mobile_app,TXNC03211553,,,,,
C0322,2026-08-08 06:34:00,product_discovery,P012,success,website,,,,,,
C0322,2026-08-08 06:38:00,product_view,P012,success,website,,,,,,
C0322,2026-08-08 06:41:00,cart_add,P012,success,website,,,,,,
C0322,2026-08-08 06:45:00,cart_add,P012,abandoned,website,,,,,,Found a better deal elsewhere
C0323,2026-08-20 01:05:00,product_discovery,P013,success,website,,,,,,
C0324,2026-08-07 12:54:00,product_discovery,P011,success,mobile_app,,,,,,
C0324,2026-08-07 12:56:00,product_view,P011,success,mobile_app,,,,,,
C0325,2026-08-13 02:05:00,product_discovery,P011,success,website,,,,,,
C0326,2026-08-17 05:45:00,product_discovery,P018,success,mobile_app,,,,,,
C0326,2026-08-17 05:47:00,product_view,P018,success,mobile_app,,,,,,
C0327,2026-08-10 22:35:00,product_discovery,P037,success,mobile_app,,,,,,
C0327,2026-08-10 22:38:00,product_view,P037,success,mobile_app,,,,,,
C0327,2026-08-10 22:47:00,cart_add,P037,success,mobile_app,,,,,,
C0327,2026-08-10 22:56:00,cart_add,P037,abandoned,mobile_app,,,,,,Price too high
C0328,2026-08-20 04:00:00,product_discovery,P021,success,mobile_app,,,,,,
C0329,2026-08-03 01:55:00,product_discovery,P020,success,website,,,,,,
C0330,2026-08-12 00:28:00,product_discovery,P005,success,mobile_app,,,,,,
C0330,2026-08-12 00:29:00,product_view,P005,success,mobile_app,,,,,,
C0331,2026-08-05 14:49:00,product_discovery,P025,success,mobile_app,,,,,,
C0331,2026-08-05 14:54:00,product_view,P025,success,mobile_app,,,,,,
C0331,2026-08-05 15:03:00,cart_add,P025,success,mobile_app,,,,,,
C0331,2026-08-05 15:09:00,cart_add,P025,abandoned,mobile_app,,,,,,Found a better deal elsewhere
C0332,2026-08-07 08:24:00,product_discovery,P007,success,mobile_app,,,,,,
C0333,2026-08-16 22:13:00,product_discovery,P037,success,website,,,,,,
C0333,2026-08-16 22:17:00,product_view,P037,success,website,,,,,,
C0334,2026-08-19 17:12:00,product_discovery,P011,success,website,,,,,,
C0334,2026-08-19 17:17:00,product_view,P011,success,website,,,,,,
C0334,2026-08-19 17:23:00,cart_add,P011,success,website,,,,,,
C0334,2026-08-19 17:27:00,checkout_start,P011,success,website,,,,,,
C0334,2026-08-19 17:32:00,payment_attempt,P011,success,website,TXNC03341753,,,,,
C0334,2026-08-19 17:33:00,payment_failure,P011,failed,website,TXNC03341753,,,,,
C0335,2026-08-17 15:51:00,product_discovery,P039,success,website,,,,,,
C0335,2026-08-17 15:54:00,product_view,P039,success,website,,,,,,
C0335,2026-08-17 16:04:00,cart_add,P039,success,website,,,,,,
C0335,2026-08-17 16:13:00,cart_add,P039,abandoned,website,,,,,,Delivery cost too high
C0336,2026-08-13 00:14:00,product_discovery,P010,success,mobile_app,,,,,,
C0336,2026-08-13 00:17:00,product_view,P010,success,mobile_app,,,,,,
C0336,2026-08-13 00:26:00,cart_add,P010,success,mobile_app,,,,,,
C0336,2026-08-13 00:33:00,cart_add,P010,abandoned,mobile_app,,,,,,Price too high
C0337,2026-08-16 07:42:00,product_discovery,P040,success,mobile_app,,,,,,
C0337,2026-08-16 07:45:00,product_view,P040,success,mobile_app,,,,,,
C0337,2026-08-16 07:46:00,cart_add,P040,success,mobile_app,,,,,,
C0337,2026-08-16 07:47:00,cart_add,P040,abandoned,mobile_app,,,,,,Changed my mind
C0338,2026-08-19 12:56:00,product_discovery,P026,success,website,,,,,,
C0339,2026-08-11 11:30:00,product_discovery,P009,success,website,,,,,,
C0339,2026-08-11 11:35:00,product_view,P009,success,website,,,,,,
C0340,2026-08-16 08:07:00,product_discovery,P005,success,mobile_app,,,,,,
C0340,2026-08-16 08:12:00,product_view,P005,success,mobile_app,,,,,,
C0340,2026-08-16 08:15:00,cart_add,P005,success,mobile_app,,,,,,
C0340,2026-08-16 08:27:00,cart_add,P005,abandoned,mobile_app,,,,,,Just browsing
C0341,2026-08-08 21:08:00,product_discovery,P002,success,website,,,,,,
C0341,2026-08-08 21:12:00,product_view,P002,success,website,,,,,,
C0342,2026-08-01 23:20:00,product_discovery,P020,success,mobile_app,,,,,,
C0342,2026-08-01 23:21:00,product_view,P020,success,mobile_app,,,,,,
C0342,2026-08-01 23:22:00,cart_add,P020,success,mobile_app,,,,,,
C0342,2026-08-01 23:31:00,cart_add,P020,abandoned,mobile_app,,,,,,Technical issue at checkout
C0343,2026-08-09 17:31:00,product_discovery,P038,success,website,,,,,,
C0343,2026-08-09 17:32:00,product_view,P038,success,website,,,,,,
C0344,2026-08-17 20:09:00,product_discovery,P006,success,website,,,,,,
C0344,2026-08-17 20:10:00,product_view,P006,success,website,,,,,,
C0344,2026-08-17 20:16:00,cart_add,P006,success,website,,,,,,
C0344,2026-08-17 20:27:00,cart_add,P006,abandoned,website,,,,,,Delivery cost too high
C0345,2026-08-03 14:57:00,product_discovery,P013,success,mobile_app,,,,,,
C0346,2026-08-20 12:17:00,product_discovery,P024,success,website,,,,,,
C0346,2026-08-20 12:19:00,product_view,P024,success,website,,,,,,
C0347,2026-08-15 23:08:00,product_discovery,P006,success,mobile_app,,,,,,
C0347,2026-08-15 23:11:00,product_view,P006,success,mobile_app,,,,,,
C0348,2026-08-19 17:42:00,product_discovery,P032,success,website,,,,,,
C0348,2026-08-19 17:43:00,product_view,P032,success,website,,,,,,
C0348,2026-08-19 17:52:00,cart_add,P032,success,website,,,,,,
C0348,2026-08-19 18:05:00,checkout_start,P032,success,website,,,,,,
C0348,2026-08-19 18:13:00,payment_attempt,P032,success,website,TXNC03487258,,,,,
C0348,2026-08-19 18:16:00,payment_success,P032,success,website,TXNC03487258,,,,,
C0348,2026-08-19 18:19:00,order_confirmation,P032,success,website,TXNC03487258,ORDC03489458,,,,
C0348,2026-08-21 22:19:00,delivery,P032,success,website,,ORDC03489458,,,,
C0348,2026-08-21 22:19:00,purchase_reason_recorded,P032,info,website,TXNC03487258,ORDC03489458,Trusted brand,5.0,4.0,
C0349,2026-08-21 07:17:00,product_discovery,P020,success,website,,,,,,
C0349,2026-08-21 07:19:00,product_view,P020,success,website,,,,,,
C0350,2026-08-03 19:37:00,product_discovery,P015,success,website,,,,,,
C0350,2026-08-03 19:41:00,product_view,P015,success,website,,,,,,
C0350,2026-08-03 19:48:00,cart_add,P015,success,website,,,,,,
C0350,2026-08-03 19:49:00,cart_add,P015,abandoned,website,,,,,,Price too high
C0351,2026-08-20 11:06:00,product_discovery,P002,success,mobile_app,,,,,,
C0351,2026-08-20 11:07:00,product_view,P002,success,mobile_app,,,,,,
C0351,2026-08-20 11:16:00,cart_add,P002,success,mobile_app,,,,,,
C0351,2026-08-20 11:31:00,cart_add,P002,abandoned,mobile_app,,,,,,Price too high
C0352,2026-08-14 11:23:00,product_discovery,P024,success,mobile_app,,,,,,
C0353,2026-08-06 13:06:00,product_discovery,P022,success,mobile_app,,,,,,
C0353,2026-08-06 13:08:00,product_view,P022,success,mobile_app,,,,,,
C0354,2026-08-05 06:15:00,product_discovery,P028,success,mobile_app,,,,,,
C0354,2026-08-05 06:17:00,product_view,P028,success,mobile_app,,,,,,
C0354,2026-08-05 06:21:00,cart_add,P028,success,mobile_app,,,,,,
C0354,2026-08-05 06:31:00,checkout_start,P028,success,mobile_app,,,,,,
C0355,2026-08-20 07:41:00,product_discovery,P017,success,website,,,,,,
C0355,2026-08-20 07:45:00,product_view,P017,success,website,,,,,,
C0355,2026-08-20 07:49:00,cart_add,P017,success,website,,,,,,
C0355,2026-08-20 07:53:00,cart_add,P017,abandoned,website,,,,,,Technical issue at checkout
C0356,2026-08-03 17:23:00,product_discovery,P026,success,mobile_app,,,,,,
C0356,2026-08-03 17:28:00,product_view,P026,success,mobile_app,,,,,,
C0356,2026-08-03 17:38:00,cart_add,P026,success,mobile_app,,,,,,
C0356,2026-08-03 17:45:00,cart_add,P026,abandoned,mobile_app,,,,,,Changed my mind
C0357,2026-08-13 11:56:00,product_discovery,P020,success,website,,,,,,
C0357,2026-08-13 11:58:00,product_view,P020,success,website,,,,,,
C0357,2026-08-13 12:06:00,cart_add,P020,success,website,,,,,,
C0357,2026-08-13 12:07:00,checkout_start,P020,success,website,,,,,,
C0357,2026-08-13 12:10:00,payment_attempt,P020,success,website,TXNC03579413,,,,,
C0357,2026-08-13 12:11:00,payment_failure,P020,failed,website,TXNC03579413,,,,,
C0358,2026-08-07 22:02:00,product_discovery,P031,success,mobile_app,,,,,,
C0359,2026-08-05 22:00:00,product_discovery,P023,success,mobile_app,,,,,,
C0359,2026-08-05 22:04:00,product_view,P023,success,mobile_app,,,,,,
C0359,2026-08-05 22:08:00,cart_add,P023,success,mobile_app,,,,,,
C0359,2026-08-05 22:13:00,cart_add,P023,abandoned,mobile_app,,,,,,Changed my mind
C0360,2026-08-19 09:43:00,product_discovery,P013,success,mobile_app,,,,,,
C0361,2026-08-19 18:26:00,product_discovery,P025,success,mobile_app,,,,,,
C0361,2026-08-19 18:30:00,product_view,P025,success,mobile_app,,,,,,
C0361,2026-08-19 18:32:00,cart_add,P025,success,mobile_app,,,,,,
C0361,2026-08-19 18:35:00,checkout_start,P025,success,mobile_app,,,,,,
C0361,2026-08-19 18:39:00,payment_attempt,P025,success,mobile_app,TXNC03618376,,,,,
C0361,2026-08-19 18:40:00,payment_success,P025,success,mobile_app,TXNC03618376,,,,,
C0361,2026-08-19 18:41:00,order_confirmation,P025,success,mobile_app,TXNC03618376,ORDC03613065,,,,
C0361,2026-08-25 22:41:00,delivery,P025,success,mobile_app,,ORDC03613065,,,,
C0361,2026-08-25 22:41:00,purchase_reason_recorded,P025,info,mobile_app,TXNC03618376,ORDC03613065,Product reviews,4.0,4.0,
C0362,2026-08-02 06:59:00,product_discovery,P022,success,mobile_app,,,,,,
C0362,2026-08-02 07:02:00,product_view,P022,success,mobile_app,,,,,,
C0362,2026-08-02 07:05:00,cart_add,P022,success,mobile_app,,,,,,
C0362,2026-08-02 07:14:00,cart_add,P022,abandoned,mobile_app,,,,,,Changed my mind
C0363,2026-08-13 00:05:00,product_discovery,P025,success,mobile_app,,,,,,
C0363,2026-08-13 00:07:00,product_view,P025,success,mobile_app,,,,,,
C0363,2026-08-13 00:15:00,cart_add,P025,success,mobile_app,,,,,,
C0363,2026-08-13 00:16:00,cart_add,P025,abandoned,mobile_app,,,,,,Price too high
C0364,2026-08-18 18:56:00,product_discovery,P031,success,mobile_app,,,,,,
C0364,2026-08-18 19:01:00,product_view,P031,success,mobile_app,,,,,,
C0364,2026-08-18 19:09:00,cart_add,P031,success,mobile_app,,,,,,
C0364,2026-08-18 19:20:00,cart_add,P031,abandoned,mobile_app,,,,,,Price too high
C0365,2026-08-21 02:32:00,product_discovery,P033,success,website,,,,,,
C0365,2026-08-21 02:33:00,product_view,P033,success,website,,,,,,
C0365,2026-08-21 02:40:00,cart_add,P033,success,website,,,,,,
C0365,2026-08-21 02:49:00,cart_add,P033,abandoned,website,,,,,,Delivery cost too high
C0366,2026-08-18 20:11:00,product_discovery,P034,success,website,,,,,,
C0366,2026-08-18 20:12:00,product_view,P034,success,website,,,,,,
C0367,2026-08-08 11:33:00,product_discovery,P039,success,mobile_app,,,,,,
C0367,2026-08-08 11:34:00,product_view,P039,success,mobile_app,,,,,,
C0368,2026-08-08 21:57:00,product_discovery,P008,success,mobile_app,,,,,,
C0368,2026-08-08 22:02:00,product_view,P008,success,mobile_app,,,,,,
C0369,2026-08-06 10:05:00,product_discovery,P038,success,mobile_app,,,,,,
C0369,2026-08-06 10:09:00,product_view,P038,success,mobile_app,,,,,,
C0370,2026-08-14 01:44:00,product_discovery,P022,success,mobile_app,,,,,,
C0370,2026-08-14 01:45:00,product_view,P022,success,mobile_app,,,,,,
C0371,2026-08-10 22:33:00,product_discovery,P034,success,mobile_app,,,,,,
C0372,2026-08-02 22:01:00,product_discovery,P015,success,website,,,,,,
C0372,2026-08-02 22:06:00,product_view,P015,success,website,,,,,,
C0372,2026-08-02 22:11:00,cart_add,P015,success,website,,,,,,
C0372,2026-08-02 22:18:00,checkout_start,P015,success,website,,,,,,
C0372,2026-08-02 22:24:00,payment_attempt,P015,success,website,TXNC03726846,,,,,
C0372,2026-08-02 22:28:00,payment_success,P015,success,website,TXNC03726846,,,,,
C0372,2026-08-02 22:30:00,order_confirmation,P015,success,website,TXNC03726846,ORDC03721260,,,,
C0372,2026-08-05 23:30:00,delivery,P015,success,website,,ORDC03721260,,,,
C0372,2026-08-12 23:30:00,review,P015,success,website,,ORDC03721260,,,,
C0372,2026-08-12 23:30:00,purchase_reason_recorded,P015,info,website,TXNC03726846,ORDC03721260,Product reviews,3.0,2.0,
C0373,2026-08-20 11:41:00,product_discovery,P031,success,website,,,,,,
C0373,2026-08-20 11:44:00,product_view,P031,success,website,,,,,,
C0374,2026-08-10 06:15:00,product_discovery,P012,success,mobile_app,,,,,,
C0374,2026-08-10 06:19:00,product_view,P012,success,mobile_app,,,,,,
C0375,2026-08-13 08:36:00,product_discovery,P016,success,website,,,,,,
C0375,2026-08-13 08:40:00,product_view,P016,success,website,,,,,,
C0376,2026-08-15 07:59:00,product_discovery,P019,success,website,,,,,,
C0376,2026-08-15 08:04:00,product_view,P019,success,website,,,,,,
C0377,2026-08-03 21:50:00,product_discovery,P032,success,website,,,,,,
C0377,2026-08-03 21:53:00,product_view,P032,success,website,,,,,,
C0377,2026-08-03 22:02:00,cart_add,P032,success,website,,,,,,
C0377,2026-08-03 22:17:00,checkout_start,P032,success,website,,,,,,
C0377,2026-08-03 22:20:00,payment_attempt,P032,success,website,TXNC03773435,,,,,
C0377,2026-08-03 22:21:00,payment_success,P032,success,website,TXNC03773435,,,,,
C0377,2026-08-03 22:24:00,order_confirmation,P032,success,website,TXNC03773435,ORDC03775179,,,,
C0377,2026-08-11 01:24:00,delivery,P032,success,website,,ORDC03775179,,,,
C0377,2026-08-11 01:24:00,purchase_reason_recorded,P032,info,website,TXNC03773435,ORDC03775179,Needed it urgently,3.0,2.0,
C0378,2026-08-02 23:05:00,product_discovery,P006,success,mobile_app,,,,,,
C0378,2026-08-02 23:10:00,product_view,P006,success,mobile_app,,,,,,
C0379,2026-08-12 05:59:00,product_discovery,P001,success,mobile_app,,,,,,
C0379,2026-08-12 06:01:00,product_view,P001,success,mobile_app,,,,,,
C0380,2026-08-09 00:25:00,product_discovery,P034,success,website,,,,,,
C0380,2026-08-09 00:28:00,product_view,P034,success,website,,,,,,
C0381,2026-08-05 21:45:00,product_discovery,P035,success,website,,,,,,
C0381,2026-08-05 21:50:00,product_view,P035,success,website,,,,,,
C0381,2026-08-05 21:58:00,cart_add,P035,success,website,,,,,,
C0381,2026-08-05 22:10:00,cart_add,P035,abandoned,website,,,,,,Technical issue at checkout
C0382,2026-08-08 07:01:00,product_discovery,P018,success,website,,,,,,
C0382,2026-08-08 07:05:00,product_view,P018,success,website,,,,,,
C0383,2026-08-08 05:12:00,product_discovery,P009,success,website,,,,,,
C0383,2026-08-08 05:14:00,product_view,P009,success,website,,,,,,
C0384,2026-08-07 20:13:00,product_discovery,P025,success,website,,,,,,
C0385,2026-08-13 07:47:00,product_discovery,P011,success,mobile_app,,,,,,
C0385,2026-08-13 07:52:00,product_view,P011,success,mobile_app,,,,,,
C0385,2026-08-13 08:02:00,cart_add,P011,success,mobile_app,,,,,,
C0385,2026-08-13 08:03:00,cart_add,P011,abandoned,mobile_app,,,,,,Found a better deal elsewhere
C0386,2026-08-11 14:21:00,product_discovery,P037,success,website,,,,,,
C0386,2026-08-11 14:22:00,product_view,P037,success,website,,,,,,
C0387,2026-08-01 12:39:00,product_discovery,P008,success,mobile_app,,,,,,
C0387,2026-08-01 12:40:00,product_view,P008,success,mobile_app,,,,,,
C0388,2026-08-08 06:05:00,product_discovery,P011,success,mobile_app,,,,,,
C0388,2026-08-08 06:07:00,product_view,P011,success,mobile_app,,,,,,
C0389,2026-08-02 15:32:00,product_discovery,P009,success,mobile_app,,,,,,
C0389,2026-08-02 15:33:00,product_view,P009,success,mobile_app,,,,,,
C0389,2026-08-02 15:42:00,cart_add,P009,success,mobile_app,,,,,,
C0389,2026-08-02 15:55:00,cart_add,P009,abandoned,mobile_app,,,,,,Delivery cost too high
C0390,2026-08-15 18:14:00,product_discovery,P026,success,mobile_app,,,,,,
C0390,2026-08-15 18:17:00,product_view,P026,success,mobile_app,,,,,,
C0391,2026-08-09 21:10:00,product_discovery,P033,success,mobile_app,,,,,,
C0391,2026-08-09 21:13:00,product_view,P033,success,mobile_app,,,,,,
C0391,2026-08-09 21:21:00,cart_add,P033,success,mobile_app,,,,,,
C0391,2026-08-09 21:36:00,checkout_start,P033,success,mobile_app,,,,,,
C0391,2026-08-09 21:44:00,payment_attempt,P033,success,mobile_app,TXNC03917708,,,,,
C0391,2026-08-09 21:48:00,payment_success,P033,success,mobile_app,TXNC03917708,,,,,
C0391,2026-08-09 21:49:00,order_confirmation,P033,success,mobile_app,TXNC03917708,ORDC03911035,,,,
C0391,2026-08-14 22:49:00,delivery,P033,success,mobile_app,,ORDC03911035,,,,
C0391,2026-08-14 22:49:00,purchase_reason_recorded,P033,info,mobile_app,TXNC03917708,ORDC03911035,Product reviews,3.0,5.0,
C0392,2026-08-09 21:33:00,product_discovery,P026,success,mobile_app,,,,,,
C0392,2026-08-09 21:37:00,product_view,P026,success,mobile_app,,,,,,
C0392,2026-08-09 21:40:00,cart_add,P026,success,mobile_app,,,,,,
C0392,2026-08-09 21:51:00,cart_add,P026,abandoned,mobile_app,,,,,,Just browsing
C0393,2026-08-04 18:30:00,product_discovery,P039,success,website,,,,,,
C0393,2026-08-04 18:35:00,product_view,P039,success,website,,,,,,
C0394,2026-08-17 19:51:00,product_discovery,P023,success,mobile_app,,,,,,
C0394,2026-08-17 19:55:00,product_view,P023,success,mobile_app,,,,,,
C0394,2026-08-17 20:01:00,cart_add,P023,success,mobile_app,,,,,,
C0394,2026-08-17 20:08:00,checkout_start,P023,success,mobile_app,,,,,,
C0394,2026-08-17 20:12:00,payment_attempt,P023,success,mobile_app,TXNC03943853,,,,,
C0394,2026-08-17 20:15:00,payment_success,P023,success,mobile_app,TXNC03943853,,,,,
C0394,2026-08-17 20:18:00,order_confirmation,P023,success,mobile_app,TXNC03943853,ORDC03944579,,,,
C0395,2026-08-12 06:11:00,product_discovery,P009,success,website,,,,,,
C0395,2026-08-12 06:14:00,product_view,P009,success,website,,,,,,
C0395,2026-08-12 06:22:00,cart_add,P009,success,website,,,,,,
C0395,2026-08-12 06:27:00,cart_add,P009,abandoned,website,,,,,,Technical issue at checkout
C0396,2026-08-10 00:59:00,product_discovery,P031,success,mobile_app,,,,,,
C0396,2026-08-10 01:02:00,product_view,P031,success,mobile_app,,,,,,
C0396,2026-08-10 01:06:00,cart_add,P031,success,mobile_app,,,,,,
C0396,2026-08-10 01:15:00,checkout_start,P031,success,mobile_app,,,,,,
C0397,2026-08-06 06:20:00,product_discovery,P024,success,mobile_app,,,,,,
C0397,2026-08-06 06:25:00,product_view,P024,success,mobile_app,,,,,,
C0397,2026-08-06 06:27:00,cart_add,P024,success,mobile_app,,,,,,
C0397,2026-08-06 06:39:00,checkout_start,P024,success,mobile_app,,,,,,
C0397,2026-08-06 06:45:00,payment_attempt,P024,success,mobile_app,TXNC03975110,,,,,
C0397,2026-08-06 06:47:00,payment_success,P024,success,mobile_app,TXNC03975110,,,,,
C0397,2026-08-06 06:48:00,order_confirmation,P024,success,mobile_app,TXNC03975110,ORDC03976367,,,,
C0397,2026-08-13 10:48:00,delivery,P024,success,mobile_app,,ORDC03976367,,,,
C0397,2026-08-13 10:48:00,purchase_reason_recorded,P024,info,mobile_app,TXNC03975110,ORDC03976367,Needed it urgently,3.0,5.0,
C0398,2026-08-21 05:25:00,product_discovery,P037,success,website,,,,,,
C0398,2026-08-21 05:27:00,product_view,P037,success,website,,,,,,
C0398,2026-08-21 05:36:00,cart_add,P037,success,website,,,,,,
C0398,2026-08-21 05:39:00,cart_add,P037,abandoned,website,,,,,,Technical issue at checkout
C0399,2026-08-06 01:40:00,product_discovery,P034,success,mobile_app,,,,,,
C0399,2026-08-06 01:45:00,product_view,P034,success,mobile_app,,,,,,
C0400,2026-08-17 18:34:00,product_discovery,P037,success,website,,,,,,
C0400,2026-08-17 18:38:00,product_view,P037,success,website,,,,,,
C0401,2026-08-18 17:36:00,product_discovery,P011,success,website,,,,,,
C0401,2026-08-18 17:38:00,product_view,P011,success,website,,,,,,
C0401,2026-08-18 17:42:00,cart_add,P011,success,website,,,,,,
C0401,2026-08-18 17:56:00,checkout_start,P011,success,website,,,,,,
C0401,2026-08-18 18:03:00,payment_attempt,P011,success,website,TXNC04017140,,,,,
C0401,2026-08-18 18:06:00,payment_success,P011,success,website,TXNC04017140,,,,,
C0401,2026-08-18 18:08:00,order_confirmation,P011,success,website,TXNC04017140,ORDC04017028,,,,
C0401,2026-08-22 22:08:00,delivery,P011,success,website,,ORDC04017028,,,,
C0401,2026-09-04 22:08:00,review,P011,success,website,,ORDC04017028,,,,
C0401,2026-09-04 22:08:00,purchase_reason_recorded,P011,info,website,TXNC04017140,ORDC04017028,Product reviews,2.0,3.0,
C0402,2026-08-16 10:07:00,product_discovery,P001,success,website,,,,,,
C0402,2026-08-16 10:10:00,product_view,P001,success,website,,,,,,
C0403,2026-08-18 22:13:00,product_discovery,P008,success,website,,,,,,
C0403,2026-08-18 22:15:00,product_view,P008,success,website,,,,,,
C0404,2026-08-05 16:55:00,product_discovery,P003,success,mobile_app,,,,,,
C0404,2026-08-05 16:59:00,product_view,P003,success,mobile_app,,,,,,
C0404,2026-08-05 17:06:00,cart_add,P003,success,mobile_app,,,,,,
C0404,2026-08-05 17:19:00,checkout_start,P003,success,mobile_app,,,,,,
C0404,2026-08-05 17:24:00,payment_attempt,P003,success,mobile_app,TXNC04049820,,,,,
C0404,2026-08-05 17:26:00,payment_success,P003,success,mobile_app,TXNC04049820,,,,,
C0404,2026-08-05 17:28:00,order_confirmation,P003,success,mobile_app,TXNC04049820,ORDC04042488,,,,
C0404,2026-08-08 21:28:00,delivery,P003,success,mobile_app,,ORDC04042488,,,,
C0404,2026-08-13 21:28:00,review,P003,success,mobile_app,,ORDC04042488,,,,
C0404,2026-08-13 21:28:00,purchase_reason_recorded,P003,info,mobile_app,TXNC04049820,ORDC04042488,Trusted brand,4.0,2.0,
C0405,2026-08-04 11:23:00,product_discovery,P038,success,website,,,,,,
C0405,2026-08-04 11:26:00,product_view,P038,success,website,,,,,,
C0406,2026-08-16 01:40:00,product_discovery,P017,success,mobile_app,,,,,,
C0406,2026-08-16 01:42:00,product_view,P017,success,mobile_app,,,,,,
C0406,2026-08-16 01:49:00,cart_add,P017,success,mobile_app,,,,,,
C0406,2026-08-16 02:01:00,checkout_start,P017,success,mobile_app,,,,,,
C0406,2026-08-16 02:07:00,payment_attempt,P017,success,mobile_app,TXNC04068204,,,,,
C0406,2026-08-16 02:11:00,payment_success,P017,success,mobile_app,TXNC04068204,,,,,
C0406,2026-08-16 02:14:00,order_confirmation,P017,success,mobile_app,TXNC04068204,ORDC04061285,,,,
C0406,2026-08-19 03:14:00,delivery,P017,success,mobile_app,,ORDC04061285,,,,
C0406,2026-08-19 03:14:00,purchase_reason_recorded,P017,info,mobile_app,TXNC04068204,ORDC04061285,Good price,2.0,4.0,
C0407,2026-08-12 14:26:00,product_discovery,P012,success,website,,,,,,
C0407,2026-08-12 14:28:00,product_view,P012,success,website,,,,,,
C0408,2026-08-11 11:45:00,product_discovery,P036,success,mobile_app,,,,,,
C0408,2026-08-11 11:50:00,product_view,P036,success,mobile_app,,,,,,
C0408,2026-08-11 11:52:00,cart_add,P036,success,mobile_app,,,,,,
C0408,2026-08-11 12:07:00,checkout_start,P036,success,mobile_app,,,,,,
C0408,2026-08-11 12:09:00,payment_attempt,P036,success,mobile_app,TXNC04084094,,,,,
C0408,2026-08-11 12:14:00,payment_success,P036,success,mobile_app,TXNC04084094,,,,,
C0408,2026-08-11 12:16:00,order_confirmation,P036,success,mobile_app,TXNC04084094,ORDC04087561,,,,
C0408,2026-08-16 13:16:00,delivery,P036,success,mobile_app,,ORDC04087561,,,,
C0408,2026-08-16 13:16:00,purchase_reason_recorded,P036,info,mobile_app,TXNC04084094,ORDC04087561,Needed it urgently,4.0,2.0,
C0409,2026-08-15 02:32:00,product_discovery,P027,success,website,,,,,,
C0410,2026-08-11 23:50:00,product_discovery,P011,success,mobile_app,,,,,,
C0410,2026-08-11 23:52:00,product_view,P011,success,mobile_app,,,,,,
C0410,2026-08-12 00:00:00,cart_add,P011,success,mobile_app,,,,,,
C0410,2026-08-12 00:11:00,cart_add,P011,abandoned,mobile_app,,,,,,Just browsing
C0411,2026-08-16 10:33:00,product_discovery,P032,success,website,,,,,,
C0411,2026-08-16 10:34:00,product_view,P032,success,website,,,,,,
C0411,2026-08-16 10:43:00,cart_add,P032,success,website,,,,,,
C0411,2026-08-16 10:54:00,cart_add,P032,abandoned,website,,,,,,Changed my mind
C0412,2026-08-08 19:31:00,product_discovery,P034,success,mobile_app,,,,,,
C0412,2026-08-08 19:32:00,product_view,P034,success,mobile_app,,,,,,
C0413,2026-08-05 03:07:00,product_discovery,P005,success,mobile_app,,,,,,
C0413,2026-08-05 03:11:00,product_view,P005,success,mobile_app,,,,,,
C0414,2026-08-18 17:15:00,product_discovery,P025,success,website,,,,,,
C0414,2026-08-18 17:18:00,product_view,P025,success,website,,,,,,
C0415,2026-08-21 00:04:00,product_discovery,P019,success,mobile_app,,,,,,
C0415,2026-08-21 00:08:00,product_view,P019,success,mobile_app,,,,,,
C0416,2026-08-13 21:08:00,product_discovery,P023,success,website,,,,,,
C0416,2026-08-13 21:13:00,product_view,P023,success,website,,,,,,
C0416,2026-08-13 21:21:00,cart_add,P023,success,website,,,,,,
C0416,2026-08-13 21:23:00,cart_add,P023,abandoned,website,,,,,,Found a better deal elsewhere
C0417,2026-08-15 18:41:00,product_discovery,P013,success,website,,,,,,
C0417,2026-08-15 18:45:00,product_view,P013,success,website,,,,,,
C0417,2026-08-15 18:46:00,cart_add,P013,success,website,,,,,,
C0417,2026-08-15 18:47:00,cart_add,P013,abandoned,website,,,,,,Technical issue at checkout
C0418,2026-08-20 11:49:00,product_discovery,P029,success,website,,,,,,
C0418,2026-08-20 11:53:00,product_view,P029,success,website,,,,,,
C0419,2026-08-03 02:16:00,product_discovery,P025,success,mobile_app,,,,,,
C0419,2026-08-03 02:20:00,product_view,P025,success,mobile_app,,,,,,
C0419,2026-08-03 02:30:00,cart_add,P025,success,mobile_app,,,,,,
C0419,2026-08-03 02:39:00,cart_add,P025,abandoned,mobile_app,,,,,,Delivery cost too high
C0420,2026-08-01 23:31:00,product_discovery,P030,success,mobile_app,,,,,,
C0420,2026-08-01 23:36:00,product_view,P030,success,mobile_app,,,,,,
C0421,2026-08-07 20:31:00,product_discovery,P022,success,mobile_app,,,,,,
C0421,2026-08-07 20:36:00,product_view,P022,success,mobile_app,,,,,,
C0422,2026-08-02 01:14:00,product_discovery,P026,success,mobile_app,,,,,,
C0422,2026-08-02 01:15:00,product_view,P026,success,mobile_app,,,,,,
C0423,2026-08-17 05:59:00,product_discovery,P035,success,website,,,,,,
C0424,2026-08-09 07:21:00,product_discovery,P023,success,mobile_app,,,,,,
C0424,2026-08-09 07:26:00,product_view,P023,success,mobile_app,,,,,,
C0424,2026-08-09 07:28:00,cart_add,P023,success,mobile_app,,,,,,
C0424,2026-08-09 07:39:00,checkout_start,P023,success,mobile_app,,,,,,
C0424,2026-08-09 07:46:00,payment_attempt,P023,success,mobile_app,TXNC04249788,,,,,
C0424,2026-08-09 07:47:00,payment_success,P023,success,mobile_app,TXNC04249788,,,,,
C0424,2026-08-09 07:48:00,order_confirmation,P023,success,mobile_app,TXNC04249788,ORDC04241375,,,,
C0424,2026-08-16 10:48:00,delivery,P023,success,mobile_app,,ORDC04241375,,,,
C0424,2026-08-19 10:48:00,return,P023,success,mobile_app,,ORDC04241375,,,,
C0424,2026-08-19 10:48:00,purchase_reason_recorded,P023,info,mobile_app,TXNC04249788,ORDC04241375,Product reviews,5.0,2.0,
C0425,2026-08-03 16:28:00,product_discovery,P037,success,mobile_app,,,,,,
C0425,2026-08-03 16:30:00,product_view,P037,success,mobile_app,,,,,,
C0425,2026-08-03 16:36:00,cart_add,P037,success,mobile_app,,,,,,
C0425,2026-08-03 16:48:00,cart_add,P037,abandoned,mobile_app,,,,,,Changed my mind
C0426,2026-08-04 12:13:00,product_discovery,P037,success,mobile_app,,,,,,
C0426,2026-08-04 12:15:00,product_view,P037,success,mobile_app,,,,,,
C0427,2026-08-15 00:18:00,product_discovery,P012,success,mobile_app,,,,,,
C0428,2026-08-14 14:59:00,product_discovery,P020,success,website,,,,,,
C0428,2026-08-14 15:01:00,product_view,P020,success,website,,,,,,
C0428,2026-08-14 15:05:00,cart_add,P020,success,website,,,,,,
C0428,2026-08-14 15:08:00,cart_add,P020,abandoned,website,,,,,,Found a better deal elsewhere
C0429,2026-08-07 21:11:00,product_discovery,P010,success,website,,,,,,
C0429,2026-08-07 21:12:00,product_view,P010,success,website,,,,,,
C0429,2026-08-07 21:15:00,cart_add,P010,success,website,,,,,,
C0429,2026-08-07 21:19:00,cart_add,P010,abandoned,website,,,,,,Delivery cost too high
C0430,2026-08-12 22:53:00,product_discovery,P010,success,website,,,,,,
C0430,2026-08-12 22:55:00,product_view,P010,success,website,,,,,,
C0430,2026-08-12 22:59:00,cart_add,P010,success,website,,,,,,
C0430,2026-08-12 23:12:00,cart_add,P010,abandoned,website,,,,,,Just browsing
C0431,2026-08-16 21:38:00,product_discovery,P003,success,mobile_app,,,,,,
C0432,2026-08-13 03:56:00,product_discovery,P039,success,website,,,,,,
C0432,2026-08-13 03:59:00,product_view,P039,success,website,,,,,,
C0433,2026-08-10 10:57:00,product_discovery,P003,success,website,,,,,,
C0433,2026-08-10 10:58:00,product_view,P003,success,website,,,,,,
C0433,2026-08-10 11:07:00,cart_add,P003,success,website,,,,,,
C0433,2026-08-10 11:16:00,cart_add,P003,abandoned,website,,,,,,Technical issue at checkout
C0434,2026-08-14 10:31:00,product_discovery,P037,success,mobile_app,,,,,,
C0434,2026-08-14 10:32:00,product_view,P037,success,mobile_app,,,,,,
C0435,2026-08-12 01:42:00,product_discovery,P022,success,website,,,,,,
C0435,2026-08-12 01:43:00,product_view,P022,success,website,,,,,,
C0435,2026-08-12 01:51:00,cart_add,P022,success,website,,,,,,
C0435,2026-08-12 01:59:00,checkout_start,P022,success,website,,,,,,
C0435,2026-08-12 02:02:00,payment_attempt,P022,success,website,TXNC04356124,,,,,
C0435,2026-08-12 02:05:00,payment_success,P022,success,website,TXNC04356124,,,,,
C0435,2026-08-12 02:06:00,order_confirmation,P022,success,website,TXNC04356124,ORDC04352671,,,,
C0435,2026-08-15 03:06:00,delivery,P022,success,website,,ORDC04352671,,,,
C0435,2026-08-21 03:06:00,review,P022,success,website,,ORDC04352671,,,,
C0435,2026-08-21 03:06:00,purchase_reason_recorded,P022,info,website,TXNC04356124,ORDC04352671,Needed it urgently,5.0,3.0,
C0436,2026-08-13 02:12:00,product_discovery,P026,success,website,,,,,,
C0436,2026-08-13 02:17:00,product_view,P026,success,website,,,,,,
C0437,2026-08-19 18:10:00,product_discovery,P004,success,website,,,,,,
C0437,2026-08-19 18:13:00,product_view,P004,success,website,,,,,,
C0437,2026-08-19 18:18:00,cart_add,P004,success,website,,,,,,
C0437,2026-08-19 18:19:00,cart_add,P004,abandoned,website,,,,,,Delivery cost too high
C0438,2026-08-11 07:56:00,product_discovery,P011,success,mobile_app,,,,,,
C0438,2026-08-11 08:01:00,product_view,P011,success,mobile_app,,,,,,
C0438,2026-08-11 08:07:00,cart_add,P011,success,mobile_app,,,,,,
C0438,2026-08-11 08:12:00,checkout_start,P011,success,mobile_app,,,,,,
C0438,2026-08-11 08:19:00,payment_attempt,P011,success,mobile_app,TXNC04386208,,,,,
C0438,2026-08-11 08:23:00,payment_success,P011,success,mobile_app,TXNC04386208,,,,,
C0438,2026-08-11 08:26:00,order_confirmation,P011,success,mobile_app,TXNC04386208,ORDC04386827,,,,
C0438,2026-08-13 09:26:00,delivery,P011,success,mobile_app,,ORDC04386827,,,,
C0438,2026-08-13 09:26:00,purchase_reason_recorded,P011,info,mobile_app,TXNC04386208,ORDC04386827,Product reviews,5.0,3.0,
C0439,2026-08-14 09:45:00,product_discovery,P002,success,mobile_app,,,,,,
C0439,2026-08-14 09:47:00,product_view,P002,success,mobile_app,,,,,,
C0440,2026-08-12 11:11:00,product_discovery,P027,success,mobile_app,,,,,,
C0440,2026-08-12 11:16:00,product_view,P027,success,mobile_app,,,,,,
C0441,2026-08-12 17:21:00,product_discovery,P011,success,website,,,,,,
C0441,2026-08-12 17:22:00,product_view,P011,success,website,,,,,,
C0442,2026-08-06 21:42:00,product_discovery,P020,success,website,,,,,,
C0442,2026-08-06 21:46:00,product_view,P020,success,website,,,,,,
C0443,2026-08-09 09:28:00,product_discovery,P005,success,mobile_app,,,,,,
C0443,2026-08-09 09:31:00,product_view,P005,success,mobile_app,,,,,,
C0444,2026-08-19 11:03:00,product_discovery,P030,success,website,,,,,,
C0445,2026-08-14 00:38:00,product_discovery,P009,success,website,,,,,,
C0445,2026-08-14 00:40:00,product_view,P009,success,website,,,,,,
C0445,2026-08-14 00:50:00,cart_add,P009,success,website,,,,,,
C0445,2026-08-14 01:01:00,checkout_start,P009,success,website,,,,,,
C0445,2026-08-14 01:05:00,payment_attempt,P009,success,website,TXNC04451058,,,,,
C0445,2026-08-14 01:07:00,payment_success,P009,success,website,TXNC04451058,,,,,
C0445,2026-08-14 01:09:00,order_confirmation,P009,success,website,TXNC04451058,ORDC04453043,,,,
C0446,2026-08-13 08:36:00,product_discovery,P038,success,website,,,,,,
C0446,2026-08-13 08:41:00,product_view,P038,success,website,,,,,,
C0447,2026-08-09 19:35:00,product_discovery,P001,success,website,,,,,,
C0448,2026-08-07 03:49:00,product_discovery,P040,success,mobile_app,,,,,,
C0448,2026-08-07 03:50:00,product_view,P040,success,mobile_app,,,,,,
C0448,2026-08-07 04:00:00,cart_add,P040,success,mobile_app,,,,,,
C0448,2026-08-07 04:05:00,checkout_start,P040,success,mobile_app,,,,,,
C0448,2026-08-07 04:11:00,payment_attempt,P040,success,mobile_app,TXNC04483186,,,,,
C0448,2026-08-07 04:15:00,payment_success,P040,success,mobile_app,TXNC04483186,,,,,
C0448,2026-08-07 04:17:00,order_confirmation,P040,success,mobile_app,TXNC04483186,ORDC04484209,,,,
C0448,2026-08-12 08:17:00,delivery,P040,success,mobile_app,,ORDC04484209,,,,
C0448,2026-08-12 08:17:00,purchase_reason_recorded,P040,info,mobile_app,TXNC04483186,ORDC04484209,Product reviews,4.0,4.0,
C0449,2026-08-21 00:12:00,product_discovery,P010,success,mobile_app,,,,,,
C0449,2026-08-21 00:15:00,product_view,P010,success,mobile_app,,,,,,
C0450,2026-08-21 03:07:00,product_discovery,P035,success,mobile_app,,,,,,
C0450,2026-08-21 03:12:00,product_view,P035,success,mobile_app,,,,,,
C0451,2026-08-06 18:13:00,product_discovery,P016,success,mobile_app,,,,,,
C0451,2026-08-06 18:18:00,product_view,P016,success,mobile_app,,,,,,
C0452,2026-08-02 19:51:00,product_discovery,P005,success,website,,,,,,
C0452,2026-08-02 19:54:00,product_view,P005,success,website,,,,,,
C0453,2026-08-13 18:55:00,product_discovery,P036,success,mobile_app,,,,,,
C0453,2026-08-13 19:00:00,product_view,P036,success,mobile_app,,,,,,
C0453,2026-08-13 19:08:00,cart_add,P036,success,mobile_app,,,,,,
C0453,2026-08-13 19:09:00,checkout_start,P036,success,mobile_app,,,,,,
C0453,2026-08-13 19:10:00,payment_attempt,P036,success,mobile_app,TXNC04537385,,,,,
C0453,2026-08-13 19:13:00,payment_success,P036,success,mobile_app,TXNC04537385,,,,,
C0453,2026-08-13 19:16:00,order_confirmation,P036,success,mobile_app,TXNC04537385,ORDC04533979,,,,
C0453,2026-08-15 22:16:00,delivery,P036,success,mobile_app,,ORDC04533979,,,,
C0453,2026-08-21 22:16:00,review,P036,success,mobile_app,,ORDC04533979,,,,
C0453,2026-08-21 22:16:00,purchase_reason_recorded,P036,info,mobile_app,TXNC04537385,ORDC04533979,Needed it urgently,3.0,5.0,
C0454,2026-08-12 13:57:00,product_discovery,P040,success,mobile_app,,,,,,
C0454,2026-08-12 14:01:00,product_view,P040,success,mobile_app,,,,,,
C0454,2026-08-12 14:04:00,cart_add,P040,success,mobile_app,,,,,,
C0454,2026-08-12 14:12:00,cart_add,P040,abandoned,mobile_app,,,,,,Found a better deal elsewhere
C0455,2026-08-14 10:30:00,product_discovery,P040,success,mobile_app,,,,,,
C0455,2026-08-14 10:35:00,product_view,P040,success,mobile_app,,,,,,
C0456,2026-08-02 05:20:00,product_discovery,P017,success,mobile_app,,,,,,
C0457,2026-08-14 06:27:00,product_discovery,P034,success,mobile_app,,,,,,
C0458,2026-08-10 03:01:00,product_discovery,P035,success,mobile_app,,,,,,
C0458,2026-08-10 03:06:00,product_view,P035,success,mobile_app,,,,,,
C0458,2026-08-10 03:11:00,cart_add,P035,success,mobile_app,,,,,,
C0458,2026-08-10 03:20:00,cart_add,P035,abandoned,mobile_app,,,,,,Technical issue at checkout
C0459,2026-08-04 13:41:00,product_discovery,P006,success,website,,,,,,
C0459,2026-08-04 13:44:00,product_view,P006,success,website,,,,,,
C0460,2026-08-09 07:15:00,product_discovery,P009,success,website,,,,,,
C0460,2026-08-09 07:17:00,product_view,P009,success,website,,,,,,
C0461,2026-08-16 15:59:00,product_discovery,P024,success,mobile_app,,,,,,
C0461,2026-08-16 16:02:00,product_view,P024,success,mobile_app,,,,,,
C0462,2026-08-21 01:31:00,product_discovery,P002,success,mobile_app,,,,,,
C0462,2026-08-21 01:36:00,product_view,P002,success,mobile_app,,,,,,
C0463,2026-08-19 05:32:00,product_discovery,P001,success,mobile_app,,,,,,
C0463,2026-08-19 05:36:00,product_view,P001,success,mobile_app,,,,,,
C0464,2026-08-16 13:14:00,product_discovery,P005,success,mobile_app,,,,,,
C0464,2026-08-16 13:17:00,product_view,P005,success,mobile_app,,,,,,
C0465,2026-08-04 19:31:00,product_discovery,P019,success,mobile_app,,,,,,
C0465,2026-08-04 19:36:00,product_view,P019,success,mobile_app,,,,,,
C0465,2026-08-04 19:39:00,cart_add,P019,success,mobile_app,,,,,,
C0465,2026-08-04 19:47:00,cart_add,P019,abandoned,mobile_app,,,,,,Price too high
C0466,2026-08-01 15:42:00,product_discovery,P037,success,website,,,,,,
C0466,2026-08-01 15:45:00,product_view,P037,success,website,,,,,,
C0467,2026-08-17 03:42:00,product_discovery,P022,success,website,,,,,,
C0467,2026-08-17 03:45:00,product_view,P022,success,website,,,,,,
C0467,2026-08-17 03:47:00,cart_add,P022,success,website,,,,,,
C0467,2026-08-17 03:58:00,checkout_start,P022,success,website,,,,,,
C0467,2026-08-17 04:06:00,payment_attempt,P022,success,website,TXNC04673116,,,,,
C0467,2026-08-17 04:10:00,payment_success,P022,success,website,TXNC04673116,,,,,
C0467,2026-08-17 04:12:00,order_confirmation,P022,success,website,TXNC04673116,ORDC04671769,,,,
C0467,2026-08-19 07:12:00,delivery,P022,success,website,,ORDC04671769,,,,
C0467,2026-08-19 07:12:00,purchase_reason_recorded,P022,info,website,TXNC04673116,ORDC04671769,Fast delivery promised,4.0,2.0,
C0468,2026-08-01 15:13:00,product_discovery,P001,success,website,,,,,,
C0468,2026-08-01 15:17:00,product_view,P001,success,website,,,,,,
C0469,2026-08-11 22:50:00,product_discovery,P012,success,mobile_app,,,,,,
C0469,2026-08-11 22:52:00,product_view,P012,success,mobile_app,,,,,,
C0469,2026-08-11 22:58:00,cart_add,P012,success,mobile_app,,,,,,
C0469,2026-08-11 23:01:00,checkout_start,P012,success,mobile_app,,,,,,
C0469,2026-08-11 23:04:00,payment_attempt,P012,success,mobile_app,TXNC04695451,,,,,
C0469,2026-08-11 23:06:00,payment_success,P012,success,mobile_app,TXNC04695451,,,,,
C0469,2026-08-11 23:07:00,order_confirmation,P012,success,mobile_app,TXNC04695451,ORDC04698610,,,,
C0469,2026-08-16 01:07:00,delivery,P012,success,mobile_app,,ORDC04698610,,,,
C0469,2026-08-16 01:07:00,purchase_reason_recorded,P012,info,mobile_app,TXNC04695451,ORDC04698610,Product reviews,4.0,5.0,
C0470,2026-08-06 14:41:00,product_discovery,P033,success,mobile_app,,,,,,
C0470,2026-08-06 14:42:00,product_view,P033,success,mobile_app,,,,,,
C0471,2026-08-18 16:52:00,product_discovery,P024,success,mobile_app,,,,,,
C0471,2026-08-18 16:53:00,product_view,P024,success,mobile_app,,,,,,
C0472,2026-08-08 15:49:00,product_discovery,P004,success,mobile_app,,,,,,
C0472,2026-08-08 15:50:00,product_view,P004,success,mobile_app,,,,,,
C0472,2026-08-08 15:55:00,cart_add,P004,success,mobile_app,,,,,,
C0472,2026-08-08 15:59:00,cart_add,P004,abandoned,mobile_app,,,,,,Found a better deal elsewhere
C0473,2026-08-13 18:00:00,product_discovery,P021,success,website,,,,,,
C0473,2026-08-13 18:03:00,product_view,P021,success,website,,,,,,
C0474,2026-08-10 12:06:00,product_discovery,P029,success,website,,,,,,
C0474,2026-08-10 12:10:00,product_view,P029,success,website,,,,,,
C0475,2026-08-17 03:49:00,product_discovery,P011,success,mobile_app,,,,,,
C0475,2026-08-17 03:52:00,product_view,P011,success,mobile_app,,,,,,
C0476,2026-08-13 04:33:00,product_discovery,P021,success,mobile_app,,,,,,
C0476,2026-08-13 04:37:00,product_view,P021,success,mobile_app,,,,,,
C0476,2026-08-13 04:41:00,cart_add,P021,success,mobile_app,,,,,,
C0476,2026-08-13 04:49:00,cart_add,P021,abandoned,mobile_app,,,,,,Just browsing
C0477,2026-08-08 13:21:00,product_discovery,P035,success,mobile_app,,,,,,
C0477,2026-08-08 13:25:00,product_view,P035,success,mobile_app,,,,,,
C0477,2026-08-08 13:27:00,cart_add,P035,success,mobile_app,,,,,,
C0477,2026-08-08 13:34:00,checkout_start,P035,success,mobile_app,,,,,,
C0477,2026-08-08 13:39:00,payment_attempt,P035,success,mobile_app,TXNC04776841,,,,,
C0477,2026-08-08 13:44:00,payment_failure,P035,failed,mobile_app,TXNC04776841,,,,,
C0478,2026-08-18 12:27:00,product_discovery,P033,success,mobile_app,,,,,,
C0478,2026-08-18 12:30:00,product_view,P033,success,mobile_app,,,,,,
C0479,2026-08-03 05:43:00,product_discovery,P018,success,mobile_app,,,,,,
C0480,2026-08-02 16:18:00,product_discovery,P038,success,mobile_app,,,,,,
C0480,2026-08-02 16:19:00,product_view,P038,success,mobile_app,,,,,,
C0480,2026-08-02 16:22:00,cart_add,P038,success,mobile_app,,,,,,
C0480,2026-08-02 16:37:00,cart_add,P038,abandoned,mobile_app,,,,,,Price too high
C0481,2026-08-02 09:53:00,product_discovery,P018,success,website,,,,,,
C0481,2026-08-02 09:58:00,product_view,P018,success,website,,,,,,
C0482,2026-08-10 07:47:00,product_discovery,P039,success,website,,,,,,
C0482,2026-08-10 07:49:00,product_view,P039,success,website,,,,,,
C0482,2026-08-10 07:54:00,cart_add,P039,success,website,,,,,,
C0482,2026-08-10 07:56:00,cart_add,P039,abandoned,website,,,,,,Changed my mind
C0483,2026-08-15 00:35:00,product_discovery,P012,success,website,,,,,,
C0483,2026-08-15 00:36:00,product_view,P012,success,website,,,,,,
C0484,2026-08-15 23:29:00,product_discovery,P024,success,website,,,,,,
C0485,2026-08-16 22:30:00,product_discovery,P033,success,website,,,,,,
C0486,2026-08-18 06:24:00,product_discovery,P009,success,mobile_app,,,,,,
C0487,2026-08-19 20:14:00,product_discovery,P037,success,website,,,,,,
C0487,2026-08-19 20:16:00,product_view,P037,success,website,,,,,,
C0488,2026-08-09 19:04:00,product_discovery,P032,success,website,,,,,,
C0488,2026-08-09 19:06:00,product_view,P032,success,website,,,,,,
C0488,2026-08-09 19:12:00,cart_add,P032,success,website,,,,,,
C0488,2026-08-09 19:16:00,cart_add,P032,abandoned,website,,,,,,Price too high
C0489,2026-08-20 12:01:00,product_discovery,P022,success,mobile_app,,,,,,
C0489,2026-08-20 12:02:00,product_view,P022,success,mobile_app,,,,,,
C0489,2026-08-20 12:11:00,cart_add,P022,success,mobile_app,,,,,,
C0489,2026-08-20 12:24:00,checkout_start,P022,success,mobile_app,,,,,,
C0489,2026-08-20 12:25:00,payment_attempt,P022,success,mobile_app,TXNC04899803,,,,,
C0489,2026-08-20 12:28:00,payment_success,P022,success,mobile_app,TXNC04899803,,,,,
C0489,2026-08-20 12:31:00,order_confirmation,P022,success,mobile_app,TXNC04899803,ORDC04891155,,,,
C0490,2026-08-04 23:04:00,product_discovery,P009,success,website,,,,,,
C0490,2026-08-04 23:09:00,product_view,P009,success,website,,,,,,
C0491,2026-08-02 01:53:00,product_discovery,P036,success,website,,,,,,
C0491,2026-08-02 01:54:00,product_view,P036,success,website,,,,,,
C0492,2026-08-14 05:13:00,product_discovery,P005,success,website,,,,,,
C0493,2026-08-09 14:17:00,product_discovery,P004,success,mobile_app,,,,,,
C0493,2026-08-09 14:19:00,product_view,P004,success,mobile_app,,,,,,
C0493,2026-08-09 14:20:00,cart_add,P004,success,mobile_app,,,,,,
C0493,2026-08-09 14:31:00,checkout_start,P004,success,mobile_app,,,,,,
C0493,2026-08-09 14:34:00,payment_attempt,P004,success,mobile_app,TXNC04933816,,,,,
C0493,2026-08-09 14:36:00,payment_success,P004,success,mobile_app,TXNC04933816,,,,,
C0493,2026-08-09 14:38:00,order_confirmation,P004,success,mobile_app,TXNC04933816,ORDC04931826,,,,
C0493,2026-08-13 18:38:00,delivery,P004,success,mobile_app,,ORDC04931826,,,,
C0493,2026-08-25 18:38:00,review,P004,success,mobile_app,,ORDC04931826,,,,
C0493,2026-08-25 18:38:00,purchase_reason_recorded,P004,info,mobile_app,TXNC04933816,ORDC04931826,Fast delivery promised,2.0,4.0,
C0494,2026-08-19 20:35:00,product_discovery,P010,success,website,,,,,,
C0494,2026-08-19 20:40:00,product_view,P010,success,website,,,,,,
C0495,2026-08-14 18:13:00,product_discovery,P016,success,website,,,,,,
C0495,2026-08-14 18:17:00,product_view,P016,success,website,,,,,,
C0496,2026-08-03 00:12:00,product_discovery,P023,success,website,,,,,,
C0496,2026-08-03 00:13:00,product_view,P023,success,website,,,,,,
C0497,2026-08-16 14:58:00,product_discovery,P020,success,website,,,,,,
C0498,2026-08-06 13:29:00,product_discovery,P039,success,website,,,,,,
C0498,2026-08-06 13:33:00,product_view,P039,success,website,,,,,,
C0498,2026-08-06 13:41:00,cart_add,P039,success,website,,,,,,
C0498,2026-08-06 13:48:00,cart_add,P039,abandoned,website,,,,,,Changed my mind
C0499,2026-08-06 11:56:00,product_discovery,P031,success,website,,,,,,
C0499,2026-08-06 12:01:00,product_view,P031,success,website,,,,,,
C0500,2026-08-12 12:34:00,product_discovery,P016,success,mobile_app,,,,,,
C0500,2026-08-12 12:36:00,product_view,P016,success,mobile_app,,,,,,
C0501,2026-08-10 10:29:00,product_discovery,P031,success,website,,,,,,
C0501,2026-08-10 10:33:00,product_view,P031,success,website,,,,,,
C0502,2026-08-14 09:15:00,product_discovery,P016,success,mobile_app,,,,,,
C0502,2026-08-14 09:17:00,product_view,P016,success,mobile_app,,,,,,
C0502,2026-08-14 09:24:00,cart_add,P016,success,mobile_app,,,,,,
C0502,2026-08-14 09:29:00,checkout_start,P016,success,mobile_app,,,,,,
C0502,2026-08-14 09:35:00,payment_attempt,P016,success,mobile_app,TXNC05024523,,,,,
C0502,2026-08-14 09:38:00,payment_success,P016,success,mobile_app,TXNC05024523,,,,,
C0502,2026-08-14 09:40:00,order_confirmation,P016,success,mobile_app,TXNC05024523,ORDC05022444,,,,
C0502,2026-08-16 12:40:00,delivery,P016,success,mobile_app,,ORDC05022444,,,,
C0502,2026-08-16 12:40:00,purchase_reason_recorded,P016,info,mobile_app,TXNC05024523,ORDC05022444,Trusted brand,2.0,4.0,
C0503,2026-08-05 23:38:00,product_discovery,P038,success,website,,,,,,
C0503,2026-08-05 23:41:00,product_view,P038,success,website,,,,,,
C0504,2026-08-08 03:17:00,product_discovery,P034,success,website,,,,,,
C0504,2026-08-08 03:21:00,product_view,P034,success,website,,,,,,
C0505,2026-08-12 03:15:00,product_discovery,P009,success,mobile_app,,,,,,
C0505,2026-08-12 03:20:00,product_view,P009,success,mobile_app,,,,,,
C0506,2026-08-03 10:05:00,product_discovery,P015,success,mobile_app,,,,,,
C0506,2026-08-03 10:08:00,product_view,P015,success,mobile_app,,,,,,
C0507,2026-08-16 07:50:00,product_discovery,P023,success,mobile_app,,,,,,
C0507,2026-08-16 07:55:00,product_view,P023,success,mobile_app,,,,,,
C0508,2026-08-01 20:04:00,product_discovery,P010,success,mobile_app,,,,,,
C0509,2026-08-12 19:49:00,product_discovery,P027,success,mobile_app,,,,,,
C0509,2026-08-12 19:54:00,product_view,P027,success,mobile_app,,,,,,
C0510,2026-08-03 15:56:00,product_discovery,P036,success,mobile_app,,,,,,
C0511,2026-08-05 17:15:00,product_discovery,P038,success,mobile_app,,,,,,
C0511,2026-08-05 17:19:00,product_view,P038,success,mobile_app,,,,,,
C0511,2026-08-05 17:20:00,cart_add,P038,success,mobile_app,,,,,,
C0511,2026-08-05 17:21:00,cart_add,P038,abandoned,mobile_app,,,,,,Technical issue at checkout
C0512,2026-08-20 13:25:00,product_discovery,P016,success,mobile_app,,,,,,
C0512,2026-08-20 13:26:00,product_view,P016,success,mobile_app,,,,,,
C0512,2026-08-20 13:30:00,cart_add,P016,success,mobile_app,,,,,,
C0512,2026-08-20 13:34:00,checkout_start,P016,success,mobile_app,,,,,,
C0512,2026-08-20 13:38:00,payment_attempt,P016,success,mobile_app,TXNC05125979,,,,,
C0512,2026-08-20 13:39:00,payment_success,P016,success,mobile_app,TXNC05125979,,,,,
C0512,2026-08-20 13:41:00,order_confirmation,P016,success,mobile_app,TXNC05125979,ORDC05129695,,,,
C0512,2026-08-23 17:41:00,delivery,P016,success,mobile_app,,ORDC05129695,,,,
C0512,2026-08-23 17:41:00,purchase_reason_recorded,P016,info,mobile_app,TXNC05125979,ORDC05129695,Needed it urgently,3.0,3.0,
C0513,2026-08-20 15:55:00,product_discovery,P026,success,website,,,,,,
C0513,2026-08-20 15:57:00,product_view,P026,success,website,,,,,,
C0513,2026-08-20 16:00:00,cart_add,P026,success,website,,,,,,
C0513,2026-08-20 16:02:00,checkout_start,P026,success,website,,,,,,
C0513,2026-08-20 16:06:00,payment_attempt,P026,success,website,TXNC05131396,,,,,
C0513,2026-08-20 16:10:00,payment_success,P026,success,website,TXNC05131396,,,,,
C0513,2026-08-20 16:11:00,order_confirmation,P026,success,website,TXNC05131396,ORDC05133128,,,,
C0513,2026-08-26 17:11:00,delivery,P026,success,website,,ORDC05133128,,,,
C0513,2026-08-26 17:11:00,purchase_reason_recorded,P026,info,website,TXNC05131396,ORDC05133128,Needed it urgently,3.0,4.0,
C0514,2026-08-14 21:10:00,product_discovery,P001,success,website,,,,,,
C0514,2026-08-14 21:14:00,product_view,P001,success,website,,,,,,
C0514,2026-08-14 21:16:00,cart_add,P001,success,website,,,,,,
C0514,2026-08-14 21:23:00,cart_add,P001,abandoned,website,,,,,,Just browsing
C0515,2026-08-07 13:31:00,product_discovery,P014,success,website,,,,,,
C0515,2026-08-07 13:32:00,product_view,P014,success,website,,,,,,
C0516,2026-08-19 18:33:00,product_discovery,P008,success,mobile_app,,,,,,
C0516,2026-08-19 18:37:00,product_view,P008,success,mobile_app,,,,,,
C0517,2026-08-18 22:01:00,product_discovery,P013,success,mobile_app,,,,,,
C0517,2026-08-18 22:04:00,product_view,P013,success,mobile_app,,,,,,
C0517,2026-08-18 22:14:00,cart_add,P013,success,mobile_app,,,,,,
C0517,2026-08-18 22:25:00,cart_add,P013,abandoned,mobile_app,,,,,,Delivery cost too high
C0518,2026-08-19 06:34:00,product_discovery,P023,success,mobile_app,,,,,,
C0519,2026-08-19 06:56:00,product_discovery,P013,success,website,,,,,,
C0519,2026-08-19 07:00:00,product_view,P013,success,website,,,,,,
C0520,2026-08-05 03:00:00,product_discovery,P039,success,mobile_app,,,,,,
C0520,2026-08-05 03:02:00,product_view,P039,success,mobile_app,,,,,,
C0521,2026-08-09 16:33:00,product_discovery,P025,success,website,,,,,,
C0521,2026-08-09 16:37:00,product_view,P025,success,website,,,,,,
C0522,2026-08-18 12:07:00,product_discovery,P006,success,website,,,,,,
C0522,2026-08-18 12:09:00,product_view,P006,success,website,,,,,,
C0523,2026-08-18 03:11:00,product_discovery,P038,success,website,,,,,,
C0523,2026-08-18 03:16:00,product_view,P038,success,website,,,,,,
C0524,2026-08-07 05:28:00,product_discovery,P030,success,mobile_app,,,,,,
C0525,2026-08-16 12:26:00,product_discovery,P005,success,mobile_app,,,,,,
C0525,2026-08-16 12:28:00,product_view,P005,success,mobile_app,,,,,,
C0525,2026-08-16 12:31:00,cart_add,P005,success,mobile_app,,,,,,
C0525,2026-08-16 12:37:00,checkout_start,P005,success,mobile_app,,,,,,
C0525,2026-08-16 12:42:00,payment_attempt,P005,success,mobile_app,TXNC05251741,,,,,
C0525,2026-08-16 12:44:00,payment_success,P005,success,mobile_app,TXNC05251741,,,,,
C0525,2026-08-16 12:45:00,order_confirmation,P005,success,mobile_app,TXNC05251741,ORDC05254076,,,,
C0525,2026-08-19 15:45:00,delivery,P005,success,mobile_app,,ORDC05254076,,,,
C0525,2026-08-29 15:45:00,review,P005,success,mobile_app,,ORDC05254076,,,,
C0525,2026-08-29 15:45:00,purchase_reason_recorded,P005,info,mobile_app,TXNC05251741,ORDC05254076,Fast delivery promised,5.0,4.0,
C0526,2026-08-05 19:34:00,product_discovery,P039,success,mobile_app,,,,,,
C0526,2026-08-05 19:37:00,product_view,P039,success,mobile_app,,,,,,
C0527,2026-08-13 21:17:00,product_discovery,P026,success,website,,,,,,
C0527,2026-08-13 21:20:00,product_view,P026,success,website,,,,,,
C0527,2026-08-13 21:22:00,cart_add,P026,success,website,,,,,,
C0527,2026-08-13 21:30:00,cart_add,P026,abandoned,website,,,,,,Price too high
C0528,2026-08-03 22:05:00,product_discovery,P004,success,website,,,,,,
C0528,2026-08-03 22:06:00,product_view,P004,success,website,,,,,,
C0528,2026-08-03 22:11:00,cart_add,P004,success,website,,,,,,
C0528,2026-08-03 22:21:00,checkout_start,P004,success,website,,,,,,
C0528,2026-08-03 22:28:00,payment_attempt,P004,success,website,TXNC05286284,,,,,
C0528,2026-08-03 22:29:00,payment_success,P004,success,website,TXNC05286284,,,,,
C0528,2026-08-03 22:30:00,order_confirmation,P004,success,website,TXNC05286284,ORDC05284691,,,,
C0528,2026-08-06 02:30:00,delivery,P004,success,website,,ORDC05284691,,,,
C0528,2026-08-06 02:30:00,purchase_reason_recorded,P004,info,website,TXNC05286284,ORDC05284691,Trusted brand,3.0,4.0,
C0529,2026-08-09 09:53:00,product_discovery,P019,success,mobile_app,,,,,,
C0529,2026-08-09 09:54:00,product_view,P019,success,mobile_app,,,,,,
C0530,2026-08-02 15:41:00,product_discovery,P040,success,website,,,,,,
C0530,2026-08-02 15:43:00,product_view,P040,success,website,,,,,,
C0531,2026-08-18 17:36:00,product_discovery,P038,success,website,,,,,,
C0531,2026-08-18 17:40:00,product_view,P038,success,website,,,,,,
C0531,2026-08-18 17:46:00,cart_add,P038,success,website,,,,,,
C0531,2026-08-18 17:51:00,checkout_start,P038,success,website,,,,,,
C0531,2026-08-18 17:58:00,payment_attempt,P038,success,website,TXNC05311168,,,,,
C0531,2026-08-18 18:02:00,payment_success,P038,success,website,TXNC05311168,,,,,
C0531,2026-08-18 18:04:00,order_confirmation,P038,success,website,TXNC05311168,ORDC05319061,,,,
C0531,2026-08-21 21:04:00,delivery,P038,success,website,,ORDC05319061,,,,
C0531,2026-08-23 21:04:00,return,P038,success,website,,ORDC05319061,,,,
C0531,2026-08-23 21:04:00,purchase_reason_recorded,P038,info,website,TXNC05311168,ORDC05319061,Product reviews,5.0,5.0,
C0532,2026-08-09 05:19:00,product_discovery,P029,success,website,,,,,,
C0532,2026-08-09 05:22:00,product_view,P029,success,website,,,,,,
C0532,2026-08-09 05:27:00,cart_add,P029,success,website,,,,,,
C0532,2026-08-09 05:35:00,cart_add,P029,abandoned,website,,,,,,Price too high
C0533,2026-08-09 09:24:00,product_discovery,P018,success,website,,,,,,
C0533,2026-08-09 09:28:00,product_view,P018,success,website,,,,,,
C0534,2026-08-13 18:24:00,product_discovery,P013,success,website,,,,,,
C0534,2026-08-13 18:29:00,product_view,P013,success,website,,,,,,
C0535,2026-08-03 22:55:00,product_discovery,P006,success,mobile_app,,,,,,
C0535,2026-08-03 23:00:00,product_view,P006,success,mobile_app,,,,,,
C0536,2026-08-01 22:04:00,product_discovery,P022,success,website,,,,,,
C0536,2026-08-01 22:07:00,product_view,P022,success,website,,,,,,
C0536,2026-08-01 22:13:00,cart_add,P022,success,website,,,,,,
C0536,2026-08-01 22:22:00,checkout_start,P022,success,website,,,,,,
C0536,2026-08-01 22:30:00,payment_attempt,P022,success,website,TXNC05362651,,,,,
C0536,2026-08-01 22:31:00,payment_success,P022,success,website,TXNC05362651,,,,,
C0536,2026-08-01 22:33:00,order_confirmation,P022,success,website,TXNC05362651,ORDC05366899,,,,
C0536,2026-08-07 02:33:00,delivery,P022,success,website,,ORDC05366899,,,,
C0536,2026-08-13 02:33:00,review,P022,success,website,,ORDC05366899,,,,
C0536,2026-08-13 02:33:00,purchase_reason_recorded,P022,info,website,TXNC05362651,ORDC05366899,Fast delivery promised,2.0,2.0,
C0537,2026-08-14 08:08:00,product_discovery,P016,success,mobile_app,,,,,,
C0537,2026-08-14 08:10:00,product_view,P016,success,mobile_app,,,,,,
C0538,2026-08-12 18:36:00,product_discovery,P021,success,website,,,,,,
C0538,2026-08-12 18:38:00,product_view,P021,success,website,,,,,,
C0539,2026-08-17 15:36:00,product_discovery,P040,success,website,,,,,,
C0539,2026-08-17 15:37:00,product_view,P040,success,website,,,,,,
C0540,2026-08-13 07:59:00,product_discovery,P015,success,mobile_app,,,,,,
C0540,2026-08-13 08:01:00,product_view,P015,success,mobile_app,,,,,,
C0541,2026-08-20 11:39:00,product_discovery,P007,success,website,,,,,,
C0541,2026-08-20 11:40:00,product_view,P007,success,website,,,,,,
C0542,2026-08-20 09:33:00,product_discovery,P040,success,mobile_app,,,,,,
C0542,2026-08-20 09:37:00,product_view,P040,success,mobile_app,,,,,,
C0543,2026-08-10 19:16:00,product_discovery,P033,success,mobile_app,,,,,,
C0543,2026-08-10 19:20:00,product_view,P033,success,mobile_app,,,,,,
C0543,2026-08-10 19:22:00,cart_add,P033,success,mobile_app,,,,,,
C0543,2026-08-10 19:25:00,cart_add,P033,abandoned,mobile_app,,,,,,Found a better deal elsewhere
C0544,2026-08-02 21:29:00,product_discovery,P028,success,mobile_app,,,,,,
C0544,2026-08-02 21:32:00,product_view,P028,success,mobile_app,,,,,,
C0545,2026-08-21 01:32:00,product_discovery,P003,success,mobile_app,,,,,,
C0545,2026-08-21 01:33:00,product_view,P003,success,mobile_app,,,,,,
C0545,2026-08-21 01:41:00,cart_add,P003,success,mobile_app,,,,,,
C0545,2026-08-21 01:51:00,checkout_start,P003,success,mobile_app,,,,,,
C0545,2026-08-21 01:59:00,payment_attempt,P003,success,mobile_app,TXNC05459349,,,,,
C0545,2026-08-21 02:03:00,payment_success,P003,success,mobile_app,TXNC05459349,,,,,
C0545,2026-08-21 02:04:00,order_confirmation,P003,success,mobile_app,TXNC05459349,ORDC05453512,,,,
C0545,2026-08-25 05:04:00,delivery,P003,success,mobile_app,,ORDC05453512,,,,
C0545,2026-08-25 05:04:00,purchase_reason_recorded,P003,info,mobile_app,TXNC05459349,ORDC05453512,Fast delivery promised,3.0,4.0,
C0546,2026-08-09 15:27:00,product_discovery,P027,success,mobile_app,,,,,,
C0546,2026-08-09 15:30:00,product_view,P027,success,mobile_app,,,,,,
C0547,2026-08-03 08:16:00,product_discovery,P006,success,website,,,,,,
C0547,2026-08-03 08:19:00,product_view,P006,success,website,,,,,,
C0547,2026-08-03 08:20:00,cart_add,P006,success,website,,,,,,
C0547,2026-08-03 08:25:00,cart_add,P006,abandoned,website,,,,,,Delivery cost too high
C0548,2026-08-08 05:29:00,product_discovery,P038,success,website,,,,,,
C0549,2026-08-08 14:24:00,product_discovery,P011,success,mobile_app,,,,,,
C0549,2026-08-08 14:26:00,product_view,P011,success,mobile_app,,,,,,
C0550,2026-08-02 22:34:00,product_discovery,P037,success,mobile_app,,,,,,
C0550,2026-08-02 22:37:00,product_view,P037,success,mobile_app,,,,,,
C0550,2026-08-02 22:39:00,cart_add,P037,success,mobile_app,,,,,,
C0550,2026-08-02 22:43:00,cart_add,P037,abandoned,mobile_app,,,,,,Found a better deal elsewhere
C0551,2026-08-15 19:57:00,product_discovery,P020,success,mobile_app,,,,,,
C0551,2026-08-15 20:00:00,product_view,P020,success,mobile_app,,,,,,
C0551,2026-08-15 20:09:00,cart_add,P020,success,mobile_app,,,,,,
C0551,2026-08-15 20:18:00,checkout_start,P020,success,mobile_app,,,,,,
C0551,2026-08-15 20:26:00,payment_attempt,P020,success,mobile_app,TXNC05513490,,,,,
C0551,2026-08-15 20:27:00,payment_success,P020,success,mobile_app,TXNC05513490,,,,,
C0551,2026-08-15 20:28:00,order_confirmation,P020,success,mobile_app,TXNC05513490,ORDC05518154,,,,
C0551,2026-08-22 23:28:00,delivery,P020,success,mobile_app,,ORDC05518154,,,,
C0551,2026-08-29 23:28:00,review,P020,success,mobile_app,,ORDC05518154,,,,
C0551,2026-08-29 23:28:00,purchase_reason_recorded,P020,info,mobile_app,TXNC05513490,ORDC05518154,Trusted brand,2.0,5.0,
C0552,2026-08-08 21:22:00,product_discovery,P035,success,mobile_app,,,,,,
C0552,2026-08-08 21:26:00,product_view,P035,success,mobile_app,,,,,,
C0553,2026-08-03 03:25:00,product_discovery,P031,success,website,,,,,,
C0553,2026-08-03 03:27:00,product_view,P031,success,website,,,,,,
C0553,2026-08-03 03:31:00,cart_add,P031,success,website,,,,,,
C0553,2026-08-03 03:38:00,cart_add,P031,abandoned,website,,,,,,Technical issue at checkout
C0554,2026-08-17 01:58:00,product_discovery,P035,success,mobile_app,,,,,,
C0554,2026-08-17 01:59:00,product_view,P035,success,mobile_app,,,,,,
C0554,2026-08-17 02:08:00,cart_add,P035,success,mobile_app,,,,,,
C0554,2026-08-17 02:11:00,cart_add,P035,abandoned,mobile_app,,,,,,Changed my mind
C0555,2026-08-08 10:50:00,product_discovery,P030,success,mobile_app,,,,,,
C0555,2026-08-08 10:55:00,product_view,P030,success,mobile_app,,,,,,
C0556,2026-08-14 15:46:00,product_discovery,P025,success,mobile_app,,,,,,
C0556,2026-08-14 15:50:00,product_view,P025,success,mobile_app,,,,,,
C0557,2026-08-12 10:25:00,product_discovery,P018,success,mobile_app,,,,,,
C0557,2026-08-12 10:27:00,product_view,P018,success,mobile_app,,,,,,
C0558,2026-08-08 20:48:00,product_discovery,P006,success,mobile_app,,,,,,
C0558,2026-08-08 20:53:00,product_view,P006,success,mobile_app,,,,,,
C0559,2026-08-12 18:06:00,product_discovery,P037,success,mobile_app,,,,,,
C0559,2026-08-12 18:08:00,product_view,P037,success,mobile_app,,,,,,
C0560,2026-08-16 00:40:00,product_discovery,P031,success,mobile_app,,,,,,
C0560,2026-08-16 00:44:00,product_view,P031,success,mobile_app,,,,,,
C0561,2026-08-08 03:46:00,product_discovery,P035,success,website,,,,,,
C0561,2026-08-08 03:51:00,product_view,P035,success,website,,,,,,
C0562,2026-08-03 16:59:00,product_discovery,P031,success,website,,,,,,
C0562,2026-08-03 17:02:00,product_view,P031,success,website,,,,,,
C0563,2026-08-08 04:38:00,product_discovery,P027,success,website,,,,,,
C0563,2026-08-08 04:40:00,product_view,P027,success,website,,,,,,
C0564,2026-08-05 13:39:00,product_discovery,P027,success,mobile_app,,,,,,
C0564,2026-08-05 13:43:00,product_view,P027,success,mobile_app,,,,,,
C0565,2026-08-10 22:47:00,product_discovery,P017,success,website,,,,,,
C0565,2026-08-10 22:51:00,product_view,P017,success,website,,,,,,
C0565,2026-08-10 22:52:00,cart_add,P017,success,website,,,,,,
C0565,2026-08-10 23:04:00,cart_add,P017,abandoned,website,,,,,,Just browsing
C0566,2026-08-20 22:32:00,product_discovery,P026,success,mobile_app,,,,,,
C0566,2026-08-20 22:34:00,product_view,P026,success,mobile_app,,,,,,
C0567,2026-08-16 09:54:00,product_discovery,P003,success,mobile_app,,,,,,
C0567,2026-08-16 09:57:00,product_view,P003,success,mobile_app,,,,,,
C0567,2026-08-16 10:00:00,cart_add,P003,success,mobile_app,,,,,,
C0567,2026-08-16 10:03:00,cart_add,P003,abandoned,mobile_app,,,,,,Changed my mind
C0568,2026-08-12 22:59:00,product_discovery,P035,success,mobile_app,,,,,,
C0568,2026-08-12 23:01:00,product_view,P035,success,mobile_app,,,,,,
C0568,2026-08-12 23:02:00,cart_add,P035,success,mobile_app,,,,,,
C0568,2026-08-12 23:16:00,checkout_start,P035,success,mobile_app,,,,,,
C0568,2026-08-12 23:23:00,payment_attempt,P035,success,mobile_app,TXNC05683557,,,,,
C0568,2026-08-12 23:26:00,payment_failure,P035,failed,mobile_app,TXNC05683557,,,,,
C0569,2026-08-11 19:34:00,product_discovery,P028,success,website,,,,,,
C0569,2026-08-11 19:38:00,product_view,P028,success,website,,,,,,
C0569,2026-08-11 19:48:00,cart_add,P028,success,website,,,,,,
C0569,2026-08-11 19:54:00,checkout_start,P028,success,website,,,,,,
C0569,2026-08-11 20:00:00,payment_attempt,P028,success,website,TXNC05695376,,,,,
C0569,2026-08-11 20:02:00,payment_success,P028,success,website,TXNC05695376,,,,,
C0569,2026-08-11 20:04:00,order_confirmation,P028,success,website,TXNC05695376,ORDC05696450,,,,
C0569,2026-08-14 21:04:00,delivery,P028,success,website,,ORDC05696450,,,,
C0569,2026-08-14 21:04:00,purchase_reason_recorded,P028,info,website,TXNC05695376,ORDC05696450,Trusted brand,2.0,4.0,
C0570,2026-08-10 08:14:00,product_discovery,P028,success,website,,,,,,
C0570,2026-08-10 08:18:00,product_view,P028,success,website,,,,,,
C0570,2026-08-10 08:24:00,cart_add,P028,success,website,,,,,,
C0570,2026-08-10 08:28:00,checkout_start,P028,success,website,,,,,,
C0570,2026-08-10 08:31:00,payment_attempt,P028,success,website,TXNC05706681,,,,,
C0570,2026-08-10 08:36:00,payment_success,P028,success,website,TXNC05706681,,,,,
C0570,2026-08-10 08:38:00,order_confirmation,P028,success,website,TXNC05706681,ORDC05707245,,,,
C0570,2026-08-12 12:38:00,delivery,P028,success,website,,ORDC05707245,,,,
C0570,2026-08-12 12:38:00,purchase_reason_recorded,P028,info,website,TXNC05706681,ORDC05707245,Fast delivery promised,2.0,5.0,
C0571,2026-08-21 05:53:00,product_discovery,P019,success,website,,,,,,
C0571,2026-08-21 05:57:00,product_view,P019,success,website,,,,,,
C0572,2026-08-14 05:58:00,product_discovery,P029,success,website,,,,,,
C0572,2026-08-14 06:00:00,product_view,P029,success,website,,,,,,
C0572,2026-08-14 06:08:00,cart_add,P029,success,website,,,,,,
C0572,2026-08-14 06:23:00,checkout_start,P029,success,website,,,,,,
C0572,2026-08-14 06:27:00,payment_attempt,P029,success,website,TXNC05728175,,,,,
C0572,2026-08-14 06:32:00,payment_success,P029,success,website,TXNC05728175,,,,,
C0572,2026-08-14 06:35:00,order_confirmation,P029,success,website,TXNC05728175,ORDC05724168,,,,
C0572,2026-08-21 08:35:00,delivery,P029,success,website,,ORDC05724168,,,,
C0572,2026-08-24 08:35:00,return,P029,success,website,,ORDC05724168,,,,
C0572,2026-09-02 08:35:00,review,P029,success,website,,ORDC05724168,,,,
C0572,2026-09-02 08:35:00,purchase_reason_recorded,P029,info,website,TXNC05728175,ORDC05724168,Fast delivery promised,4.0,4.0,
C0573,2026-08-17 20:08:00,product_discovery,P013,success,mobile_app,,,,,,
C0573,2026-08-17 20:13:00,product_view,P013,success,mobile_app,,,,,,
C0573,2026-08-17 20:21:00,cart_add,P013,success,mobile_app,,,,,,
C0573,2026-08-17 20:24:00,checkout_start,P013,success,mobile_app,,,,,,
C0573,2026-08-17 20:29:00,payment_attempt,P013,success,mobile_app,TXNC05732934,,,,,
C0573,2026-08-17 20:33:00,payment_success,P013,success,mobile_app,TXNC05732934,,,,,
C0573,2026-08-17 20:34:00,order_confirmation,P013,success,mobile_app,TXNC05732934,ORDC05732856,,,,
C0573,2026-08-24 23:34:00,delivery,P013,success,mobile_app,,ORDC05732856,,,,
C0573,2026-08-24 23:34:00,purchase_reason_recorded,P013,info,mobile_app,TXNC05732934,ORDC05732856,Good price,3.0,3.0,
C0574,2026-08-11 09:59:00,product_discovery,P031,success,website,,,,,,
C0575,2026-08-03 18:19:00,product_discovery,P019,success,website,,,,,,
C0575,2026-08-03 18:20:00,product_view,P019,success,website,,,,,,
C0575,2026-08-03 18:22:00,cart_add,P019,success,website,,,,,,
C0575,2026-08-03 18:31:00,cart_add,P019,abandoned,website,,,,,,Delivery cost too high
C0576,2026-08-07 17:36:00,product_discovery,P023,success,mobile_app,,,,,,
C0576,2026-08-07 17:37:00,product_view,P023,success,mobile_app,,,,,,
C0577,2026-08-07 15:50:00,product_discovery,P027,success,website,,,,,,
C0577,2026-08-07 15:55:00,product_view,P027,success,website,,,,,,
C0578,2026-08-01 18:50:00,product_discovery,P029,success,website,,,,,,
C0578,2026-08-01 18:54:00,product_view,P029,success,website,,,,,,
C0579,2026-08-18 00:26:00,product_discovery,P015,success,mobile_app,,,,,,
C0579,2026-08-18 00:31:00,product_view,P015,success,mobile_app,,,,,,
C0580,2026-08-03 08:02:00,product_discovery,P019,success,website,,,,,,
C0580,2026-08-03 08:07:00,product_view,P019,success,website,,,,,,
C0581,2026-08-12 05:37:00,product_discovery,P039,success,mobile_app,,,,,,
C0581,2026-08-12 05:42:00,product_view,P039,success,mobile_app,,,,,,
C0582,2026-08-06 18:46:00,product_discovery,P037,success,mobile_app,,,,,,
C0582,2026-08-06 18:51:00,product_view,P037,success,mobile_app,,,,,,
C0583,2026-08-10 19:17:00,product_discovery,P004,success,mobile_app,,,,,,
C0583,2026-08-10 19:19:00,product_view,P004,success,mobile_app,,,,,,
C0584,2026-08-04 18:48:00,product_discovery,P014,success,website,,,,,,
C0584,2026-08-04 18:52:00,product_view,P014,success,website,,,,,,
C0585,2026-08-18 05:48:00,product_discovery,P032,success,website,,,,,,
C0585,2026-08-18 05:52:00,product_view,P032,success,website,,,,,,
C0586,2026-08-10 18:42:00,product_discovery,P031,success,mobile_app,,,,,,
C0586,2026-08-10 18:43:00,product_view,P031,success,mobile_app,,,,,,
C0586,2026-08-10 18:49:00,cart_add,P031,success,mobile_app,,,,,,
C0586,2026-08-10 18:58:00,cart_add,P031,abandoned,mobile_app,,,,,,Found a better deal elsewhere
C0587,2026-08-12 12:22:00,product_discovery,P027,success,mobile_app,,,,,,
C0587,2026-08-12 12:26:00,product_view,P027,success,mobile_app,,,,,,
C0587,2026-08-12 12:27:00,cart_add,P027,success,mobile_app,,,,,,
C0587,2026-08-12 12:32:00,checkout_start,P027,success,mobile_app,,,,,,
C0587,2026-08-12 12:35:00,payment_attempt,P027,success,mobile_app,TXNC05873908,,,,,
C0587,2026-08-12 12:40:00,payment_failure,P027,failed,mobile_app,TXNC05873908,,,,,
C0588,2026-08-02 10:15:00,product_discovery,P021,success,mobile_app,,,,,,
C0588,2026-08-02 10:19:00,product_view,P021,success,mobile_app,,,,,,
C0589,2026-08-12 13:16:00,product_discovery,P037,success,website,,,,,,
C0589,2026-08-12 13:18:00,product_view,P037,success,website,,,,,,
C0589,2026-08-12 13:28:00,cart_add,P037,success,website,,,,,,
C0589,2026-08-12 13:36:00,checkout_start,P037,success,website,,,,,,
C0589,2026-08-12 13:38:00,payment_attempt,P037,success,website,TXNC05891065,,,,,
C0589,2026-08-12 13:42:00,payment_success,P037,success,website,TXNC05891065,,,,,
C0589,2026-08-12 13:44:00,order_confirmation,P037,success,website,TXNC05891065,ORDC05898544,,,,
C0589,2026-08-14 16:44:00,delivery,P037,success,website,,ORDC05898544,,,,
C0589,2026-08-25 16:44:00,review,P037,success,website,,ORDC05898544,,,,
C0589,2026-08-25 16:44:00,purchase_reason_recorded,P037,info,website,TXNC05891065,ORDC05898544,Needed it urgently,4.0,5.0,
C0590,2026-08-15 00:27:00,product_discovery,P019,success,mobile_app,,,,,,
C0590,2026-08-15 00:28:00,product_view,P019,success,mobile_app,,,,,,
C0591,2026-08-12 00:18:00,product_discovery,P033,success,mobile_app,,,,,,
C0591,2026-08-12 00:23:00,product_view,P033,success,mobile_app,,,,,,
C0592,2026-08-12 07:46:00,product_discovery,P007,success,mobile_app,,,,,,
C0592,2026-08-12 07:48:00,product_view,P007,success,mobile_app,,,,,,
C0592,2026-08-12 07:52:00,cart_add,P007,success,mobile_app,,,,,,
C0592,2026-08-12 08:05:00,checkout_start,P007,success,mobile_app,,,,,,
C0592,2026-08-12 08:13:00,payment_attempt,P007,success,mobile_app,TXNC05929268,,,,,
C0592,2026-08-12 08:16:00,payment_success,P007,success,mobile_app,TXNC05929268,,,,,
C0592,2026-08-12 08:19:00,order_confirmation,P007,success,mobile_app,TXNC05929268,ORDC05925463,,,,
C0592,2026-08-17 10:19:00,delivery,P007,success,mobile_app,,ORDC05925463,,,,
C0592,2026-08-17 10:19:00,purchase_reason_recorded,P007,info,mobile_app,TXNC05929268,ORDC05925463,Good price,3.0,2.0,
C0593,2026-08-09 04:36:00,product_discovery,P013,success,website,,,,,,
C0593,2026-08-09 04:39:00,product_view,P013,success,website,,,,,,
C0593,2026-08-09 04:48:00,cart_add,P013,success,website,,,,,,
C0593,2026-08-09 04:52:00,cart_add,P013,abandoned,website,,,,,,Price too high
C0594,2026-08-08 20:28:00,product_discovery,P040,success,website,,,,,,
C0594,2026-08-08 20:30:00,product_view,P040,success,website,,,,,,
C0595,2026-08-14 18:35:00,product_discovery,P023,success,website,,,,,,
C0595,2026-08-14 18:37:00,product_view,P023,success,website,,,,,,
C0595,2026-08-14 18:41:00,cart_add,P023,success,website,,,,,,
C0595,2026-08-14 18:43:00,cart_add,P023,abandoned,website,,,,,,Price too high
C0596,2026-08-15 11:53:00,product_discovery,P012,success,mobile_app,,,,,,
C0596,2026-08-15 11:57:00,product_view,P012,success,mobile_app,,,,,,
C0596,2026-08-15 11:58:00,cart_add,P012,success,mobile_app,,,,,,
C0596,2026-08-15 12:11:00,checkout_start,P012,success,mobile_app,,,,,,
C0596,2026-08-15 12:14:00,payment_attempt,P012,success,mobile_app,TXNC05963991,,,,,
C0596,2026-08-15 12:19:00,payment_success,P012,success,mobile_app,TXNC05963991,,,,,
C0596,2026-08-15 12:21:00,order_confirmation,P012,success,mobile_app,TXNC05963991,ORDC05962794,,,,
C0596,2026-08-22 13:21:00,delivery,P012,success,mobile_app,,ORDC05962794,,,,
C0596,2026-08-22 13:21:00,purchase_reason_recorded,P012,info,mobile_app,TXNC05963991,ORDC05962794,Needed it urgently,2.0,4.0,
C0597,2026-08-17 19:59:00,product_discovery,P018,success,mobile_app,,,,,,
C0597,2026-08-17 20:01:00,product_view,P018,success,mobile_app,,,,,,
C0597,2026-08-17 20:03:00,cart_add,P018,success,mobile_app,,,,,,
C0597,2026-08-17 20:07:00,checkout_start,P018,success,mobile_app,,,,,,
C0597,2026-08-17 20:10:00,payment_attempt,P018,success,mobile_app,TXNC05975522,,,,,
C0597,2026-08-17 20:14:00,payment_success,P018,success,mobile_app,TXNC05975522,,,,,
C0597,2026-08-17 20:16:00,order_confirmation,P018,success,mobile_app,TXNC05975522,ORDC05976658,,,,
C0597,2026-08-23 00:16:00,delivery,P018,success,mobile_app,,ORDC05976658,,,,
C0597,2026-08-26 00:16:00,return,P018,success,mobile_app,,ORDC05976658,,,,
C0597,2026-08-26 00:16:00,purchase_reason_recorded,P018,info,mobile_app,TXNC05975522,ORDC05976658,Good price,3.0,4.0,
C0598,2026-08-04 00:03:00,product_discovery,P033,success,mobile_app,,,,,,
C0598,2026-08-04 00:05:00,product_view,P033,success,mobile_app,,,,,,
C0599,2026-08-08 02:14:00,product_discovery,P039,success,mobile_app,,,,,,
C0599,2026-08-08 02:19:00,product_view,P039,success,mobile_app,,,,,,
C0599,2026-08-08 02:26:00,cart_add,P039,success,mobile_app,,,,,,
C0599,2026-08-08 02:37:00,cart_add,P039,abandoned,mobile_app,,,,,,Found a better deal elsewhere
C0600,2026-08-12 14:50:00,product_discovery,P029,success,website,,,,,,
C0600,2026-08-12 14:55:00,product_view,P029,success,website,,,,,,
C0601,2026-08-11 12:50:00,product_discovery,P005,success,mobile_app,,,,,,
C0601,2026-08-11 12:53:00,product_view,P005,success,mobile_app,,,,,,
C0602,2026-08-18 09:24:00,product_discovery,P039,success,mobile_app,,,,,,
C0602,2026-08-18 09:25:00,product_view,P039,success,mobile_app,,,,,,
C0602,2026-08-18 09:35:00,cart_add,P039,success,mobile_app,,,,,,
C0602,2026-08-18 09:38:00,cart_add,P039,abandoned,mobile_app,,,,,,Found a better deal elsewhere
C0603,2026-08-13 19:54:00,product_discovery,P015,success,website,,,,,,
C0603,2026-08-13 19:56:00,product_view,P015,success,website,,,,,,
C0603,2026-08-13 20:00:00,cart_add,P015,success,website,,,,,,
C0603,2026-08-13 20:09:00,checkout_start,P015,success,website,,,,,,
C0603,2026-08-13 20:15:00,payment_attempt,P015,success,website,TXNC06039557,,,,,
C0603,2026-08-13 20:20:00,payment_success,P015,success,website,TXNC06039557,,,,,
C0603,2026-08-13 20:22:00,order_confirmation,P015,success,website,TXNC06039557,ORDC06032353,,,,
C0603,2026-08-19 22:22:00,delivery,P015,success,website,,ORDC06032353,,,,
C0603,2026-08-19 22:22:00,purchase_reason_recorded,P015,info,website,TXNC06039557,ORDC06032353,Product reviews,3.0,4.0,
C0604,2026-08-12 23:48:00,product_discovery,P020,success,website,,,,,,
C0604,2026-08-12 23:51:00,product_view,P020,success,website,,,,,,
C0605,2026-08-04 06:20:00,product_discovery,P016,success,website,,,,,,
C0605,2026-08-04 06:22:00,product_view,P016,success,website,,,,,,
C0606,2026-08-05 03:25:00,product_discovery,P022,success,mobile_app,,,,,,
C0606,2026-08-05 03:30:00,product_view,P022,success,mobile_app,,,,,,
C0607,2026-08-13 02:51:00,product_discovery,P033,success,website,,,,,,
C0607,2026-08-13 02:56:00,product_view,P033,success,website,,,,,,
C0607,2026-08-13 03:01:00,cart_add,P033,success,website,,,,,,
C0607,2026-08-13 03:11:00,cart_add,P033,abandoned,website,,,,,,Technical issue at checkout
C0608,2026-08-12 22:54:00,product_discovery,P019,success,mobile_app,,,,,,
C0609,2026-08-18 10:49:00,product_discovery,P001,success,website,,,,,,
C0609,2026-08-18 10:54:00,product_view,P001,success,website,,,,,,
C0610,2026-08-20 01:44:00,product_discovery,P029,success,website,,,,,,
C0610,2026-08-20 01:45:00,product_view,P029,success,website,,,,,,
C0611,2026-08-02 23:05:00,product_discovery,P013,success,mobile_app,,,,,,
C0611,2026-08-02 23:09:00,product_view,P013,success,mobile_app,,,,,,
C0612,2026-08-04 19:13:00,product_discovery,P025,success,mobile_app,,,,,,
C0612,2026-08-04 19:15:00,product_view,P025,success,mobile_app,,,,,,
C0613,2026-08-13 18:32:00,product_discovery,P035,success,website,,,,,,
C0613,2026-08-13 18:34:00,product_view,P035,success,website,,,,,,
C0613,2026-08-13 18:44:00,cart_add,P035,success,website,,,,,,
C0613,2026-08-13 18:53:00,checkout_start,P035,success,website,,,,,,
C0614,2026-08-03 07:05:00,product_discovery,P025,success,mobile_app,,,,,,
C0614,2026-08-03 07:07:00,product_view,P025,success,mobile_app,,,,,,
C0615,2026-08-07 12:04:00,product_discovery,P038,success,website,,,,,,
C0616,2026-08-12 00:52:00,product_discovery,P031,success,mobile_app,,,,,,
C0616,2026-08-12 00:56:00,product_view,P031,success,mobile_app,,,,,,
C0616,2026-08-12 00:57:00,cart_add,P031,success,mobile_app,,,,,,
C0616,2026-08-12 01:11:00,cart_add,P031,abandoned,mobile_app,,,,,,Changed my mind
C0617,2026-08-03 15:47:00,product_discovery,P031,success,website,,,,,,
C0617,2026-08-03 15:51:00,product_view,P031,success,website,,,,,,
C0618,2026-08-04 07:22:00,product_discovery,P004,success,mobile_app,,,,,,
C0618,2026-08-04 07:23:00,product_view,P004,success,mobile_app,,,,,,
C0618,2026-08-04 07:29:00,cart_add,P004,success,mobile_app,,,,,,
C0618,2026-08-04 07:39:00,cart_add,P004,abandoned,mobile_app,,,,,,Found a better deal elsewhere
C0619,2026-08-14 17:26:00,product_discovery,P016,success,website,,,,,,
C0619,2026-08-14 17:30:00,product_view,P016,success,website,,,,,,
C0620,2026-08-08 16:59:00,product_discovery,P031,success,mobile_app,,,,,,
C0620,2026-08-08 17:00:00,product_view,P031,success,mobile_app,,,,,,
C0620,2026-08-08 17:01:00,cart_add,P031,success,mobile_app,,,,,,
C0620,2026-08-08 17:05:00,checkout_start,P031,success,mobile_app,,,,,,
C0620,2026-08-08 17:12:00,payment_attempt,P031,success,mobile_app,TXNC06209164,,,,,
C0620,2026-08-08 17:16:00,payment_success,P031,success,mobile_app,TXNC06209164,,,,,
C0620,2026-08-08 17:18:00,order_confirmation,P031,success,mobile_app,TXNC06209164,ORDC06202340,,,,
C0620,2026-08-11 21:18:00,delivery,P031,success,mobile_app,,ORDC06202340,,,,
C0620,2026-08-17 21:18:00,return,P031,success,mobile_app,,ORDC06202340,,,,
C0620,2026-08-25 21:18:00,review,P031,success,mobile_app,,ORDC06202340,,,,
C0620,2026-08-25 21:18:00,purchase_reason_recorded,P031,info,mobile_app,TXNC06209164,ORDC06202340,Trusted brand,5.0,2.0,
C0621,2026-08-02 04:50:00,product_discovery,P021,success,mobile_app,,,,,,
C0621,2026-08-02 04:55:00,product_view,P021,success,mobile_app,,,,,,
C0622,2026-08-06 01:07:00,product_discovery,P034,success,website,,,,,,
C0622,2026-08-06 01:08:00,product_view,P034,success,website,,,,,,
C0623,2026-08-06 10:03:00,product_discovery,P038,success,website,,,,,,
C0623,2026-08-06 10:05:00,product_view,P038,success,website,,,,,,
C0624,2026-08-04 09:05:00,product_discovery,P024,success,mobile_app,,,,,,
C0624,2026-08-04 09:10:00,product_view,P024,success,mobile_app,,,,,,
C0625,2026-08-18 11:59:00,product_discovery,P031,success,website,,,,,,
C0625,2026-08-18 12:04:00,product_view,P031,success,website,,,,,,
C0626,2026-08-18 18:56:00,product_discovery,P030,success,mobile_app,,,,,,
C0627,2026-08-07 07:32:00,product_discovery,P015,success,website,,,,,,
C0627,2026-08-07 07:35:00,product_view,P015,success,website,,,,,,
C0627,2026-08-07 07:39:00,cart_add,P015,success,website,,,,,,
C0627,2026-08-07 07:42:00,cart_add,P015,abandoned,website,,,,,,Delivery cost too high
C0628,2026-08-16 21:11:00,product_discovery,P034,success,website,,,,,,
C0628,2026-08-16 21:16:00,product_view,P034,success,website,,,,,,
C0629,2026-08-03 23:09:00,product_discovery,P036,success,mobile_app,,,,,,
C0629,2026-08-03 23:12:00,product_view,P036,success,mobile_app,,,,,,
C0630,2026-08-04 04:46:00,product_discovery,P022,success,mobile_app,,,,,,
C0630,2026-08-04 04:48:00,product_view,P022,success,mobile_app,,,,,,
C0631,2026-08-20 12:04:00,product_discovery,P030,success,mobile_app,,,,,,
C0631,2026-08-20 12:05:00,product_view,P030,success,mobile_app,,,,,,
C0632,2026-08-11 03:55:00,product_discovery,P019,success,mobile_app,,,,,,
C0633,2026-08-01 09:53:00,product_discovery,P023,success,website,,,,,,
C0633,2026-08-01 09:54:00,product_view,P023,success,website,,,,,,
C0633,2026-08-01 10:04:00,cart_add,P023,success,website,,,,,,
C0633,2026-08-01 10:09:00,checkout_start,P023,success,website,,,,,,
C0633,2026-08-01 10:14:00,payment_attempt,P023,success,website,TXNC06332294,,,,,
C0633,2026-08-01 10:19:00,payment_failure,P023,failed,website,TXNC06332294,,,,,
C0634,2026-08-13 10:34:00,product_discovery,P011,success,website,,,,,,
C0634,2026-08-13 10:39:00,product_view,P011,success,website,,,,,,
C0634,2026-08-13 10:40:00,cart_add,P011,success,website,,,,,,
C0634,2026-08-13 10:46:00,cart_add,P011,abandoned,website,,,,,,Delivery cost too high
C0635,2026-08-03 23:54:00,product_discovery,P022,success,website,,,,,,
C0635,2026-08-03 23:58:00,product_view,P022,success,website,,,,,,
C0636,2026-08-16 18:39:00,product_discovery,P017,success,website,,,,,,
C0636,2026-08-16 18:40:00,product_view,P017,success,website,,,,,,
C0637,2026-08-09 19:37:00,product_discovery,P009,success,website,,,,,,
C0637,2026-08-09 19:41:00,product_view,P009,success,website,,,,,,
C0638,2026-08-04 18:07:00,product_discovery,P020,success,website,,,,,,
C0638,2026-08-04 18:11:00,product_view,P020,success,website,,,,,,
C0638,2026-08-04 18:19:00,cart_add,P020,success,website,,,,,,
C0638,2026-08-04 18:26:00,cart_add,P020,abandoned,website,,,,,,Delivery cost too high
C0639,2026-08-09 04:28:00,product_discovery,P034,success,website,,,,,,
C0639,2026-08-09 04:29:00,product_view,P034,success,website,,,,,,
C0639,2026-08-09 04:37:00,cart_add,P034,success,website,,,,,,
C0639,2026-08-09 04:46:00,checkout_start,P034,success,website,,,,,,
C0639,2026-08-09 04:50:00,payment_attempt,P034,success,website,TXNC06398997,,,,,
C0639,2026-08-09 04:54:00,payment_success,P034,success,website,TXNC06398997,,,,,
C0639,2026-08-09 04:57:00,order_confirmation,P034,success,website,TXNC06398997,ORDC06392283,,,,
C0639,2026-08-11 06:57:00,delivery,P034,success,website,,ORDC06392283,,,,
C0639,2026-08-11 06:57:00,purchase_reason_recorded,P034,info,website,TXNC06398997,ORDC06392283,Trusted brand,3.0,2.0,
C0640,2026-08-14 16:22:00,product_discovery,P004,success,website,,,,,,
C0640,2026-08-14 16:27:00,product_view,P004,success,website,,,,,,
C0641,2026-08-13 20:20:00,product_discovery,P016,success,mobile_app,,,,,,
C0641,2026-08-13 20:22:00,product_view,P016,success,mobile_app,,,,,,
C0641,2026-08-13 20:27:00,cart_add,P016,success,mobile_app,,,,,,
C0641,2026-08-13 20:28:00,checkout_start,P016,success,mobile_app,,,,,,
C0641,2026-08-13 20:35:00,payment_attempt,P016,success,mobile_app,TXNC06419537,,,,,
C0641,2026-08-13 20:37:00,payment_success,P016,success,mobile_app,TXNC06419537,,,,,
C0641,2026-08-13 20:38:00,order_confirmation,P016,success,mobile_app,TXNC06419537,ORDC06414001,,,,
C0641,2026-08-19 23:38:00,delivery,P016,success,mobile_app,,ORDC06414001,,,,
C0641,2026-08-19 23:38:00,purchase_reason_recorded,P016,info,mobile_app,TXNC06419537,ORDC06414001,Trusted brand,4.0,2.0,
C0642,2026-08-15 03:15:00,product_discovery,P001,success,mobile_app,,,,,,
C0642,2026-08-15 03:19:00,product_view,P001,success,mobile_app,,,,,,
C0643,2026-08-01 13:46:00,product_discovery,P031,success,mobile_app,,,,,,
C0643,2026-08-01 13:49:00,product_view,P031,success,mobile_app,,,,,,
C0643,2026-08-01 13:58:00,cart_add,P031,success,mobile_app,,,,,,
C0643,2026-08-01 14:12:00,checkout_start,P031,success,mobile_app,,,,,,
C0644,2026-08-05 16:49:00,product_discovery,P036,success,mobile_app,,,,,,
C0644,2026-08-05 16:50:00,product_view,P036,success,mobile_app,,,,,,
C0645,2026-08-05 14:05:00,product_discovery,P023,success,website,,,,,,
C0645,2026-08-05 14:07:00,product_view,P023,success,website,,,,,,
C0645,2026-08-05 14:16:00,cart_add,P023,success,website,,,,,,
C0645,2026-08-05 14:23:00,cart_add,P023,abandoned,website,,,,,,Just browsing
C0646,2026-08-05 14:05:00,product_discovery,P018,success,mobile_app,,,,,,
C0646,2026-08-05 14:06:00,product_view,P018,success,mobile_app,,,,,,
C0646,2026-08-05 14:08:00,cart_add,P018,success,mobile_app,,,,,,
C0646,2026-08-05 14:17:00,cart_add,P018,abandoned,mobile_app,,,,,,Technical issue at checkout
C0647,2026-08-11 15:07:00,product_discovery,P026,success,website,,,,,,
C0647,2026-08-11 15:08:00,product_view,P026,success,website,,,,,,
C0647,2026-08-11 15:11:00,cart_add,P026,success,website,,,,,,
C0647,2026-08-11 15:13:00,cart_add,P026,abandoned,website,,,,,,Changed my mind
C0648,2026-08-19 17:52:00,product_discovery,P007,success,website,,,,,,
C0648,2026-08-19 17:56:00,product_view,P007,success,website,,,,,,
C0648,2026-08-19 17:59:00,cart_add,P007,success,website,,,,,,
C0648,2026-08-19 18:07:00,checkout_start,P007,success,website,,,,,,
C0648,2026-08-19 18:12:00,payment_attempt,P007,success,website,TXNC06481870,,,,,
C0648,2026-08-19 18:17:00,payment_success,P007,success,website,TXNC06481870,,,,,
C0648,2026-08-19 18:18:00,order_confirmation,P007,success,website,TXNC06481870,ORDC06488116,,,,
C0648,2026-08-25 19:18:00,delivery,P007,success,website,,ORDC06488116,,,,
C0648,2026-08-25 19:18:00,purchase_reason_recorded,P007,info,website,TXNC06481870,ORDC06488116,Needed it urgently,5.0,3.0,
C0649,2026-08-15 08:24:00,product_discovery,P033,success,website,,,,,,
C0649,2026-08-15 08:26:00,product_view,P033,success,website,,,,,,
C0650,2026-08-10 17:56:00,product_discovery,P003,success,mobile_app,,,,,,
C0650,2026-08-10 17:57:00,product_view,P003,success,mobile_app,,,,,,
C0650,2026-08-10 18:02:00,cart_add,P003,success,mobile_app,,,,,,
C0650,2026-08-10 18:14:00,checkout_start,P003,success,mobile_app,,,,,,
C0650,2026-08-10 18:17:00,payment_attempt,P003,success,mobile_app,TXNC06507675,,,,,
C0650,2026-08-10 18:21:00,payment_success,P003,success,mobile_app,TXNC06507675,,,,,
C0650,2026-08-10 18:24:00,order_confirmation,P003,success,mobile_app,TXNC06507675,ORDC06509658,,,,
C0650,2026-08-13 19:24:00,delivery,P003,success,mobile_app,,ORDC06509658,,,,
C0650,2026-08-19 19:24:00,return,P003,success,mobile_app,,ORDC06509658,,,,
C0650,2026-08-19 19:24:00,purchase_reason_recorded,P003,info,mobile_app,TXNC06507675,ORDC06509658,Fast delivery promised,2.0,2.0,
C0651,2026-08-11 13:30:00,product_discovery,P034,success,website,,,,,,
C0651,2026-08-11 13:31:00,product_view,P034,success,website,,,,,,
C0652,2026-08-12 09:34:00,product_discovery,P014,success,website,,,,,,
C0652,2026-08-12 09:36:00,product_view,P014,success,website,,,,,,
C0652,2026-08-12 09:40:00,cart_add,P014,success,website,,,,,,
C0652,2026-08-12 09:54:00,checkout_start,P014,success,website,,,,,,
C0652,2026-08-12 09:59:00,payment_attempt,P014,success,website,TXNC06528066,,,,,
C0652,2026-08-12 10:02:00,payment_failure,P014,failed,website,TXNC06528066,,,,,
C0653,2026-08-09 07:25:00,product_discovery,P040,success,website,,,,,,
C0653,2026-08-09 07:28:00,product_view,P040,success,website,,,,,,
C0653,2026-08-09 07:37:00,cart_add,P040,success,website,,,,,,
C0653,2026-08-09 07:43:00,checkout_start,P040,success,website,,,,,,
C0654,2026-08-16 00:01:00,product_discovery,P020,success,mobile_app,,,,,,
C0654,2026-08-16 00:03:00,product_view,P020,success,mobile_app,,,,,,
C0655,2026-08-15 22:59:00,product_discovery,P003,success,mobile_app,,,,,,
C0655,2026-08-15 23:01:00,product_view,P003,success,mobile_app,,,,,,
C0655,2026-08-15 23:04:00,cart_add,P003,success,mobile_app,,,,,,
C0655,2026-08-15 23:16:00,cart_add,P003,abandoned,mobile_app,,,,,,Just browsing
C0656,2026-08-07 01:44:00,product_discovery,P019,success,website,,,,,,
C0656,2026-08-07 01:49:00,product_view,P019,success,website,,,,,,
C0657,2026-08-13 07:41:00,product_discovery,P030,success,mobile_app,,,,,,
C0657,2026-08-13 07:46:00,product_view,P030,success,mobile_app,,,,,,
C0657,2026-08-13 07:56:00,cart_add,P030,success,mobile_app,,,,,,
C0657,2026-08-13 08:00:00,cart_add,P030,abandoned,mobile_app,,,,,,Technical issue at checkout
C0658,2026-08-07 22:37:00,product_discovery,P020,success,website,,,,,,
C0658,2026-08-07 22:38:00,product_view,P020,success,website,,,,,,
C0659,2026-08-03 12:00:00,product_discovery,P011,success,website,,,,,,
C0659,2026-08-03 12:04:00,product_view,P011,success,website,,,,,,
C0660,2026-08-14 23:09:00,product_discovery,P032,success,website,,,,,,
C0661,2026-08-11 14:55:00,product_discovery,P008,success,website,,,,,,
C0661,2026-08-11 15:00:00,product_view,P008,success,website,,,,,,
C0661,2026-08-11 15:07:00,cart_add,P008,success,website,,,,,,
C0661,2026-08-11 15:19:00,checkout_start,P008,success,website,,,,,,
C0661,2026-08-11 15:25:00,payment_attempt,P008,success,website,TXNC06616318,,,,,
C0661,2026-08-11 15:29:00,payment_success,P008,success,website,TXNC06616318,,,,,
C0661,2026-08-11 15:30:00,order_confirmation,P008,success,website,TXNC06616318,ORDC06613999,,,,
C0661,2026-08-14 16:30:00,delivery,P008,success,website,,ORDC06613999,,,,
C0661,2026-08-14 16:30:00,purchase_reason_recorded,P008,info,website,TXNC06616318,ORDC06613999,Good price,2.0,2.0,
C0662,2026-08-04 02:15:00,product_discovery,P018,success,mobile_app,,,,,,
C0663,2026-08-03 06:55:00,product_discovery,P024,success,mobile_app,,,,,,
C0663,2026-08-03 07:00:00,product_view,P024,success,mobile_app,,,,,,
C0663,2026-08-03 07:03:00,cart_add,P024,success,mobile_app,,,,,,
C0663,2026-08-03 07:05:00,checkout_start,P024,success,mobile_app,,,,,,
C0663,2026-08-03 07:09:00,payment_attempt,P024,success,mobile_app,TXNC06637596,,,,,
C0663,2026-08-03 07:11:00,payment_success,P024,success,mobile_app,TXNC06637596,,,,,
C0663,2026-08-03 07:13:00,order_confirmation,P024,success,mobile_app,TXNC06637596,ORDC06636897,,,,
C0663,2026-08-06 11:13:00,delivery,P024,success,mobile_app,,ORDC06636897,,,,
C0663,2026-08-06 11:13:00,purchase_reason_recorded,P024,info,mobile_app,TXNC06637596,ORDC06636897,Fast delivery promised,4.0,3.0,
C0664,2026-08-19 14:03:00,product_discovery,P009,success,mobile_app,,,,,,
C0664,2026-08-19 14:04:00,product_view,P009,success,mobile_app,,,,,,
C0665,2026-08-07 16:34:00,product_discovery,P009,success,website,,,,,,
C0665,2026-08-07 16:37:00,product_view,P009,success,website,,,,,,
C0666,2026-08-13 17:56:00,product_discovery,P026,success,mobile_app,,,,,,
C0666,2026-08-13 17:58:00,product_view,P026,success,mobile_app,,,,,,
C0666,2026-08-13 18:08:00,cart_add,P026,success,mobile_app,,,,,,
C0666,2026-08-13 18:15:00,cart_add,P026,abandoned,mobile_app,,,,,,Technical issue at checkout
C0667,2026-08-09 05:59:00,product_discovery,P033,success,mobile_app,,,,,,
C0667,2026-08-09 06:01:00,product_view,P033,success,mobile_app,,,,,,
C0667,2026-08-09 06:08:00,cart_add,P033,success,mobile_app,,,,,,
C0667,2026-08-09 06:20:00,cart_add,P033,abandoned,mobile_app,,,,,,Just browsing
C0668,2026-08-04 17:46:00,product_discovery,P018,success,mobile_app,,,,,,
C0668,2026-08-04 17:48:00,product_view,P018,success,mobile_app,,,,,,
C0669,2026-08-15 11:22:00,product_discovery,P038,success,mobile_app,,,,,,
C0669,2026-08-15 11:25:00,product_view,P038,success,mobile_app,,,,,,
C0670,2026-08-06 10:38:00,product_discovery,P038,success,website,,,,,,
C0671,2026-08-03 07:16:00,product_discovery,P009,success,mobile_app,,,,,,
C0671,2026-08-03 07:20:00,product_view,P009,success,mobile_app,,,,,,
C0672,2026-08-07 11:15:00,product_discovery,P040,success,website,,,,,,
C0672,2026-08-07 11:19:00,product_view,P040,success,website,,,,,,
C0673,2026-08-10 15:40:00,product_discovery,P024,success,mobile_app,,,,,,
C0673,2026-08-10 15:43:00,product_view,P024,success,mobile_app,,,,,,
C0674,2026-08-16 12:32:00,product_discovery,P028,success,mobile_app,,,,,,
C0674,2026-08-16 12:33:00,product_view,P028,success,mobile_app,,,,,,
C0675,2026-08-03 02:40:00,product_discovery,P006,success,website,,,,,,
C0675,2026-08-03 02:42:00,product_view,P006,success,website,,,,,,
C0675,2026-08-03 02:50:00,cart_add,P006,success,website,,,,,,
C0675,2026-08-03 02:56:00,checkout_start,P006,success,website,,,,,,
C0675,2026-08-03 03:00:00,payment_attempt,P006,success,website,TXNC06758473,,,,,
C0675,2026-08-03 03:05:00,payment_success,P006,success,website,TXNC06758473,,,,,
C0675,2026-08-03 03:08:00,order_confirmation,P006,success,website,TXNC06758473,ORDC06753574,,,,
C0675,2026-08-06 04:08:00,delivery,P006,success,website,,ORDC06753574,,,,
C0675,2026-08-06 04:08:00,purchase_reason_recorded,P006,info,website,TXNC06758473,ORDC06753574,Needed it urgently,4.0,3.0,
C0676,2026-08-10 17:51:00,product_discovery,P016,success,website,,,,,,
C0676,2026-08-10 17:53:00,product_view,P016,success,website,,,,,,
C0676,2026-08-10 17:56:00,cart_add,P016,success,website,,,,,,
C0676,2026-08-10 18:07:00,cart_add,P016,abandoned,website,,,,,,Technical issue at checkout
C0677,2026-08-12 04:15:00,product_discovery,P022,success,mobile_app,,,,,,
C0677,2026-08-12 04:18:00,product_view,P022,success,mobile_app,,,,,,
C0678,2026-08-12 04:42:00,product_discovery,P022,success,mobile_app,,,,,,
C0678,2026-08-12 04:47:00,product_view,P022,success,mobile_app,,,,,,
C0678,2026-08-12 04:54:00,cart_add,P022,success,mobile_app,,,,,,
C0678,2026-08-12 05:06:00,checkout_start,P022,success,mobile_app,,,,,,
C0678,2026-08-12 05:13:00,payment_attempt,P022,success,mobile_app,TXNC06783745,,,,,
C0678,2026-08-12 05:16:00,payment_success,P022,success,mobile_app,TXNC06783745,,,,,
C0678,2026-08-12 05:17:00,order_confirmation,P022,success,mobile_app,TXNC06783745,ORDC06783177,,,,
C0678,2026-08-19 06:17:00,delivery,P022,success,mobile_app,,ORDC06783177,,,,
C0678,2026-08-25 06:17:00,review,P022,success,mobile_app,,ORDC06783177,,,,
C0678,2026-08-25 06:17:00,purchase_reason_recorded,P022,info,mobile_app,TXNC06783745,ORDC06783177,Fast delivery promised,3.0,2.0,
C0679,2026-08-10 01:03:00,product_discovery,P011,success,mobile_app,,,,,,
C0679,2026-08-10 01:06:00,product_view,P011,success,mobile_app,,,,,,
C0680,2026-08-02 01:50:00,product_discovery,P035,success,website,,,,,,
C0680,2026-08-02 01:53:00,product_view,P035,success,website,,,,,,
C0681,2026-08-21 07:55:00,product_discovery,P016,success,mobile_app,,,,,,
C0681,2026-08-21 08:00:00,product_view,P016,success,mobile_app,,,,,,
C0681,2026-08-21 08:02:00,cart_add,P016,success,mobile_app,,,,,,
C0681,2026-08-21 08:17:00,checkout_start,P016,success,mobile_app,,,,,,
C0681,2026-08-21 08:22:00,payment_attempt,P016,success,mobile_app,TXNC06814640,,,,,
C0681,2026-08-21 08:23:00,payment_success,P016,success,mobile_app,TXNC06814640,,,,,
C0681,2026-08-21 08:25:00,order_confirmation,P016,success,mobile_app,TXNC06814640,ORDC06813169,,,,
C0681,2026-08-23 09:25:00,delivery,P016,success,mobile_app,,ORDC06813169,,,,
C0681,2026-08-25 09:25:00,review,P016,success,mobile_app,,ORDC06813169,,,,
C0681,2026-08-25 09:25:00,purchase_reason_recorded,P016,info,mobile_app,TXNC06814640,ORDC06813169,Trusted brand,4.0,3.0,
C0682,2026-08-11 08:09:00,product_discovery,P016,success,mobile_app,,,,,,
C0682,2026-08-11 08:14:00,product_view,P016,success,mobile_app,,,,,,
C0682,2026-08-11 08:24:00,cart_add,P016,success,mobile_app,,,,,,
C0682,2026-08-11 08:37:00,cart_add,P016,abandoned,mobile_app,,,,,,Just browsing
C0683,2026-08-10 15:16:00,product_discovery,P003,success,mobile_app,,,,,,
C0684,2026-08-04 18:11:00,product_discovery,P017,success,mobile_app,,,,,,
C0684,2026-08-04 18:12:00,product_view,P017,success,mobile_app,,,,,,
C0685,2026-08-02 05:01:00,product_discovery,P030,success,mobile_app,,,,,,
C0685,2026-08-02 05:03:00,product_view,P030,success,mobile_app,,,,,,
C0685,2026-08-02 05:12:00,cart_add,P030,success,mobile_app,,,,,,
C0685,2026-08-02 05:27:00,checkout_start,P030,success,mobile_app,,,,,,
C0685,2026-08-02 05:28:00,payment_attempt,P030,success,mobile_app,TXNC06852944,,,,,
C0685,2026-08-02 05:30:00,payment_success,P030,success,mobile_app,TXNC06852944,,,,,
C0685,2026-08-02 05:33:00,order_confirmation,P030,success,mobile_app,TXNC06852944,ORDC06855017,,,,
C0685,2026-08-08 09:33:00,delivery,P030,success,mobile_app,,ORDC06855017,,,,
C0685,2026-08-12 09:33:00,return,P030,success,mobile_app,,ORDC06855017,,,,
C0685,2026-08-12 09:33:00,purchase_reason_recorded,P030,info,mobile_app,TXNC06852944,ORDC06855017,Product reviews,5.0,5.0,
C0686,2026-08-16 08:29:00,product_discovery,P021,success,website,,,,,,
C0686,2026-08-16 08:33:00,product_view,P021,success,website,,,,,,
C0687,2026-08-19 12:54:00,product_discovery,P014,success,website,,,,,,
C0687,2026-08-19 12:57:00,product_view,P014,success,website,,,,,,
C0687,2026-08-19 13:01:00,cart_add,P014,success,website,,,,,,
C0687,2026-08-19 13:07:00,checkout_start,P014,success,website,,,,,,
C0687,2026-08-19 13:12:00,payment_attempt,P014,success,website,TXNC06871113,,,,,
C0687,2026-08-19 13:13:00,payment_success,P014,success,website,TXNC06871113,,,,,
C0687,2026-08-19 13:16:00,order_confirmation,P014,success,website,TXNC06871113,ORDC06879603,,,,
C0687,2026-08-24 14:16:00,delivery,P014,success,website,,ORDC06879603,,,,
C0687,2026-08-24 14:16:00,purchase_reason_recorded,P014,info,website,TXNC06871113,ORDC06879603,Trusted brand,2.0,2.0,
C0688,2026-08-05 07:17:00,product_discovery,P038,success,website,,,,,,
C0688,2026-08-05 07:18:00,product_view,P038,success,website,,,,,,
C0689,2026-08-02 21:43:00,product_discovery,P038,success,mobile_app,,,,,,
C0689,2026-08-02 21:46:00,product_view,P038,success,mobile_app,,,,,,
C0690,2026-08-16 13:26:00,product_discovery,P020,success,mobile_app,,,,,,
C0690,2026-08-16 13:28:00,product_view,P020,success,mobile_app,,,,,,
C0691,2026-08-06 22:15:00,product_discovery,P002,success,website,,,,,,
C0691,2026-08-06 22:16:00,product_view,P002,success,website,,,,,,
C0691,2026-08-06 22:20:00,cart_add,P002,success,website,,,,,,
C0691,2026-08-06 22:30:00,cart_add,P002,abandoned,website,,,,,,Just browsing
C0692,2026-08-06 22:12:00,product_discovery,P006,success,website,,,,,,
C0692,2026-08-06 22:15:00,product_view,P006,success,website,,,,,,
C0693,2026-08-12 22:11:00,product_discovery,P013,success,mobile_app,,,,,,
C0693,2026-08-12 22:15:00,product_view,P013,success,mobile_app,,,,,,
C0693,2026-08-12 22:18:00,cart_add,P013,success,mobile_app,,,,,,
C0693,2026-08-12 22:19:00,cart_add,P013,abandoned,mobile_app,,,,,,Technical issue at checkout
C0694,2026-08-04 17:33:00,product_discovery,P014,success,mobile_app,,,,,,
C0695,2026-08-20 16:25:00,product_discovery,P016,success,website,,,,,,
C0695,2026-08-20 16:29:00,product_view,P016,success,website,,,,,,
C0695,2026-08-20 16:36:00,cart_add,P016,success,website,,,,,,
C0695,2026-08-20 16:48:00,cart_add,P016,abandoned,website,,,,,,Just browsing
C0696,2026-08-10 04:29:00,product_discovery,P016,success,mobile_app,,,,,,
C0696,2026-08-10 04:34:00,product_view,P016,success,mobile_app,,,,,,
C0697,2026-08-17 20:05:00,product_discovery,P032,success,website,,,,,,
C0697,2026-08-17 20:07:00,product_view,P032,success,website,,,,,,
C0698,2026-08-15 10:33:00,product_discovery,P016,success,website,,,,,,
C0698,2026-08-15 10:36:00,product_view,P016,success,website,,,,,,
C0699,2026-08-03 17:53:00,product_discovery,P024,success,mobile_app,,,,,,
C0700,2026-08-09 13:51:00,product_discovery,P036,success,website,,,,,,
C0700,2026-08-09 13:56:00,product_view,P036,success,website,,,,,,
C0700,2026-08-09 13:57:00,cart_add,P036,success,website,,,,,,
C0700,2026-08-09 14:11:00,checkout_start,P036,success,website,,,,,,
C0700,2026-08-09 14:19:00,payment_attempt,P036,success,website,TXNC07006524,,,,,
C0700,2026-08-09 14:21:00,payment_success,P036,success,website,TXNC07006524,,,,,
C0700,2026-08-09 14:23:00,order_confirmation,P036,success,website,TXNC07006524,ORDC07002982,,,,
C0700,2026-08-14 16:23:00,delivery,P036,success,website,,ORDC07002982,,,,
C0700,2026-08-14 16:23:00,purchase_reason_recorded,P036,info,website,TXNC07006524,ORDC07002982,Fast delivery promised,4.0,5.0,
C0701,2026-08-10 02:28:00,product_discovery,P024,success,mobile_app,,,,,,
C0702,2026-08-20 12:39:00,product_discovery,P028,success,website,,,,,,
C0702,2026-08-20 12:41:00,product_view,P028,success,website,,,,,,
C0703,2026-08-10 12:56:00,product_discovery,P033,success,mobile_app,,,,,,
C0703,2026-08-10 13:00:00,product_view,P033,success,mobile_app,,,,,,
C0703,2026-08-10 13:03:00,cart_add,P033,success,mobile_app,,,,,,
C0703,2026-08-10 13:17:00,cart_add,P033,abandoned,mobile_app,,,,,,Technical issue at checkout
C0704,2026-08-07 10:10:00,product_discovery,P026,success,mobile_app,,,,,,
C0704,2026-08-07 10:12:00,product_view,P026,success,mobile_app,,,,,,
C0705,2026-08-16 14:36:00,product_discovery,P011,success,website,,,,,,
C0705,2026-08-16 14:40:00,product_view,P011,success,website,,,,,,
C0706,2026-08-15 17:45:00,product_discovery,P036,success,website,,,,,,
C0706,2026-08-15 17:49:00,product_view,P036,success,website,,,,,,
C0706,2026-08-15 17:52:00,cart_add,P036,success,website,,,,,,
C0706,2026-08-15 18:02:00,cart_add,P036,abandoned,website,,,,,,Changed my mind
C0707,2026-08-21 05:38:00,product_discovery,P019,success,mobile_app,,,,,,
C0707,2026-08-21 05:41:00,product_view,P019,success,mobile_app,,,,,,
C0708,2026-08-12 02:24:00,product_discovery,P033,success,website,,,,,,
C0708,2026-08-12 02:29:00,product_view,P033,success,website,,,,,,
C0708,2026-08-12 02:33:00,cart_add,P033,success,website,,,,,,
C0708,2026-08-12 02:39:00,checkout_start,P033,success,website,,,,,,
C0708,2026-08-12 02:46:00,payment_attempt,P033,success,website,TXNC07082089,,,,,
C0708,2026-08-12 02:51:00,payment_success,P033,success,website,TXNC07082089,,,,,
C0708,2026-08-12 02:54:00,order_confirmation,P033,success,website,TXNC07082089,ORDC07088642,,,,
C0708,2026-08-15 03:54:00,delivery,P033,success,website,,ORDC07088642,,,,
C0708,2026-08-27 03:54:00,review,P033,success,website,,ORDC07088642,,,,
C0708,2026-08-27 03:54:00,purchase_reason_recorded,P033,info,website,TXNC07082089,ORDC07088642,Good price,2.0,3.0,
C0709,2026-08-18 08:15:00,product_discovery,P014,success,mobile_app,,,,,,
C0709,2026-08-18 08:17:00,product_view,P014,success,mobile_app,,,,,,
C0710,2026-08-19 12:38:00,product_discovery,P007,success,website,,,,,,
C0710,2026-08-19 12:39:00,product_view,P007,success,website,,,,,,
C0711,2026-08-04 04:04:00,product_discovery,P013,success,mobile_app,,,,,,
C0711,2026-08-04 04:09:00,product_view,P013,success,mobile_app,,,,,,
C0712,2026-08-12 10:47:00,product_discovery,P037,success,website,,,,,,
C0713,2026-08-03 06:59:00,product_discovery,P015,success,mobile_app,,,,,,
C0713,2026-08-03 07:03:00,product_view,P015,success,mobile_app,,,,,,
C0714,2026-08-06 04:26:00,product_discovery,P005,success,website,,,,,,
C0714,2026-08-06 04:28:00,product_view,P005,success,website,,,,,,
C0715,2026-08-16 14:55:00,product_discovery,P002,success,website,,,,,,
C0716,2026-08-10 04:56:00,product_discovery,P015,success,mobile_app,,,,,,
C0716,2026-08-10 05:00:00,product_view,P015,success,mobile_app,,,,,,
C0717,2026-08-08 15:57:00,product_discovery,P024,success,mobile_app,,,,,,
C0717,2026-08-08 16:00:00,product_view,P024,success,mobile_app,,,,,,
C0717,2026-08-08 16:05:00,cart_add,P024,success,mobile_app,,,,,,
C0717,2026-08-08 16:12:00,checkout_start,P024,success,mobile_app,,,,,,
C0717,2026-08-08 16:13:00,payment_attempt,P024,success,mobile_app,TXNC07176169,,,,,
C0717,2026-08-08 16:16:00,payment_success,P024,success,mobile_app,TXNC07176169,,,,,
C0717,2026-08-08 16:18:00,order_confirmation,P024,success,mobile_app,TXNC07176169,ORDC07176857,,,,
C0717,2026-08-13 19:18:00,delivery,P024,success,mobile_app,,ORDC07176857,,,,
C0717,2026-08-13 19:18:00,purchase_reason_recorded,P024,info,mobile_app,TXNC07176169,ORDC07176857,Trusted brand,5.0,3.0,
C0718,2026-08-06 02:39:00,product_discovery,P015,success,mobile_app,,,,,,
C0718,2026-08-06 02:40:00,product_view,P015,success,mobile_app,,,,,,
C0718,2026-08-06 02:48:00,cart_add,P015,success,mobile_app,,,,,,
C0718,2026-08-06 02:50:00,checkout_start,P015,success,mobile_app,,,,,,
C0718,2026-08-06 02:53:00,payment_attempt,P015,success,mobile_app,TXNC07181838,,,,,
C0718,2026-08-06 02:58:00,payment_success,P015,success,mobile_app,TXNC07181838,,,,,
C0718,2026-08-06 02:59:00,order_confirmation,P015,success,mobile_app,TXNC07181838,ORDC07185316,,,,
C0718,2026-08-12 05:59:00,delivery,P015,success,mobile_app,,ORDC07185316,,,,
C0718,2026-08-12 05:59:00,purchase_reason_recorded,P015,info,mobile_app,TXNC07181838,ORDC07185316,Needed it urgently,4.0,5.0,
C0719,2026-08-16 11:19:00,product_discovery,P039,success,mobile_app,,,,,,
C0719,2026-08-16 11:21:00,product_view,P039,success,mobile_app,,,,,,
C0720,2026-08-13 08:06:00,product_discovery,P012,success,website,,,,,,
C0720,2026-08-13 08:10:00,product_view,P012,success,website,,,,,,
C0721,2026-08-04 06:46:00,product_discovery,P020,success,mobile_app,,,,,,
C0721,2026-08-04 06:47:00,product_view,P020,success,mobile_app,,,,,,
C0722,2026-08-07 09:31:00,product_discovery,P009,success,mobile_app,,,,,,
C0722,2026-08-07 09:32:00,product_view,P009,success,mobile_app,,,,,,
C0723,2026-08-08 03:20:00,product_discovery,P005,success,mobile_app,,,,,,
C0723,2026-08-08 03:22:00,product_view,P005,success,mobile_app,,,,,,
C0724,2026-08-10 06:19:00,product_discovery,P002,success,website,,,,,,
C0724,2026-08-10 06:24:00,product_view,P002,success,website,,,,,,
C0724,2026-08-10 06:32:00,cart_add,P002,success,website,,,,,,
C0724,2026-08-10 06:36:00,checkout_start,P002,success,website,,,,,,
C0724,2026-08-10 06:38:00,payment_attempt,P002,success,website,TXNC07248797,,,,,
C0724,2026-08-10 06:41:00,payment_success,P002,success,website,TXNC07248797,,,,,
C0724,2026-08-10 06:42:00,order_confirmation,P002,success,website,TXNC07248797,ORDC07245504,,,,
C0724,2026-08-13 10:42:00,delivery,P002,success,website,,ORDC07245504,,,,
C0724,2026-08-22 10:42:00,review,P002,success,website,,ORDC07245504,,,,
C0724,2026-08-22 10:42:00,purchase_reason_recorded,P002,info,website,TXNC07248797,ORDC07245504,Good price,5.0,4.0,
C0725,2026-08-03 03:25:00,product_discovery,P007,success,website,,,,,,
C0725,2026-08-03 03:27:00,product_view,P007,success,website,,,,,,
C0726,2026-08-18 00:31:00,product_discovery,P021,success,website,,,,,,
C0726,2026-08-18 00:34:00,product_view,P021,success,website,,,,,,
C0726,2026-08-18 00:41:00,cart_add,P021,success,website,,,,,,
C0726,2026-08-18 00:56:00,checkout_start,P021,success,website,,,,,,
C0726,2026-08-18 01:00:00,payment_attempt,P021,success,website,TXNC07268100,,,,,
C0726,2026-08-18 01:01:00,payment_success,P021,success,website,TXNC07268100,,,,,
C0726,2026-08-18 01:02:00,order_confirmation,P021,success,website,TXNC07268100,ORDC07268132,,,,
C0726,2026-08-22 03:02:00,delivery,P021,success,website,,ORDC07268132,,,,
C0726,2026-08-22 03:02:00,purchase_reason_recorded,P021,info,website,TXNC07268100,ORDC07268132,Product reviews,5.0,3.0,
C0727,2026-08-06 21:15:00,product_discovery,P001,success,mobile_app,,,,,,
C0727,2026-08-06 21:20:00,product_view,P001,success,mobile_app,,,,,,
C0728,2026-08-18 04:12:00,product_discovery,P027,success,website,,,,,,
C0728,2026-08-18 04:15:00,product_view,P027,success,website,,,,,,
C0728,2026-08-18 04:17:00,cart_add,P027,success,website,,,,,,
C0728,2026-08-18 04:24:00,cart_add,P027,abandoned,website,,,,,,Technical issue at checkout
C0729,2026-08-11 17:32:00,product_discovery,P021,success,mobile_app,,,,,,
C0730,2026-08-06 19:54:00,product_discovery,P008,success,mobile_app,,,,,,
C0731,2026-08-11 05:32:00,product_discovery,P024,success,website,,,,,,
C0731,2026-08-11 05:33:00,product_view,P024,success,website,,,,,,
C0731,2026-08-11 05:38:00,cart_add,P024,success,website,,,,,,
C0731,2026-08-11 05:39:00,checkout_start,P024,success,website,,,,,,
C0731,2026-08-11 05:46:00,payment_attempt,P024,success,website,TXNC07312345,,,,,
C0731,2026-08-11 05:47:00,payment_success,P024,success,website,TXNC07312345,,,,,
C0731,2026-08-11 05:48:00,order_confirmation,P024,success,website,TXNC07312345,ORDC07319474,,,,
C0732,2026-08-14 08:28:00,product_discovery,P003,success,mobile_app,,,,,,
C0732,2026-08-14 08:30:00,product_view,P003,success,mobile_app,,,,,,
C0733,2026-08-17 02:30:00,product_discovery,P023,success,website,,,,,,
C0733,2026-08-17 02:31:00,product_view,P023,success,website,,,,,,
C0734,2026-08-13 08:18:00,product_discovery,P030,success,mobile_app,,,,,,
C0734,2026-08-13 08:20:00,product_view,P030,success,mobile_app,,,,,,
C0734,2026-08-13 08:28:00,cart_add,P030,success,mobile_app,,,,,,
C0734,2026-08-13 08:31:00,checkout_start,P030,success,mobile_app,,,,,,
C0734,2026-08-13 08:33:00,payment_attempt,P030,success,mobile_app,TXNC07348024,,,,,
C0734,2026-08-13 08:36:00,payment_success,P030,success,mobile_app,TXNC07348024,,,,,
C0734,2026-08-13 08:39:00,order_confirmation,P030,success,mobile_app,TXNC07348024,ORDC07349800,,,,
C0734,2026-08-16 10:39:00,delivery,P030,success,mobile_app,,ORDC07349800,,,,
C0734,2026-08-16 10:39:00,purchase_reason_recorded,P030,info,mobile_app,TXNC07348024,ORDC07349800,Needed it urgently,4.0,3.0,
C0735,2026-08-02 20:01:00,product_discovery,P014,success,mobile_app,,,,,,
C0735,2026-08-02 20:05:00,product_view,P014,success,mobile_app,,,,,,
C0736,2026-08-07 02:26:00,product_discovery,P016,success,website,,,,,,
C0736,2026-08-07 02:27:00,product_view,P016,success,website,,,,,,
C0737,2026-08-07 01:11:00,product_discovery,P006,success,website,,,,,,
C0738,2026-08-07 07:55:00,product_discovery,P007,success,website,,,,,,
C0739,2026-08-01 23:00:00,product_discovery,P017,success,website,,,,,,
C0739,2026-08-01 23:01:00,product_view,P017,success,website,,,,,,
C0740,2026-08-16 14:13:00,product_discovery,P023,success,website,,,,,,
C0740,2026-08-16 14:15:00,product_view,P023,success,website,,,,,,
C0740,2026-08-16 14:19:00,cart_add,P023,success,website,,,,,,
C0740,2026-08-16 14:25:00,cart_add,P023,abandoned,website,,,,,,Technical issue at checkout
C0741,2026-08-07 22:23:00,product_discovery,P034,success,website,,,,,,
C0741,2026-08-07 22:28:00,product_view,P034,success,website,,,,,,
C0741,2026-08-07 22:34:00,cart_add,P034,success,website,,,,,,
C0741,2026-08-07 22:38:00,checkout_start,P034,success,website,,,,,,
C0741,2026-08-07 22:43:00,payment_attempt,P034,success,website,TXNC07416027,,,,,
C0741,2026-08-07 22:48:00,payment_success,P034,success,website,TXNC07416027,,,,,
C0741,2026-08-07 22:49:00,order_confirmation,P034,success,website,TXNC07416027,ORDC07413789,,,,
C0741,2026-08-11 23:49:00,delivery,P034,success,website,,ORDC07413789,,,,
C0741,2026-08-11 23:49:00,purchase_reason_recorded,P034,info,website,TXNC07416027,ORDC07413789,Good price,5.0,5.0,
C0742,2026-08-09 23:21:00,product_discovery,P024,success,mobile_app,,,,,,
C0742,2026-08-09 23:24:00,product_view,P024,success,mobile_app,,,,,,
C0742,2026-08-09 23:33:00,cart_add,P024,success,mobile_app,,,,,,
C0742,2026-08-09 23:41:00,cart_add,P024,abandoned,mobile_app,,,,,,Found a better deal elsewhere
C0743,2026-08-07 13:24:00,product_discovery,P029,success,website,,,,,,
C0743,2026-08-07 13:26:00,product_view,P029,success,website,,,,,,
C0744,2026-08-07 11:05:00,product_discovery,P021,success,website,,,,,,
C0744,2026-08-07 11:10:00,product_view,P021,success,website,,,,,,
C0745,2026-08-10 00:10:00,product_discovery,P039,success,website,,,,,,
C0745,2026-08-10 00:12:00,product_view,P039,success,website,,,,,,
C0746,2026-08-20 08:25:00,product_discovery,P018,success,mobile_app,,,,,,
C0746,2026-08-20 08:27:00,product_view,P018,success,mobile_app,,,,,,
C0746,2026-08-20 08:30:00,cart_add,P018,success,mobile_app,,,,,,
C0746,2026-08-20 08:38:00,checkout_start,P018,success,mobile_app,,,,,,
C0746,2026-08-20 08:40:00,payment_attempt,P018,success,mobile_app,TXNC07461331,,,,,
C0746,2026-08-20 08:41:00,payment_success,P018,success,mobile_app,TXNC07461331,,,,,
C0746,2026-08-20 08:43:00,order_confirmation,P018,success,mobile_app,TXNC07461331,ORDC07462770,,,,
C0746,2026-08-22 10:43:00,delivery,P018,success,mobile_app,,ORDC07462770,,,,
C0746,2026-08-23 10:43:00,review,P018,success,mobile_app,,ORDC07462770,,,,
C0746,2026-08-23 10:43:00,purchase_reason_recorded,P018,info,mobile_app,TXNC07461331,ORDC07462770,Trusted brand,4.0,4.0,
C0746,2026-08-31 10:43:00,return,P018,success,mobile_app,,ORDC07462770,,,,
C0747,2026-08-07 21:43:00,product_discovery,P023,success,website,,,,,,
C0747,2026-08-07 21:47:00,product_view,P023,success,website,,,,,,
C0747,2026-08-07 21:53:00,cart_add,P023,success,website,,,,,,
C0747,2026-08-07 22:05:00,cart_add,P023,abandoned,website,,,,,,Technical issue at checkout
C0748,2026-08-03 05:04:00,product_discovery,P024,success,website,,,,,,
C0748,2026-08-03 05:06:00,product_view,P024,success,website,,,,,,
C0749,2026-08-20 23:45:00,product_discovery,P040,success,website,,,,,,
C0749,2026-08-20 23:48:00,product_view,P040,success,website,,,,,,
C0750,2026-08-17 00:25:00,product_discovery,P016,success,website,,,,,,
C0751,2026-08-07 03:16:00,product_discovery,P012,success,mobile_app,,,,,,
C0751,2026-08-07 03:17:00,product_view,P012,success,mobile_app,,,,,,
C0752,2026-08-13 11:48:00,product_discovery,P034,success,website,,,,,,
C0753,2026-08-18 12:59:00,product_discovery,P004,success,website,,,,,,
C0753,2026-08-18 13:03:00,product_view,P004,success,website,,,,,,
C0753,2026-08-18 13:09:00,cart_add,P004,success,website,,,,,,
C0753,2026-08-18 13:20:00,cart_add,P004,abandoned,website,,,,,,Technical issue at checkout
C0754,2026-08-16 13:59:00,product_discovery,P014,success,website,,,,,,
C0754,2026-08-16 14:04:00,product_view,P014,success,website,,,,,,
C0754,2026-08-16 14:06:00,cart_add,P014,success,website,,,,,,
C0754,2026-08-16 14:19:00,cart_add,P014,abandoned,website,,,,,,Changed my mind
C0755,2026-08-03 10:39:00,product_discovery,P018,success,mobile_app,,,,,,
C0755,2026-08-03 10:40:00,product_view,P018,success,mobile_app,,,,,,
C0756,2026-08-18 00:51:00,product_discovery,P039,success,website,,,,,,
C0756,2026-08-18 00:56:00,product_view,P039,success,website,,,,,,
C0756,2026-08-18 00:58:00,cart_add,P039,success,website,,,,,,
C0756,2026-08-18 01:08:00,checkout_start,P039,success,website,,,,,,
C0757,2026-08-04 03:43:00,product_discovery,P010,success,mobile_app,,,,,,
C0757,2026-08-04 03:46:00,product_view,P010,success,mobile_app,,,,,,
C0757,2026-08-04 03:51:00,cart_add,P010,success,mobile_app,,,,,,
C0757,2026-08-04 03:52:00,cart_add,P010,abandoned,mobile_app,,,,,,Found a better deal elsewhere
C0758,2026-08-03 13:15:00,product_discovery,P035,success,website,,,,,,
C0759,2026-08-06 20:03:00,product_discovery,P035,success,website,,,,,,
C0759,2026-08-06 20:06:00,product_view,P035,success,website,,,,,,
C0760,2026-08-20 14:57:00,product_discovery,P012,success,mobile_app,,,,,,
C0761,2026-08-02 02:43:00,product_discovery,P013,success,mobile_app,,,,,,
C0761,2026-08-02 02:46:00,product_view,P013,success,mobile_app,,,,,,
C0762,2026-08-13 10:56:00,product_discovery,P009,success,mobile_app,,,,,,
C0762,2026-08-13 10:59:00,product_view,P009,success,mobile_app,,,,,,
C0762,2026-08-13 11:04:00,cart_add,P009,success,mobile_app,,,,,,
C0762,2026-08-13 11:11:00,cart_add,P009,abandoned,mobile_app,,,,,,Technical issue at checkout
C0763,2026-08-05 18:32:00,product_discovery,P017,success,website,,,,,,
C0763,2026-08-05 18:34:00,product_view,P017,success,website,,,,,,
C0764,2026-08-10 11:36:00,product_discovery,P021,success,mobile_app,,,,,,
C0764,2026-08-10 11:37:00,product_view,P021,success,mobile_app,,,,,,
C0765,2026-08-17 13:19:00,product_discovery,P025,success,mobile_app,,,,,,
C0765,2026-08-17 13:21:00,product_view,P025,success,mobile_app,,,,,,
C0766,2026-08-18 22:55:00,product_discovery,P009,success,mobile_app,,,,,,
C0766,2026-08-18 22:58:00,product_view,P009,success,mobile_app,,,,,,
C0767,2026-08-02 03:34:00,product_discovery,P023,success,website,,,,,,
C0767,2026-08-02 03:36:00,product_view,P023,success,website,,,,,,
C0768,2026-08-05 02:52:00,product_discovery,P040,success,mobile_app,,,,,,
C0768,2026-08-05 02:54:00,product_view,P040,success,mobile_app,,,,,,
C0768,2026-08-05 03:04:00,cart_add,P040,success,mobile_app,,,,,,
C0768,2026-08-05 03:08:00,cart_add,P040,abandoned,mobile_app,,,,,,Price too high
C0769,2026-08-14 11:45:00,product_discovery,P024,success,website,,,,,,
C0769,2026-08-14 11:46:00,product_view,P024,success,website,,,,,,
C0770,2026-08-03 05:07:00,product_discovery,P032,success,website,,,,,,
C0770,2026-08-03 05:12:00,product_view,P032,success,website,,,,,,
C0771,2026-08-14 00:44:00,product_discovery,P010,success,website,,,,,,
C0771,2026-08-14 00:48:00,product_view,P010,success,website,,,,,,
C0771,2026-08-14 00:55:00,cart_add,P010,success,website,,,,,,
C0771,2026-08-14 01:04:00,checkout_start,P010,success,website,,,,,,
C0771,2026-08-14 01:07:00,payment_attempt,P010,success,website,TXNC07715231,,,,,
C0771,2026-08-14 01:11:00,payment_success,P010,success,website,TXNC07715231,,,,,
C0771,2026-08-14 01:13:00,order_confirmation,P010,success,website,TXNC07715231,ORDC07717934,,,,
C0771,2026-08-19 02:13:00,delivery,P010,success,website,,ORDC07717934,,,,
C0771,2026-08-30 02:13:00,review,P010,success,website,,ORDC07717934,,,,
C0771,2026-08-30 02:13:00,purchase_reason_recorded,P010,info,website,TXNC07715231,ORDC07717934,Trusted brand,4.0,2.0,
C0772,2026-08-16 12:29:00,product_discovery,P039,success,website,,,,,,
C0772,2026-08-16 12:31:00,product_view,P039,success,website,,,,,,
C0773,2026-08-08 01:32:00,product_discovery,P010,success,mobile_app,,,,,,
C0773,2026-08-08 01:37:00,product_view,P010,success,mobile_app,,,,,,
C0774,2026-08-12 05:17:00,product_discovery,P005,success,mobile_app,,,,,,
C0774,2026-08-12 05:22:00,product_view,P005,success,mobile_app,,,,,,
C0775,2026-08-13 14:17:00,product_discovery,P001,success,website,,,,,,
C0776,2026-08-17 13:09:00,product_discovery,P037,success,mobile_app,,,,,,
C0776,2026-08-17 13:12:00,product_view,P037,success,mobile_app,,,,,,
C0777,2026-08-04 12:03:00,product_discovery,P002,success,mobile_app,,,,,,
C0777,2026-08-04 12:04:00,product_view,P002,success,mobile_app,,,,,,
C0778,2026-08-03 15:33:00,product_discovery,P018,success,mobile_app,,,,,,
C0778,2026-08-03 15:37:00,product_view,P018,success,mobile_app,,,,,,
C0778,2026-08-03 15:46:00,cart_add,P018,success,mobile_app,,,,,,
C0778,2026-08-03 15:48:00,checkout_start,P018,success,mobile_app,,,,,,
C0778,2026-08-03 15:49:00,payment_attempt,P018,success,mobile_app,TXNC07783500,,,,,
C0778,2026-08-03 15:51:00,payment_success,P018,success,mobile_app,TXNC07783500,,,,,
C0778,2026-08-03 15:52:00,order_confirmation,P018,success,mobile_app,TXNC07783500,ORDC07782425,,,,
C0778,2026-08-08 17:52:00,delivery,P018,success,mobile_app,,ORDC07782425,,,,
C0778,2026-08-08 17:52:00,purchase_reason_recorded,P018,info,mobile_app,TXNC07783500,ORDC07782425,Needed it urgently,4.0,4.0,
C0779,2026-08-14 17:37:00,product_discovery,P020,success,website,,,,,,
C0779,2026-08-14 17:41:00,product_view,P020,success,website,,,,,,
C0780,2026-08-14 12:07:00,product_discovery,P002,success,mobile_app,,,,,,
C0780,2026-08-14 12:09:00,product_view,P002,success,mobile_app,,,,,,
C0781,2026-08-15 08:57:00,product_discovery,P031,success,website,,,,,,
C0781,2026-08-15 09:02:00,product_view,P031,success,website,,,,,,
C0781,2026-08-15 09:11:00,cart_add,P031,success,website,,,,,,
C0781,2026-08-15 09:19:00,cart_add,P031,abandoned,website,,,,,,Technical issue at checkout
C0782,2026-08-11 21:24:00,product_discovery,P034,success,mobile_app,,,,,,
C0782,2026-08-11 21:27:00,product_view,P034,success,mobile_app,,,,,,
C0783,2026-08-06 08:29:00,product_discovery,P011,success,mobile_app,,,,,,
C0783,2026-08-06 08:31:00,product_view,P011,success,mobile_app,,,,,,
C0783,2026-08-06 08:41:00,cart_add,P011,success,mobile_app,,,,,,
C0783,2026-08-06 08:46:00,checkout_start,P011,success,mobile_app,,,,,,
C0783,2026-08-06 08:49:00,payment_attempt,P011,success,mobile_app,TXNC07835442,,,,,
C0783,2026-08-06 08:51:00,payment_success,P011,success,mobile_app,TXNC07835442,,,,,
C0783,2026-08-06 08:52:00,order_confirmation,P011,success,mobile_app,TXNC07835442,ORDC07839289,,,,
C0783,2026-08-10 10:52:00,delivery,P011,success,mobile_app,,ORDC07839289,,,,
C0783,2026-08-10 10:52:00,purchase_reason_recorded,P011,info,mobile_app,TXNC07835442,ORDC07839289,Fast delivery promised,3.0,5.0,
C0784,2026-08-19 19:30:00,product_discovery,P031,success,website,,,,,,
C0784,2026-08-19 19:31:00,product_view,P031,success,website,,,,,,
C0785,2026-08-06 16:13:00,product_discovery,P006,success,website,,,,,,
C0785,2026-08-06 16:18:00,product_view,P006,success,website,,,,,,
C0786,2026-08-16 08:21:00,product_discovery,P038,success,mobile_app,,,,,,
C0786,2026-08-16 08:24:00,product_view,P038,success,mobile_app,,,,,,
C0786,2026-08-16 08:34:00,cart_add,P038,success,mobile_app,,,,,,
C0786,2026-08-16 08:41:00,checkout_start,P038,success,mobile_app,,,,,,
C0786,2026-08-16 08:42:00,payment_attempt,P038,success,mobile_app,TXNC07868913,,,,,
C0786,2026-08-16 08:45:00,payment_failure,P038,failed,mobile_app,TXNC07868913,,,,,
C0787,2026-08-08 14:40:00,product_discovery,P014,success,mobile_app,,,,,,
C0787,2026-08-08 14:43:00,product_view,P014,success,mobile_app,,,,,,
C0788,2026-08-13 11:41:00,product_discovery,P027,success,mobile_app,,,,,,
C0788,2026-08-13 11:45:00,product_view,P027,success,mobile_app,,,,,,
C0788,2026-08-13 11:51:00,cart_add,P027,success,mobile_app,,,,,,
C0788,2026-08-13 11:58:00,cart_add,P027,abandoned,mobile_app,,,,,,Price too high
C0789,2026-08-13 06:10:00,product_discovery,P018,success,website,,,,,,
C0789,2026-08-13 06:13:00,product_view,P018,success,website,,,,,,
C0789,2026-08-13 06:18:00,cart_add,P018,success,website,,,,,,
C0789,2026-08-13 06:22:00,checkout_start,P018,success,website,,,,,,
C0789,2026-08-13 06:30:00,payment_attempt,P018,success,website,TXNC07894043,,,,,
C0789,2026-08-13 06:34:00,payment_success,P018,success,website,TXNC07894043,,,,,
C0789,2026-08-13 06:35:00,order_confirmation,P018,success,website,TXNC07894043,ORDC07896528,,,,
C0789,2026-08-18 09:35:00,delivery,P018,success,website,,ORDC07896528,,,,
C0789,2026-08-22 09:35:00,review,P018,success,website,,ORDC07896528,,,,
C0789,2026-08-22 09:35:00,purchase_reason_recorded,P018,info,website,TXNC07894043,ORDC07896528,Trusted brand,3.0,5.0,
C0790,2026-08-16 16:16:00,product_discovery,P027,success,mobile_app,,,,,,
C0790,2026-08-16 16:19:00,product_view,P027,success,mobile_app,,,,,,
C0791,2026-08-03 08:41:00,product_discovery,P013,success,mobile_app,,,,,,
C0791,2026-08-03 08:45:00,product_view,P013,success,mobile_app,,,,,,
C0791,2026-08-03 08:46:00,cart_add,P013,success,mobile_app,,,,,,
C0791,2026-08-03 08:51:00,cart_add,P013,abandoned,mobile_app,,,,,,Changed my mind
C0792,2026-08-11 14:17:00,product_discovery,P029,success,mobile_app,,,,,,
C0792,2026-08-11 14:21:00,product_view,P029,success,mobile_app,,,,,,
C0792,2026-08-11 14:31:00,cart_add,P029,success,mobile_app,,,,,,
C0792,2026-08-11 14:40:00,cart_add,P029,abandoned,mobile_app,,,,,,Price too high
C0793,2026-08-06 15:46:00,product_discovery,P039,success,website,,,,,,
C0793,2026-08-06 15:50:00,product_view,P039,success,website,,,,,,
C0794,2026-08-05 09:13:00,product_discovery,P036,success,website,,,,,,
C0794,2026-08-05 09:16:00,product_view,P036,success,website,,,,,,
C0794,2026-08-05 09:19:00,cart_add,P036,success,website,,,,,,
C0794,2026-08-05 09:26:00,checkout_start,P036,success,website,,,,,,
C0794,2026-08-05 09:31:00,payment_attempt,P036,success,website,TXNC07945298,,,,,
C0794,2026-08-05 09:36:00,payment_success,P036,success,website,TXNC07945298,,,,,
C0794,2026-08-05 09:39:00,order_confirmation,P036,success,website,TXNC07945298,ORDC07944075,,,,
C0794,2026-08-09 10:39:00,delivery,P036,success,website,,ORDC07944075,,,,
C0794,2026-08-20 10:39:00,review,P036,success,website,,ORDC07944075,,,,
C0794,2026-08-20 10:39:00,purchase_reason_recorded,P036,info,website,TXNC07945298,ORDC07944075,Trusted brand,5.0,2.0,
C0795,2026-08-17 17:15:00,product_discovery,P028,success,website,,,,,,
C0795,2026-08-17 17:20:00,product_view,P028,success,website,,,,,,
C0796,2026-08-11 07:00:00,product_discovery,P004,success,website,,,,,,
C0796,2026-08-11 07:02:00,product_view,P004,success,website,,,,,,
C0796,2026-08-11 07:04:00,cart_add,P004,success,website,,,,,,
C0796,2026-08-11 07:15:00,checkout_start,P004,success,website,,,,,,
C0796,2026-08-11 07:19:00,payment_attempt,P004,success,website,TXNC07961182,,,,,
C0796,2026-08-11 07:24:00,payment_success,P004,success,website,TXNC07961182,,,,,
C0796,2026-08-11 07:26:00,order_confirmation,P004,success,website,TXNC07961182,ORDC07964738,,,,
C0796,2026-08-16 11:26:00,delivery,P004,success,website,,ORDC07964738,,,,
C0796,2026-08-16 11:26:00,purchase_reason_recorded,P004,info,website,TXNC07961182,ORDC07964738,Needed it urgently,5.0,3.0,
C0797,2026-08-11 03:28:00,product_discovery,P033,success,website,,,,,,
C0797,2026-08-11 03:29:00,product_view,P033,success,website,,,,,,
C0797,2026-08-11 03:31:00,cart_add,P033,success,website,,,,,,
C0797,2026-08-11 03:35:00,checkout_start,P033,success,website,,,,,,
C0797,2026-08-11 03:41:00,payment_attempt,P033,success,website,TXNC07974289,,,,,
C0797,2026-08-11 03:44:00,payment_success,P033,success,website,TXNC07974289,,,,,
C0797,2026-08-11 03:45:00,order_confirmation,P033,success,website,TXNC07974289,ORDC07979127,,,,
C0797,2026-08-18 06:45:00,delivery,P033,success,website,,ORDC07979127,,,,
C0797,2026-08-30 06:45:00,review,P033,success,website,,ORDC07979127,,,,
C0797,2026-08-30 06:45:00,purchase_reason_recorded,P033,info,website,TXNC07974289,ORDC07979127,Product reviews,5.0,2.0,
C0798,2026-08-10 16:59:00,product_discovery,P010,success,mobile_app,,,,,,
C0799,2026-08-15 09:41:00,product_discovery,P021,success,website,,,,,,
C0799,2026-08-15 09:43:00,product_view,P021,success,website,,,,,,
C0799,2026-08-15 09:50:00,cart_add,P021,success,website,,,,,,
C0799,2026-08-15 10:05:00,checkout_start,P021,success,website,,,,,,
C0799,2026-08-15 10:09:00,payment_attempt,P021,success,website,TXNC07995247,,,,,
C0799,2026-08-15 10:12:00,payment_success,P021,success,website,TXNC07995247,,,,,
C0799,2026-08-15 10:14:00,order_confirmation,P021,success,website,TXNC07995247,ORDC07992459,,,,
C0799,2026-08-20 11:14:00,delivery,P021,success,website,,ORDC07992459,,,,
C0799,2026-08-26 11:14:00,review,P021,success,website,,ORDC07992459,,,,
C0799,2026-08-26 11:14:00,purchase_reason_recorded,P021,info,website,TXNC07995247,ORDC07992459,Needed it urgently,2.0,3.0,
C0800,2026-08-16 01:31:00,product_discovery,P014,success,mobile_app,,,,,,
C0800,2026-08-16 01:35:00,product_view,P014,success,mobile_app,,,,,,
C0801,2026-08-08 14:36:00,product_discovery,P020,success,website,,,,,,
C0801,2026-08-08 14:41:00,product_view,P020,success,website,,,,,,
C0801,2026-08-08 14:47:00,cart_add,P020,success,website,,,,,,
C0801,2026-08-08 14:48:00,cart_add,P020,abandoned,website,,,,,,Just browsing
C0802,2026-08-10 04:32:00,product_discovery,P029,success,mobile_app,,,,,,
C0802,2026-08-10 04:37:00,product_view,P029,success,mobile_app,,,,,,
C0802,2026-08-10 04:44:00,cart_add,P029,success,mobile_app,,,,,,
C0802,2026-08-10 04:54:00,checkout_start,P029,success,mobile_app,,,,,,
C0802,2026-08-10 04:58:00,payment_attempt,P029,success,mobile_app,TXNC08024453,,,,,
C0802,2026-08-10 05:03:00,payment_success,P029,success,mobile_app,TXNC08024453,,,,,
C0802,2026-08-10 05:06:00,order_confirmation,P029,success,mobile_app,TXNC08024453,ORDC08023055,,,,
C0803,2026-08-05 15:39:00,product_discovery,P030,success,mobile_app,,,,,,
C0803,2026-08-05 15:44:00,product_view,P030,success,mobile_app,,,,,,
C0804,2026-08-15 08:47:00,product_discovery,P023,success,website,,,,,,
C0804,2026-08-15 08:50:00,product_view,P023,success,website,,,,,,
C0804,2026-08-15 08:51:00,cart_add,P023,success,website,,,,,,
C0804,2026-08-15 08:59:00,checkout_start,P023,success,website,,,,,,
C0804,2026-08-15 09:03:00,payment_attempt,P023,success,website,TXNC08046072,,,,,
C0804,2026-08-15 09:05:00,payment_success,P023,success,website,TXNC08046072,,,,,
C0804,2026-08-15 09:07:00,order_confirmation,P023,success,website,TXNC08046072,ORDC08048358,,,,
C0804,2026-08-18 13:07:00,delivery,P023,success,website,,ORDC08048358,,,,
C0804,2026-08-18 13:07:00,purchase_reason_recorded,P023,info,website,TXNC08046072,ORDC08048358,Trusted brand,5.0,3.0,
C0805,2026-08-14 16:25:00,product_discovery,P011,success,website,,,,,,
C0806,2026-08-15 07:49:00,product_discovery,P015,success,website,,,,,,
C0806,2026-08-15 07:53:00,product_view,P015,success,website,,,,,,
C0807,2026-08-14 15:36:00,product_discovery,P033,success,mobile_app,,,,,,
C0807,2026-08-14 15:37:00,product_view,P033,success,mobile_app,,,,,,
C0807,2026-08-14 15:38:00,cart_add,P033,success,mobile_app,,,,,,
C0807,2026-08-14 15:39:00,checkout_start,P033,success,mobile_app,,,,,,
C0807,2026-08-14 15:43:00,payment_attempt,P033,success,mobile_app,TXNC08075964,,,,,
C0807,2026-08-14 15:46:00,payment_success,P033,success,mobile_app,TXNC08075964,,,,,
C0807,2026-08-14 15:47:00,order_confirmation,P033,success,mobile_app,TXNC08075964,ORDC08076551,,,,
C0807,2026-08-17 17:47:00,delivery,P033,success,mobile_app,,ORDC08076551,,,,
C0807,2026-08-17 17:47:00,purchase_reason_recorded,P033,info,mobile_app,TXNC08075964,ORDC08076551,Good price,5.0,2.0,
C0808,2026-08-17 16:36:00,product_discovery,P010,success,website,,,,,,
C0808,2026-08-17 16:40:00,product_view,P010,success,website,,,,,,
C0809,2026-08-20 06:02:00,product_discovery,P036,success,mobile_app,,,,,,
C0809,2026-08-20 06:05:00,product_view,P036,success,mobile_app,,,,,,
C0810,2026-08-17 10:11:00,product_discovery,P010,success,mobile_app,,,,,,
C0810,2026-08-17 10:13:00,product_view,P010,success,mobile_app,,,,,,
C0811,2026-08-11 19:01:00,product_discovery,P024,success,mobile_app,,,,,,
C0811,2026-08-11 19:06:00,product_view,P024,success,mobile_app,,,,,,
C0812,2026-08-06 05:54:00,product_discovery,P038,success,mobile_app,,,,,,
C0813,2026-08-10 05:23:00,product_discovery,P009,success,mobile_app,,,,,,
C0814,2026-08-17 09:51:00,product_discovery,P003,success,website,,,,,,
C0814,2026-08-17 09:53:00,product_view,P003,success,website,,,,,,
C0815,2026-08-15 19:12:00,product_discovery,P016,success,website,,,,,,
C0815,2026-08-15 19:17:00,product_view,P016,success,website,,,,,,
C0816,2026-08-04 21:00:00,product_discovery,P039,success,website,,,,,,
C0816,2026-08-04 21:02:00,product_view,P039,success,website,,,,,,
C0817,2026-08-14 00:51:00,product_discovery,P005,success,website,,,,,,
C0817,2026-08-14 00:55:00,product_view,P005,success,website,,,,,,
C0818,2026-08-12 10:19:00,product_discovery,P024,success,mobile_app,,,,,,
C0818,2026-08-12 10:22:00,product_view,P024,success,mobile_app,,,,,,
C0819,2026-08-21 06:08:00,product_discovery,P002,success,website,,,,,,
C0819,2026-08-21 06:09:00,product_view,P002,success,website,,,,,,
C0819,2026-08-21 06:13:00,cart_add,P002,success,website,,,,,,
C0819,2026-08-21 06:26:00,checkout_start,P002,success,website,,,,,,
C0819,2026-08-21 06:29:00,payment_attempt,P002,success,website,TXNC08195125,,,,,
C0819,2026-08-21 06:32:00,payment_success,P002,success,website,TXNC08195125,,,,,
C0819,2026-08-21 06:35:00,order_confirmation,P002,success,website,TXNC08195125,ORDC08198582,,,,
C0819,2026-08-25 09:35:00,delivery,P002,success,website,,ORDC08198582,,,,
C0819,2026-09-05 09:35:00,review,P002,success,website,,ORDC08198582,,,,
C0819,2026-09-05 09:35:00,purchase_reason_recorded,P002,info,website,TXNC08195125,ORDC08198582,Needed it urgently,5.0,4.0,
C0820,2026-08-12 17:30:00,product_discovery,P038,success,mobile_app,,,,,,
C0820,2026-08-12 17:32:00,product_view,P038,success,mobile_app,,,,,,
C0820,2026-08-12 17:37:00,cart_add,P038,success,mobile_app,,,,,,
C0820,2026-08-12 17:40:00,cart_add,P038,abandoned,mobile_app,,,,,,Delivery cost too high
C0821,2026-08-07 14:24:00,product_discovery,P003,success,mobile_app,,,,,,
C0821,2026-08-07 14:27:00,product_view,P003,success,mobile_app,,,,,,
C0822,2026-08-16 13:51:00,product_discovery,P010,success,mobile_app,,,,,,
C0822,2026-08-16 13:53:00,product_view,P010,success,mobile_app,,,,,,
C0822,2026-08-16 13:56:00,cart_add,P010,success,mobile_app,,,,,,
C0822,2026-08-16 14:09:00,checkout_start,P010,success,mobile_app,,,,,,
C0822,2026-08-16 14:10:00,payment_attempt,P010,success,mobile_app,TXNC08223341,,,,,
C0822,2026-08-16 14:11:00,payment_success,P010,success,mobile_app,TXNC08223341,,,,,
C0822,2026-08-16 14:13:00,order_confirmation,P010,success,mobile_app,TXNC08223341,ORDC08222273,,,,
C0822,2026-08-22 18:13:00,delivery,P010,success,mobile_app,,ORDC08222273,,,,
C0822,2026-08-28 18:13:00,return,P010,success,mobile_app,,ORDC08222273,,,,
C0822,2026-08-28 18:13:00,purchase_reason_recorded,P010,info,mobile_app,TXNC08223341,ORDC08222273,Good price,2.0,3.0,
C0823,2026-08-05 17:09:00,product_discovery,P018,success,mobile_app,,,,,,
C0824,2026-08-07 05:20:00,product_discovery,P036,success,mobile_app,,,,,,
C0824,2026-08-07 05:22:00,product_view,P036,success,mobile_app,,,,,,
C0825,2026-08-11 23:16:00,product_discovery,P037,success,mobile_app,,,,,,
C0825,2026-08-11 23:17:00,product_view,P037,success,mobile_app,,,,,,
C0826,2026-08-11 15:09:00,product_discovery,P026,success,website,,,,,,
C0826,2026-08-11 15:13:00,product_view,P026,success,website,,,,,,
C0827,2026-08-10 22:44:00,product_discovery,P036,success,mobile_app,,,,,,
C0827,2026-08-10 22:46:00,product_view,P036,success,mobile_app,,,,,,
C0827,2026-08-10 22:47:00,cart_add,P036,success,mobile_app,,,,,,
C0827,2026-08-10 22:57:00,checkout_start,P036,success,mobile_app,,,,,,
C0827,2026-08-10 23:01:00,payment_attempt,P036,success,mobile_app,TXNC08274014,,,,,
C0827,2026-08-10 23:02:00,payment_success,P036,success,mobile_app,TXNC08274014,,,,,
C0827,2026-08-10 23:04:00,order_confirmation,P036,success,mobile_app,TXNC08274014,ORDC08279811,,,,
C0827,2026-08-16 03:04:00,delivery,P036,success,mobile_app,,ORDC08279811,,,,
C0827,2026-08-16 03:04:00,purchase_reason_recorded,P036,info,mobile_app,TXNC08274014,ORDC08279811,Fast delivery promised,2.0,3.0,
C0828,2026-08-16 00:10:00,product_discovery,P019,success,mobile_app,,,,,,
C0828,2026-08-16 00:14:00,product_view,P019,success,mobile_app,,,,,,
C0828,2026-08-16 00:22:00,cart_add,P019,success,mobile_app,,,,,,
C0828,2026-08-16 00:27:00,checkout_start,P019,success,mobile_app,,,,,,
C0828,2026-08-16 00:32:00,payment_attempt,P019,success,mobile_app,TXNC08281724,,,,,
C0828,2026-08-16 00:35:00,payment_success,P019,success,mobile_app,TXNC08281724,,,,,
C0828,2026-08-16 00:36:00,order_confirmation,P019,success,mobile_app,TXNC08281724,ORDC08281111,,,,
C0828,2026-08-20 02:36:00,delivery,P019,success,mobile_app,,ORDC08281111,,,,
C0828,2026-08-21 02:36:00,review,P019,success,mobile_app,,ORDC08281111,,,,
C0828,2026-08-21 02:36:00,purchase_reason_recorded,P019,info,mobile_app,TXNC08281724,ORDC08281111,Fast delivery promised,4.0,2.0,
C0829,2026-08-17 06:15:00,product_discovery,P031,success,mobile_app,,,,,,
C0829,2026-08-17 06:18:00,product_view,P031,success,mobile_app,,,,,,
C0829,2026-08-17 06:26:00,cart_add,P031,success,mobile_app,,,,,,
C0829,2026-08-17 06:36:00,checkout_start,P031,success,mobile_app,,,,,,
C0830,2026-08-05 20:08:00,product_discovery,P031,success,mobile_app,,,,,,
C0830,2026-08-05 20:12:00,product_view,P031,success,mobile_app,,,,,,
C0830,2026-08-05 20:20:00,cart_add,P031,success,mobile_app,,,,,,
C0830,2026-08-05 20:30:00,checkout_start,P031,success,mobile_app,,,,,,
C0830,2026-08-05 20:31:00,payment_attempt,P031,success,mobile_app,TXNC08303147,,,,,
C0830,2026-08-05 20:36:00,payment_success,P031,success,mobile_app,TXNC08303147,,,,,
C0830,2026-08-05 20:38:00,order_confirmation,P031,success,mobile_app,TXNC08303147,ORDC08306261,,,,
C0830,2026-08-08 00:38:00,delivery,P031,success,mobile_app,,ORDC08306261,,,,
C0830,2026-08-19 00:38:00,review,P031,success,mobile_app,,ORDC08306261,,,,
C0830,2026-08-19 00:38:00,purchase_reason_recorded,P031,info,mobile_app,TXNC08303147,ORDC08306261,Fast delivery promised,4.0,4.0,
C0831,2026-08-02 13:51:00,product_discovery,P010,success,mobile_app,,,,,,
C0831,2026-08-02 13:56:00,product_view,P010,success,mobile_app,,,,,,
C0832,2026-08-08 05:55:00,product_discovery,P002,success,mobile_app,,,,,,
C0832,2026-08-08 05:58:00,product_view,P002,success,mobile_app,,,,,,
C0832,2026-08-08 05:59:00,cart_add,P002,success,mobile_app,,,,,,
C0832,2026-08-08 06:06:00,checkout_start,P002,success,mobile_app,,,,,,
C0832,2026-08-08 06:14:00,payment_attempt,P002,success,mobile_app,TXNC08323932,,,,,
C0832,2026-08-08 06:17:00,payment_success,P002,success,mobile_app,TXNC08323932,,,,,
C0832,2026-08-08 06:18:00,order_confirmation,P002,success,mobile_app,TXNC08323932,ORDC08326792,,,,
C0832,2026-08-15 10:18:00,delivery,P002,success,mobile_app,,ORDC08326792,,,,
C0832,2026-08-19 10:18:00,review,P002,success,mobile_app,,ORDC08326792,,,,
C0832,2026-08-19 10:18:00,purchase_reason_recorded,P002,info,mobile_app,TXNC08323932,ORDC08326792,Good price,3.0,5.0,
C0833,2026-08-20 05:19:00,product_discovery,P003,success,website,,,,,,
C0833,2026-08-20 05:23:00,product_view,P003,success,website,,,,,,
C0834,2026-08-04 22:38:00,product_discovery,P002,success,mobile_app,,,,,,
C0834,2026-08-04 22:43:00,product_view,P002,success,mobile_app,,,,,,
C0835,2026-08-08 02:14:00,product_discovery,P035,success,website,,,,,,
C0835,2026-08-08 02:18:00,product_view,P035,success,website,,,,,,
C0836,2026-08-04 14:05:00,product_discovery,P021,success,website,,,,,,
C0836,2026-08-04 14:06:00,product_view,P021,success,website,,,,,,
C0837,2026-08-06 18:44:00,product_discovery,P033,success,mobile_app,,,,,,
C0838,2026-08-18 14:39:00,product_discovery,P021,success,website,,,,,,
C0838,2026-08-18 14:40:00,product_view,P021,success,website,,,,,,
C0839,2026-08-13 12:39:00,product_discovery,P015,success,mobile_app,,,,,,
C0839,2026-08-13 12:44:00,product_view,P015,success,mobile_app,,,,,,
C0840,2026-08-11 05:03:00,product_discovery,P014,success,website,,,,,,
C0841,2026-08-11 01:04:00,product_discovery,P026,success,mobile_app,,,,,,
C0841,2026-08-11 01:08:00,product_view,P026,success,mobile_app,,,,,,
C0842,2026-08-09 23:48:00,product_discovery,P006,success,website,,,,,,
C0842,2026-08-09 23:50:00,product_view,P006,success,website,,,,,,
C0842,2026-08-09 23:52:00,cart_add,P006,success,website,,,,,,
C0842,2026-08-09 23:54:00,checkout_start,P006,success,website,,,,,,
C0842,2026-08-10 00:00:00,payment_attempt,P006,success,website,TXNC08421347,,,,,
C0842,2026-08-10 00:01:00,payment_success,P006,success,website,TXNC08421347,,,,,
C0842,2026-08-10 00:03:00,order_confirmation,P006,success,website,TXNC08421347,ORDC08428463,,,,
C0842,2026-08-14 04:03:00,delivery,P006,success,website,,ORDC08428463,,,,
C0842,2026-08-14 04:03:00,purchase_reason_recorded,P006,info,website,TXNC08421347,ORDC08428463,Trusted brand,4.0,2.0,
C0843,2026-08-20 22:33:00,product_discovery,P025,success,website,,,,,,
C0844,2026-08-11 05:13:00,product_discovery,P021,success,mobile_app,,,,,,
C0844,2026-08-11 05:16:00,product_view,P021,success,mobile_app,,,,,,
C0845,2026-08-04 20:21:00,product_discovery,P005,success,website,,,,,,
C0845,2026-08-04 20:22:00,product_view,P005,success,website,,,,,,
C0845,2026-08-04 20:25:00,cart_add,P005,success,website,,,,,,
C0845,2026-08-04 20:37:00,checkout_start,P005,success,website,,,,,,
C0846,2026-08-05 11:50:00,product_discovery,P016,success,website,,,,,,
C0846,2026-08-05 11:54:00,product_view,P016,success,website,,,,,,
C0847,2026-08-20 09:00:00,product_discovery,P009,success,website,,,,,,
C0847,2026-08-20 09:04:00,product_view,P009,success,website,,,,,,
C0848,2026-08-10 20:40:00,product_discovery,P016,success,website,,,,,,
C0848,2026-08-10 20:42:00,product_view,P016,success,website,,,,,,
C0849,2026-08-17 07:05:00,product_discovery,P011,success,website,,,,,,
C0849,2026-08-17 07:07:00,product_view,P011,success,website,,,,,,
C0850,2026-08-21 04:18:00,product_discovery,P022,success,mobile_app,,,,,,
C0850,2026-08-21 04:19:00,product_view,P022,success,mobile_app,,,,,,
C0850,2026-08-21 04:20:00,cart_add,P022,success,mobile_app,,,,,,
C0850,2026-08-21 04:31:00,cart_add,P022,abandoned,mobile_app,,,,,,Just browsing
C0851,2026-08-14 16:28:00,product_discovery,P037,success,website,,,,,,
C0852,2026-08-05 21:27:00,product_discovery,P019,success,website,,,,,,
C0852,2026-08-05 21:29:00,product_view,P019,success,website,,,,,,
C0852,2026-08-05 21:35:00,cart_add,P019,success,website,,,,,,
C0852,2026-08-05 21:40:00,checkout_start,P019,success,website,,,,,,
C0852,2026-08-05 21:41:00,payment_attempt,P019,success,website,TXNC08524664,,,,,
C0852,2026-08-05 21:45:00,payment_success,P019,success,website,TXNC08524664,,,,,
C0852,2026-08-05 21:48:00,order_confirmation,P019,success,website,TXNC08524664,ORDC08523433,,,,
C0852,2026-08-10 22:48:00,delivery,P019,success,website,,ORDC08523433,,,,
C0852,2026-08-19 22:48:00,review,P019,success,website,,ORDC08523433,,,,
C0852,2026-08-19 22:48:00,purchase_reason_recorded,P019,info,website,TXNC08524664,ORDC08523433,Product reviews,4.0,5.0,
C0853,2026-08-05 08:08:00,product_discovery,P024,success,mobile_app,,,,,,
C0853,2026-08-05 08:12:00,product_view,P024,success,mobile_app,,,,,,
C0854,2026-08-20 10:03:00,product_discovery,P025,success,mobile_app,,,,,,
C0854,2026-08-20 10:08:00,product_view,P025,success,mobile_app,,,,,,
C0854,2026-08-20 10:11:00,cart_add,P025,success,mobile_app,,,,,,
C0854,2026-08-20 10:17:00,checkout_start,P025,success,mobile_app,,,,,,
C0854,2026-08-20 10:19:00,payment_attempt,P025,success,mobile_app,TXNC08546525,,,,,
C0854,2026-08-20 10:22:00,payment_success,P025,success,mobile_app,TXNC08546525,,,,,
C0854,2026-08-20 10:25:00,order_confirmation,P025,success,mobile_app,TXNC08546525,ORDC08543303,,,,
C0854,2026-08-26 13:25:00,delivery,P025,success,mobile_app,,ORDC08543303,,,,
C0854,2026-08-26 13:25:00,purchase_reason_recorded,P025,info,mobile_app,TXNC08546525,ORDC08543303,Needed it urgently,4.0,2.0,
C0855,2026-08-17 17:43:00,product_discovery,P040,success,mobile_app,,,,,,
C0855,2026-08-17 17:46:00,product_view,P040,success,mobile_app,,,,,,
C0855,2026-08-17 17:48:00,cart_add,P040,success,mobile_app,,,,,,
C0855,2026-08-17 18:00:00,cart_add,P040,abandoned,mobile_app,,,,,,Found a better deal elsewhere
C0856,2026-08-19 07:02:00,product_discovery,P015,success,website,,,,,,
C0856,2026-08-19 07:05:00,product_view,P015,success,website,,,,,,
C0857,2026-08-07 21:31:00,product_discovery,P027,success,mobile_app,,,,,,
C0857,2026-08-07 21:35:00,product_view,P027,success,mobile_app,,,,,,
C0857,2026-08-07 21:41:00,cart_add,P027,success,mobile_app,,,,,,
C0857,2026-08-07 21:53:00,cart_add,P027,abandoned,mobile_app,,,,,,Technical issue at checkout
C0858,2026-08-15 06:16:00,product_discovery,P001,success,mobile_app,,,,,,
C0859,2026-08-04 12:08:00,product_discovery,P001,success,mobile_app,,,,,,
C0859,2026-08-04 12:10:00,product_view,P001,success,mobile_app,,,,,,
C0860,2026-08-06 18:46:00,product_discovery,P040,success,mobile_app,,,,,,
C0860,2026-08-06 18:48:00,product_view,P040,success,mobile_app,,,,,,
C0860,2026-08-06 18:51:00,cart_add,P040,success,mobile_app,,,,,,
C0860,2026-08-06 19:04:00,cart_add,P040,abandoned,mobile_app,,,,,,Found a better deal elsewhere
C0861,2026-08-16 14:39:00,product_discovery,P029,success,mobile_app,,,,,,
C0861,2026-08-16 14:43:00,product_view,P029,success,mobile_app,,,,,,
C0861,2026-08-16 14:48:00,cart_add,P029,success,mobile_app,,,,,,
C0861,2026-08-16 14:51:00,checkout_start,P029,success,mobile_app,,,,,,
C0861,2026-08-16 14:56:00,payment_attempt,P029,success,mobile_app,TXNC08616475,,,,,
C0861,2026-08-16 14:58:00,payment_success,P029,success,mobile_app,TXNC08616475,,,,,
C0861,2026-08-16 15:00:00,order_confirmation,P029,success,mobile_app,TXNC08616475,ORDC08614835,,,,
C0861,2026-08-21 18:00:00,delivery,P029,success,mobile_app,,ORDC08614835,,,,
C0861,2026-08-23 18:00:00,review,P029,success,mobile_app,,ORDC08614835,,,,
C0861,2026-08-23 18:00:00,purchase_reason_recorded,P029,info,mobile_app,TXNC08616475,ORDC08614835,Good price,5.0,5.0,
C0862,2026-08-03 01:27:00,product_discovery,P022,success,website,,,,,,
C0862,2026-08-03 01:32:00,product_view,P022,success,website,,,,,,
C0863,2026-08-19 11:49:00,product_discovery,P026,success,mobile_app,,,,,,
C0863,2026-08-19 11:54:00,product_view,P026,success,mobile_app,,,,,,
C0863,2026-08-19 11:56:00,cart_add,P026,success,mobile_app,,,,,,
C0863,2026-08-19 12:10:00,checkout_start,P026,success,mobile_app,,,,,,
C0863,2026-08-19 12:13:00,payment_attempt,P026,success,mobile_app,TXNC08638528,,,,,
C0863,2026-08-19 12:18:00,payment_success,P026,success,mobile_app,TXNC08638528,,,,,
C0863,2026-08-19 12:20:00,order_confirmation,P026,success,mobile_app,TXNC08638528,ORDC08638051,,,,
C0864,2026-08-11 00:05:00,product_discovery,P022,success,mobile_app,,,,,,
C0864,2026-08-11 00:07:00,product_view,P022,success,mobile_app,,,,,,
C0865,2026-08-10 23:08:00,product_discovery,P029,success,mobile_app,,,,,,
C0866,2026-08-11 23:25:00,product_discovery,P025,success,website,,,,,,
C0866,2026-08-11 23:26:00,product_view,P025,success,website,,,,,,
C0867,2026-08-01 17:30:00,product_discovery,P022,success,website,,,,,,
C0867,2026-08-01 17:32:00,product_view,P022,success,website,,,,,,
C0868,2026-08-17 02:57:00,product_discovery,P039,success,mobile_app,,,,,,
C0869,2026-08-01 19:16:00,product_discovery,P033,success,website,,,,,,
C0869,2026-08-01 19:20:00,product_view,P033,success,website,,,,,,
C0870,2026-08-08 08:11:00,product_discovery,P032,success,website,,,,,,
C0870,2026-08-08 08:16:00,product_view,P032,success,website,,,,,,
C0871,2026-08-20 15:12:00,product_discovery,P004,success,website,,,,,,
C0871,2026-08-20 15:14:00,product_view,P004,success,website,,,,,,
C0872,2026-08-13 20:35:00,product_discovery,P039,success,website,,,,,,
C0872,2026-08-13 20:40:00,product_view,P039,success,website,,,,,,
C0872,2026-08-13 20:46:00,cart_add,P039,success,website,,,,,,
C0872,2026-08-13 21:01:00,checkout_start,P039,success,website,,,,,,
C0872,2026-08-13 21:05:00,payment_attempt,P039,success,website,TXNC08727022,,,,,
C0872,2026-08-13 21:06:00,payment_success,P039,success,website,TXNC08727022,,,,,
C0872,2026-08-13 21:09:00,order_confirmation,P039,success,website,TXNC08727022,ORDC08728609,,,,
C0872,2026-08-20 00:09:00,delivery,P039,success,website,,ORDC08728609,,,,
C0872,2026-08-20 00:09:00,purchase_reason_recorded,P039,info,website,TXNC08727022,ORDC08728609,Fast delivery promised,5.0,5.0,
C0873,2026-08-01 21:00:00,product_discovery,P005,success,mobile_app,,,,,,
C0873,2026-08-01 21:02:00,product_view,P005,success,mobile_app,,,,,,
C0873,2026-08-01 21:04:00,cart_add,P005,success,mobile_app,,,,,,
C0873,2026-08-01 21:09:00,checkout_start,P005,success,mobile_app,,,,,,
C0874,2026-08-04 05:06:00,product_discovery,P011,success,mobile_app,,,,,,
C0874,2026-08-04 05:09:00,product_view,P011,success,mobile_app,,,,,,
C0874,2026-08-04 05:14:00,cart_add,P011,success,mobile_app,,,,,,
C0874,2026-08-04 05:19:00,checkout_start,P011,success,mobile_app,,,,,,
C0874,2026-08-04 05:22:00,payment_attempt,P011,success,mobile_app,TXNC08746342,,,,,
C0874,2026-08-04 05:23:00,payment_failure,P011,failed,mobile_app,TXNC08746342,,,,,
C0875,2026-08-20 21:57:00,product_discovery,P010,success,website,,,,,,
C0875,2026-08-20 22:00:00,product_view,P010,success,website,,,,,,
C0876,2026-08-17 16:11:00,product_discovery,P030,success,website,,,,,,
C0876,2026-08-17 16:14:00,product_view,P030,success,website,,,,,,
C0876,2026-08-17 16:24:00,cart_add,P030,success,website,,,,,,
C0876,2026-08-17 16:36:00,cart_add,P030,abandoned,website,,,,,,Price too high
C0877,2026-08-03 02:53:00,product_discovery,P029,success,website,,,,,,
C0877,2026-08-03 02:56:00,product_view,P029,success,website,,,,,,
C0878,2026-08-14 23:57:00,product_discovery,P038,success,mobile_app,,,,,,
C0879,2026-08-08 03:09:00,product_discovery,P029,success,website,,,,,,
C0879,2026-08-08 03:12:00,product_view,P029,success,website,,,,,,
C0880,2026-08-18 05:36:00,product_discovery,P016,success,website,,,,,,
C0881,2026-08-14 14:34:00,product_discovery,P015,success,website,,,,,,
C0881,2026-08-14 14:37:00,product_view,P015,success,website,,,,,,
C0882,2026-08-19 01:13:00,product_discovery,P002,success,website,,,,,,
C0883,2026-08-08 08:04:00,product_discovery,P008,success,mobile_app,,,,,,
C0883,2026-08-08 08:05:00,product_view,P008,success,mobile_app,,,,,,
C0883,2026-08-08 08:09:00,cart_add,P008,success,mobile_app,,,,,,
C0883,2026-08-08 08:14:00,checkout_start,P008,success,mobile_app,,,,,,
C0883,2026-08-08 08:20:00,payment_attempt,P008,success,mobile_app,TXNC08832638,,,,,
C0883,2026-08-08 08:23:00,payment_success,P008,success,mobile_app,TXNC08832638,,,,,
C0883,2026-08-08 08:24:00,order_confirmation,P008,success,mobile_app,TXNC08832638,ORDC08832899,,,,
C0883,2026-08-10 12:24:00,delivery,P008,success,mobile_app,,ORDC08832899,,,,
C0883,2026-08-11 12:24:00,review,P008,success,mobile_app,,ORDC08832899,,,,
C0883,2026-08-11 12:24:00,purchase_reason_recorded,P008,info,mobile_app,TXNC08832638,ORDC08832899,Good price,3.0,4.0,
C0884,2026-08-08 05:14:00,product_discovery,P035,success,mobile_app,,,,,,
C0884,2026-08-08 05:19:00,product_view,P035,success,mobile_app,,,,,,
C0885,2026-08-08 15:07:00,product_discovery,P008,success,mobile_app,,,,,,
C0885,2026-08-08 15:11:00,product_view,P008,success,mobile_app,,,,,,
C0885,2026-08-08 15:18:00,cart_add,P008,success,mobile_app,,,,,,
C0885,2026-08-08 15:24:00,cart_add,P008,abandoned,mobile_app,,,,,,Changed my mind
C0886,2026-08-09 22:42:00,product_discovery,P013,success,website,,,,,,
C0886,2026-08-09 22:44:00,product_view,P013,success,website,,,,,,
C0887,2026-08-20 07:27:00,product_discovery,P021,success,website,,,,,,
C0887,2026-08-20 07:30:00,product_view,P021,success,website,,,,,,
C0887,2026-08-20 07:40:00,cart_add,P021,success,website,,,,,,
C0887,2026-08-20 07:51:00,cart_add,P021,abandoned,website,,,,,,Technical issue at checkout
C0888,2026-08-04 22:12:00,product_discovery,P013,success,website,,,,,,
C0888,2026-08-04 22:16:00,product_view,P013,success,website,,,,,,
C0888,2026-08-04 22:19:00,cart_add,P013,success,website,,,,,,
C0888,2026-08-04 22:20:00,checkout_start,P013,success,website,,,,,,
C0888,2026-08-04 22:27:00,payment_attempt,P013,success,website,TXNC08881356,,,,,
C0888,2026-08-04 22:29:00,payment_success,P013,success,website,TXNC08881356,,,,,
C0888,2026-08-04 22:31:00,order_confirmation,P013,success,website,TXNC08881356,ORDC08882947,,,,
C0888,2026-08-07 02:31:00,delivery,P013,success,website,,ORDC08882947,,,,
C0888,2026-08-07 02:31:00,purchase_reason_recorded,P013,info,website,TXNC08881356,ORDC08882947,Good price,5.0,2.0,
C0889,2026-08-11 18:31:00,product_discovery,P023,success,mobile_app,,,,,,
C0889,2026-08-11 18:34:00,product_view,P023,success,mobile_app,,,,,,
C0890,2026-08-02 01:09:00,product_discovery,P011,success,mobile_app,,,,,,
C0890,2026-08-02 01:12:00,product_view,P011,success,mobile_app,,,,,,
C0891,2026-08-20 23:07:00,product_discovery,P023,success,mobile_app,,,,,,
C0891,2026-08-20 23:11:00,product_view,P023,success,mobile_app,,,,,,
C0892,2026-08-20 03:06:00,product_discovery,P038,success,website,,,,,,
C0892,2026-08-20 03:10:00,product_view,P038,success,website,,,,,,
C0892,2026-08-20 03:16:00,cart_add,P038,success,website,,,,,,
C0892,2026-08-20 03:23:00,cart_add,P038,abandoned,website,,,,,,Price too high
C0893,2026-08-10 05:18:00,product_discovery,P028,success,mobile_app,,,,,,
C0893,2026-08-10 05:19:00,product_view,P028,success,mobile_app,,,,,,
C0894,2026-08-05 09:11:00,product_discovery,P032,success,mobile_app,,,,,,
C0894,2026-08-05 09:13:00,product_view,P032,success,mobile_app,,,,,,
C0894,2026-08-05 09:18:00,cart_add,P032,success,mobile_app,,,,,,
C0894,2026-08-05 09:21:00,cart_add,P032,abandoned,mobile_app,,,,,,Changed my mind
C0895,2026-08-06 10:43:00,product_discovery,P001,success,mobile_app,,,,,,
C0895,2026-08-06 10:44:00,product_view,P001,success,mobile_app,,,,,,
C0896,2026-08-18 06:52:00,product_discovery,P025,success,website,,,,,,
C0897,2026-08-15 14:08:00,product_discovery,P019,success,mobile_app,,,,,,
C0897,2026-08-15 14:10:00,product_view,P019,success,mobile_app,,,,,,
C0898,2026-08-20 19:57:00,product_discovery,P014,success,mobile_app,,,,,,
C0898,2026-08-20 20:01:00,product_view,P014,success,mobile_app,,,,,,
C0899,2026-08-13 04:58:00,product_discovery,P027,success,website,,,,,,
C0899,2026-08-13 05:03:00,product_view,P027,success,website,,,,,,
C0899,2026-08-13 05:13:00,cart_add,P027,success,website,,,,,,
C0899,2026-08-13 05:20:00,cart_add,P027,abandoned,website,,,,,,Technical issue at checkout
C0900,2026-08-03 16:01:00,product_discovery,P030,success,mobile_app,,,,,,
C0900,2026-08-03 16:06:00,product_view,P030,success,mobile_app,,,,,,
C0900,2026-08-03 16:16:00,cart_add,P030,success,mobile_app,,,,,,
C0900,2026-08-03 16:20:00,checkout_start,P030,success,mobile_app,,,,,,
C0900,2026-08-03 16:24:00,payment_attempt,P030,success,mobile_app,TXNC09007638,,,,,
C0900,2026-08-03 16:27:00,payment_success,P030,success,mobile_app,TXNC09007638,,,,,
C0900,2026-08-03 16:29:00,order_confirmation,P030,success,mobile_app,TXNC09007638,ORDC09003876,,,,
C0900,2026-08-10 20:29:00,delivery,P030,success,mobile_app,,ORDC09003876,,,,
C0900,2026-08-21 20:29:00,review,P030,success,mobile_app,,ORDC09003876,,,,
C0900,2026-08-21 20:29:00,purchase_reason_recorded,P030,info,mobile_app,TXNC09007638,ORDC09003876,Trusted brand,2.0,5.0,
C0901,2026-08-16 12:46:00,product_discovery,P014,success,website,,,,,,
C0901,2026-08-16 12:49:00,product_view,P014,success,website,,,,,,
C0902,2026-08-14 12:20:00,product_discovery,P024,success,mobile_app,,,,,,
C0902,2026-08-14 12:23:00,product_view,P024,success,mobile_app,,,,,,
C0903,2026-08-05 16:35:00,product_discovery,P009,success,website,,,,,,
C0903,2026-08-05 16:36:00,product_view,P009,success,website,,,,,,
C0903,2026-08-05 16:41:00,cart_add,P009,success,website,,,,,,
C0903,2026-08-05 16:50:00,checkout_start,P009,success,website,,,,,,
C0903,2026-08-05 16:58:00,payment_attempt,P009,success,website,TXNC09032693,,,,,
C0903,2026-08-05 17:03:00,payment_success,P009,success,website,TXNC09032693,,,,,
C0903,2026-08-05 17:04:00,order_confirmation,P009,success,website,TXNC09032693,ORDC09037913,,,,
C0903,2026-08-09 21:04:00,delivery,P009,success,website,,ORDC09037913,,,,
C0903,2026-08-09 21:04:00,purchase_reason_recorded,P009,info,website,TXNC09032693,ORDC09037913,Needed it urgently,2.0,4.0,
C0904,2026-08-04 13:06:00,product_discovery,P034,success,mobile_app,,,,,,
C0904,2026-08-04 13:11:00,product_view,P034,success,mobile_app,,,,,,
C0905,2026-08-05 07:54:00,product_discovery,P036,success,mobile_app,,,,,,
C0905,2026-08-05 07:58:00,product_view,P036,success,mobile_app,,,,,,
C0906,2026-08-08 23:57:00,product_discovery,P006,success,mobile_app,,,,,,
C0906,2026-08-08 23:59:00,product_view,P006,success,mobile_app,,,,,,
C0906,2026-08-09 00:07:00,cart_add,P006,success,mobile_app,,,,,,
C0906,2026-08-09 00:16:00,cart_add,P006,abandoned,mobile_app,,,,,,Changed my mind
C0907,2026-08-16 22:00:00,product_discovery,P028,success,mobile_app,,,,,,
C0907,2026-08-16 22:05:00,product_view,P028,success,mobile_app,,,,,,
C0907,2026-08-16 22:09:00,cart_add,P028,success,mobile_app,,,,,,
C0907,2026-08-16 22:16:00,cart_add,P028,abandoned,mobile_app,,,,,,Just browsing
C0908,2026-08-15 01:03:00,product_discovery,P010,success,website,,,,,,
C0908,2026-08-15 01:07:00,product_view,P010,success,website,,,,,,
C0909,2026-08-04 23:28:00,product_discovery,P005,success,mobile_app,,,,,,
C0909,2026-08-04 23:30:00,product_view,P005,success,mobile_app,,,,,,
C0910,2026-08-03 15:39:00,product_discovery,P014,success,mobile_app,,,,,,
C0910,2026-08-03 15:40:00,product_view,P014,success,mobile_app,,,,,,
C0910,2026-08-03 15:45:00,cart_add,P014,success,mobile_app,,,,,,
C0910,2026-08-03 15:52:00,cart_add,P014,abandoned,mobile_app,,,,,,Found a better deal elsewhere
C0911,2026-08-09 01:02:00,product_discovery,P035,success,website,,,,,,
C0911,2026-08-09 01:05:00,product_view,P035,success,website,,,,,,
C0912,2026-08-08 16:50:00,product_discovery,P026,success,website,,,,,,
C0912,2026-08-08 16:52:00,product_view,P026,success,website,,,,,,
C0913,2026-08-15 07:33:00,product_discovery,P024,success,website,,,,,,
C0913,2026-08-15 07:35:00,product_view,P024,success,website,,,,,,
C0913,2026-08-15 07:43:00,cart_add,P024,success,website,,,,,,
C0913,2026-08-15 07:55:00,checkout_start,P024,success,website,,,,,,
C0914,2026-08-08 13:15:00,product_discovery,P029,success,mobile_app,,,,,,
C0914,2026-08-08 13:16:00,product_view,P029,success,mobile_app,,,,,,
C0915,2026-08-21 07:15:00,product_discovery,P030,success,website,,,,,,
C0915,2026-08-21 07:19:00,product_view,P030,success,website,,,,,,
C0915,2026-08-21 07:21:00,cart_add,P030,success,website,,,,,,
C0915,2026-08-21 07:31:00,checkout_start,P030,success,website,,,,,,
C0915,2026-08-21 07:33:00,payment_attempt,P030,success,website,TXNC09152394,,,,,
C0915,2026-08-21 07:38:00,payment_success,P030,success,website,TXNC09152394,,,,,
C0915,2026-08-21 07:40:00,order_confirmation,P030,success,website,TXNC09152394,ORDC09153701,,,,
C0915,2026-08-26 08:40:00,delivery,P030,success,website,,ORDC09153701,,,,
C0915,2026-09-02 08:40:00,return,P030,success,website,,ORDC09153701,,,,
C0915,2026-09-05 08:40:00,review,P030,success,website,,ORDC09153701,,,,
C0915,2026-09-05 08:40:00,purchase_reason_recorded,P030,info,website,TXNC09152394,ORDC09153701,Trusted brand,4.0,5.0,
C0916,2026-08-13 13:00:00,product_discovery,P027,success,website,,,,,,
C0916,2026-08-13 13:01:00,product_view,P027,success,website,,,,,,
C0917,2026-08-18 22:06:00,product_discovery,P026,success,website,,,,,,
C0917,2026-08-18 22:09:00,product_view,P026,success,website,,,,,,
C0918,2026-08-02 03:04:00,product_discovery,P031,success,mobile_app,,,,,,
C0918,2026-08-02 03:09:00,product_view,P031,success,mobile_app,,,,,,
C0918,2026-08-02 03:17:00,cart_add,P031,success,mobile_app,,,,,,
C0918,2026-08-02 03:24:00,cart_add,P031,abandoned,mobile_app,,,,,,Just browsing
C0919,2026-08-14 07:17:00,product_discovery,P030,success,mobile_app,,,,,,
C0920,2026-08-15 05:23:00,product_discovery,P038,success,mobile_app,,,,,,
C0920,2026-08-15 05:25:00,product_view,P038,success,mobile_app,,,,,,
C0920,2026-08-15 05:27:00,cart_add,P038,success,mobile_app,,,,,,
C0920,2026-08-15 05:36:00,cart_add,P038,abandoned,mobile_app,,,,,,Found a better deal elsewhere
C0921,2026-08-04 00:58:00,product_discovery,P009,success,mobile_app,,,,,,
C0921,2026-08-04 01:02:00,product_view,P009,success,mobile_app,,,,,,
C0922,2026-08-01 08:04:00,product_discovery,P003,success,website,,,,,,
C0922,2026-08-01 08:06:00,product_view,P003,success,website,,,,,,
C0923,2026-08-03 17:15:00,product_discovery,P004,success,mobile_app,,,,,,
C0923,2026-08-03 17:19:00,product_view,P004,success,mobile_app,,,,,,
C0924,2026-08-08 02:20:00,product_discovery,P010,success,mobile_app,,,,,,
C0924,2026-08-08 02:22:00,product_view,P010,success,mobile_app,,,,,,
C0925,2026-08-11 15:50:00,product_discovery,P016,success,mobile_app,,,,,,
C0925,2026-08-11 15:52:00,product_view,P016,success,mobile_app,,,,,,
C0925,2026-08-11 15:55:00,cart_add,P016,success,mobile_app,,,,,,
C0925,2026-08-11 16:00:00,checkout_start,P016,success,mobile_app,,,,,,
C0925,2026-08-11 16:03:00,payment_attempt,P016,success,mobile_app,TXNC09259222,,,,,
C0925,2026-08-11 16:07:00,payment_success,P016,success,mobile_app,TXNC09259222,,,,,
C0925,2026-08-11 16:09:00,order_confirmation,P016,success,mobile_app,TXNC09259222,ORDC09258700,,,,
C0925,2026-08-16 17:09:00,delivery,P016,success,mobile_app,,ORDC09258700,,,,
C0925,2026-08-16 17:09:00,purchase_reason_recorded,P016,info,mobile_app,TXNC09259222,ORDC09258700,Product reviews,3.0,5.0,
C0926,2026-08-13 19:28:00,product_discovery,P024,success,website,,,,,,
C0926,2026-08-13 19:31:00,product_view,P024,success,website,,,,,,
C0927,2026-08-05 16:47:00,product_discovery,P018,success,mobile_app,,,,,,
C0927,2026-08-05 16:51:00,product_view,P018,success,mobile_app,,,,,,
C0928,2026-08-12 03:42:00,product_discovery,P035,success,website,,,,,,
C0928,2026-08-12 03:47:00,product_view,P035,success,website,,,,,,
C0929,2026-08-17 06:26:00,product_discovery,P015,success,website,,,,,,
C0929,2026-08-17 06:31:00,product_view,P015,success,website,,,,,,
C0930,2026-08-10 08:31:00,product_discovery,P022,success,website,,,,,,
C0930,2026-08-10 08:33:00,product_view,P022,success,website,,,,,,
C0930,2026-08-10 08:40:00,cart_add,P022,success,website,,,,,,
C0930,2026-08-10 08:41:00,checkout_start,P022,success,website,,,,,,
C0930,2026-08-10 08:45:00,payment_attempt,P022,success,website,TXNC09304021,,,,,
C0930,2026-08-10 08:47:00,payment_success,P022,success,website,TXNC09304021,,,,,
C0930,2026-08-10 08:50:00,order_confirmation,P022,success,website,TXNC09304021,ORDC09302350,,,,
C0930,2026-08-13 10:50:00,delivery,P022,success,website,,ORDC09302350,,,,
C0930,2026-08-13 10:50:00,purchase_reason_recorded,P022,info,website,TXNC09304021,ORDC09302350,Fast delivery promised,5.0,2.0,
C0931,2026-08-06 10:52:00,product_discovery,P021,success,website,,,,,,
C0931,2026-08-06 10:53:00,product_view,P021,success,website,,,,,,
C0932,2026-08-11 06:14:00,product_discovery,P010,success,mobile_app,,,,,,
C0932,2026-08-11 06:19:00,product_view,P010,success,mobile_app,,,,,,
C0933,2026-08-08 15:28:00,product_discovery,P004,success,website,,,,,,
C0933,2026-08-08 15:31:00,product_view,P004,success,website,,,,,,
C0933,2026-08-08 15:40:00,cart_add,P004,success,website,,,,,,
C0933,2026-08-08 15:45:00,checkout_start,P004,success,website,,,,,,
C0933,2026-08-08 15:53:00,payment_attempt,P004,success,website,TXNC09338490,,,,,
C0933,2026-08-08 15:58:00,payment_success,P004,success,website,TXNC09338490,,,,,
C0933,2026-08-08 15:59:00,order_confirmation,P004,success,website,TXNC09338490,ORDC09332499,,,,
C0933,2026-08-15 16:59:00,delivery,P004,success,website,,ORDC09332499,,,,
C0933,2026-08-15 16:59:00,purchase_reason_recorded,P004,info,website,TXNC09338490,ORDC09332499,Trusted brand,3.0,4.0,
C0934,2026-08-04 07:24:00,product_discovery,P019,success,mobile_app,,,,,,
C0934,2026-08-04 07:29:00,product_view,P019,success,mobile_app,,,,,,
C0935,2026-08-14 09:41:00,product_discovery,P020,success,website,,,,,,
C0935,2026-08-14 09:42:00,product_view,P020,success,website,,,,,,
C0935,2026-08-14 09:52:00,cart_add,P020,success,website,,,,,,
C0935,2026-08-14 10:05:00,cart_add,P020,abandoned,website,,,,,,Just browsing
C0936,2026-08-17 14:17:00,product_discovery,P014,success,mobile_app,,,,,,
C0936,2026-08-17 14:20:00,product_view,P014,success,mobile_app,,,,,,
C0937,2026-08-02 03:03:00,product_discovery,P021,success,mobile_app,,,,,,
C0938,2026-08-16 13:42:00,product_discovery,P040,success,mobile_app,,,,,,
C0938,2026-08-16 13:45:00,product_view,P040,success,mobile_app,,,,,,
C0939,2026-08-02 16:49:00,product_discovery,P003,success,mobile_app,,,,,,
C0939,2026-08-02 16:54:00,product_view,P003,success,mobile_app,,,,,,
C0940,2026-08-07 21:17:00,product_discovery,P006,success,website,,,,,,
C0941,2026-08-10 18:18:00,product_discovery,P008,success,mobile_app,,,,,,
C0942,2026-08-20 12:05:00,product_discovery,P024,success,mobile_app,,,,,,
C0943,2026-08-10 12:33:00,product_discovery,P038,success,mobile_app,,,,,,
C0943,2026-08-10 12:38:00,product_view,P038,success,mobile_app,,,,,,
C0943,2026-08-10 12:48:00,cart_add,P038,success,mobile_app,,,,,,
C0943,2026-08-10 12:52:00,cart_add,P038,abandoned,mobile_app,,,,,,Just browsing
C0944,2026-08-18 01:30:00,product_discovery,P030,success,website,,,,,,
C0944,2026-08-18 01:31:00,product_view,P030,success,website,,,,,,
C0945,2026-08-01 21:24:00,product_discovery,P036,success,website,,,,,,
C0945,2026-08-01 21:26:00,product_view,P036,success,website,,,,,,
C0945,2026-08-01 21:36:00,cart_add,P036,success,website,,,,,,
C0945,2026-08-01 21:46:00,cart_add,P036,abandoned,website,,,,,,Changed my mind
C0946,2026-08-05 14:25:00,product_discovery,P011,success,website,,,,,,
C0947,2026-08-21 05:27:00,product_discovery,P009,success,mobile_app,,,,,,
C0947,2026-08-21 05:29:00,product_view,P009,success,mobile_app,,,,,,
C0947,2026-08-21 05:34:00,cart_add,P009,success,mobile_app,,,,,,
C0947,2026-08-21 05:44:00,cart_add,P009,abandoned,mobile_app,,,,,,Changed my mind
C0948,2026-08-17 01:42:00,product_discovery,P035,success,mobile_app,,,,,,
C0948,2026-08-17 01:44:00,product_view,P035,success,mobile_app,,,,,,
C0949,2026-08-04 05:47:00,product_discovery,P020,success,mobile_app,,,,,,
C0949,2026-08-04 05:49:00,product_view,P020,success,mobile_app,,,,,,
C0949,2026-08-04 05:50:00,cart_add,P020,success,mobile_app,,,,,,
C0949,2026-08-04 06:00:00,checkout_start,P020,success,mobile_app,,,,,,
C0949,2026-08-04 06:06:00,payment_attempt,P020,success,mobile_app,TXNC09499081,,,,,
C0949,2026-08-04 06:09:00,payment_success,P020,success,mobile_app,TXNC09499081,,,,,
C0949,2026-08-04 06:10:00,order_confirmation,P020,success,mobile_app,TXNC09499081,ORDC09493142,,,,
C0949,2026-08-10 09:10:00,delivery,P020,success,mobile_app,,ORDC09493142,,,,
C0949,2026-08-10 09:10:00,purchase_reason_recorded,P020,info,mobile_app,TXNC09499081,ORDC09493142,Needed it urgently,3.0,4.0,
C0950,2026-08-10 17:36:00,product_discovery,P030,success,website,,,,,,
C0950,2026-08-10 17:41:00,product_view,P030,success,website,,,,,,
C0950,2026-08-10 17:50:00,cart_add,P030,success,website,,,,,,
C0950,2026-08-10 17:58:00,cart_add,P030,abandoned,website,,,,,,Found a better deal elsewhere
C0951,2026-08-05 03:44:00,product_discovery,P003,success,mobile_app,,,,,,
C0951,2026-08-05 03:46:00,product_view,P003,success,mobile_app,,,,,,
C0952,2026-08-03 13:03:00,product_discovery,P018,success,website,,,,,,
C0952,2026-08-03 13:08:00,product_view,P018,success,website,,,,,,
C0953,2026-08-03 20:53:00,product_discovery,P027,success,website,,,,,,
C0953,2026-08-03 20:58:00,product_view,P027,success,website,,,,,,
C0953,2026-08-03 21:08:00,cart_add,P027,success,website,,,,,,
C0953,2026-08-03 21:10:00,checkout_start,P027,success,website,,,,,,
C0953,2026-08-03 21:11:00,payment_attempt,P027,success,website,TXNC09536611,,,,,
C0953,2026-08-03 21:15:00,payment_success,P027,success,website,TXNC09536611,,,,,
C0953,2026-08-03 21:18:00,order_confirmation,P027,success,website,TXNC09536611,ORDC09539671,,,,
C0953,2026-08-08 22:18:00,delivery,P027,success,website,,ORDC09539671,,,,
C0953,2026-08-08 22:18:00,purchase_reason_recorded,P027,info,website,TXNC09536611,ORDC09539671,Good price,4.0,2.0,
C0954,2026-08-14 00:29:00,product_discovery,P005,success,mobile_app,,,,,,
C0954,2026-08-14 00:31:00,product_view,P005,success,mobile_app,,,,,,
C0954,2026-08-14 00:32:00,cart_add,P005,success,mobile_app,,,,,,
C0954,2026-08-14 00:33:00,cart_add,P005,abandoned,mobile_app,,,,,,Technical issue at checkout
C0955,2026-08-02 12:24:00,product_discovery,P019,success,mobile_app,,,,,,
C0955,2026-08-02 12:29:00,product_view,P019,success,mobile_app,,,,,,
C0956,2026-08-18 11:56:00,product_discovery,P035,success,website,,,,,,
C0956,2026-08-18 12:01:00,product_view,P035,success,website,,,,,,
C0957,2026-08-17 10:54:00,product_discovery,P009,success,website,,,,,,
C0957,2026-08-17 10:58:00,product_view,P009,success,website,,,,,,
C0958,2026-08-16 13:14:00,product_discovery,P017,success,website,,,,,,
C0958,2026-08-16 13:16:00,product_view,P017,success,website,,,,,,
C0959,2026-08-04 07:05:00,product_discovery,P007,success,mobile_app,,,,,,
C0959,2026-08-04 07:09:00,product_view,P007,success,mobile_app,,,,,,
C0960,2026-08-20 01:46:00,product_discovery,P025,success,website,,,,,,
C0960,2026-08-20 01:48:00,product_view,P025,success,website,,,,,,
C0961,2026-08-14 07:07:00,product_discovery,P037,success,website,,,,,,
C0961,2026-08-14 07:08:00,product_view,P037,success,website,,,,,,
C0962,2026-08-06 07:40:00,product_discovery,P015,success,mobile_app,,,,,,
C0962,2026-08-06 07:41:00,product_view,P015,success,mobile_app,,,,,,
C0963,2026-08-17 06:42:00,product_discovery,P039,success,website,,,,,,
C0963,2026-08-17 06:44:00,product_view,P039,success,website,,,,,,
C0964,2026-08-10 22:12:00,product_discovery,P013,success,website,,,,,,
C0964,2026-08-10 22:15:00,product_view,P013,success,website,,,,,,
C0965,2026-08-20 00:45:00,product_discovery,P009,success,mobile_app,,,,,,
C0965,2026-08-20 00:47:00,product_view,P009,success,mobile_app,,,,,,
C0966,2026-08-15 20:58:00,product_discovery,P015,success,website,,,,,,
C0966,2026-08-15 21:02:00,product_view,P015,success,website,,,,,,
C0966,2026-08-15 21:07:00,cart_add,P015,success,website,,,,,,
C0966,2026-08-15 21:20:00,cart_add,P015,abandoned,website,,,,,,Just browsing
C0967,2026-08-09 00:40:00,product_discovery,P035,success,website,,,,,,
C0967,2026-08-09 00:41:00,product_view,P035,success,website,,,,,,
C0968,2026-08-11 02:46:00,product_discovery,P020,success,website,,,,,,
C0968,2026-08-11 02:50:00,product_view,P020,success,website,,,,,,
C0968,2026-08-11 03:00:00,cart_add,P020,success,website,,,,,,
C0968,2026-08-11 03:08:00,checkout_start,P020,success,website,,,,,,
C0968,2026-08-11 03:15:00,payment_attempt,P020,success,website,TXNC09683731,,,,,
C0968,2026-08-11 03:20:00,payment_success,P020,success,website,TXNC09683731,,,,,
C0968,2026-08-11 03:23:00,order_confirmation,P020,success,website,TXNC09683731,ORDC09682145,,,,
C0968,2026-08-17 07:23:00,delivery,P020,success,website,,ORDC09682145,,,,
C0968,2026-08-21 07:23:00,review,P020,success,website,,ORDC09682145,,,,
C0968,2026-08-21 07:23:00,purchase_reason_recorded,P020,info,website,TXNC09683731,ORDC09682145,Trusted brand,3.0,3.0,
C0969,2026-08-20 19:57:00,product_discovery,P009,success,mobile_app,,,,,,
C0969,2026-08-20 19:59:00,product_view,P009,success,mobile_app,,,,,,
C0970,2026-08-15 05:04:00,product_discovery,P026,success,website,,,,,,
C0970,2026-08-15 05:06:00,product_view,P026,success,website,,,,,,
C0970,2026-08-15 05:08:00,cart_add,P026,success,website,,,,,,
C0970,2026-08-15 05:15:00,cart_add,P026,abandoned,website,,,,,,Just browsing
C0971,2026-08-19 11:30:00,product_discovery,P014,success,mobile_app,,,,,,
C0971,2026-08-19 11:35:00,product_view,P014,success,mobile_app,,,,,,
C0971,2026-08-19 11:38:00,cart_add,P014,success,mobile_app,,,,,,
C0971,2026-08-19 11:47:00,cart_add,P014,abandoned,mobile_app,,,,,,Found a better deal elsewhere
C0972,2026-08-08 11:42:00,product_discovery,P005,success,website,,,,,,
C0972,2026-08-08 11:46:00,product_view,P005,success,website,,,,,,
C0973,2026-08-16 18:07:00,product_discovery,P029,success,website,,,,,,
C0973,2026-08-16 18:12:00,product_view,P029,success,website,,,,,,
C0973,2026-08-16 18:16:00,cart_add,P029,success,website,,,,,,
C0973,2026-08-16 18:21:00,checkout_start,P029,success,website,,,,,,
C0973,2026-08-16 18:27:00,payment_attempt,P029,success,website,TXNC09738580,,,,,
C0973,2026-08-16 18:29:00,payment_failure,P029,failed,website,TXNC09738580,,,,,
C0974,2026-08-01 22:58:00,product_discovery,P025,success,website,,,,,,
C0974,2026-08-01 23:02:00,product_view,P025,success,website,,,,,,
C0975,2026-08-17 15:35:00,product_discovery,P023,success,mobile_app,,,,,,
C0975,2026-08-17 15:40:00,product_view,P023,success,mobile_app,,,,,,
C0976,2026-08-06 13:10:00,product_discovery,P006,success,mobile_app,,,,,,
C0976,2026-08-06 13:14:00,product_view,P006,success,mobile_app,,,,,,
C0976,2026-08-06 13:17:00,cart_add,P006,success,mobile_app,,,,,,
C0976,2026-08-06 13:19:00,checkout_start,P006,success,mobile_app,,,,,,
C0976,2026-08-06 13:22:00,payment_attempt,P006,success,mobile_app,TXNC09765163,,,,,
C0976,2026-08-06 13:27:00,payment_success,P006,success,mobile_app,TXNC09765163,,,,,
C0976,2026-08-06 13:29:00,order_confirmation,P006,success,mobile_app,TXNC09765163,ORDC09766932,,,,
C0977,2026-08-02 12:22:00,product_discovery,P027,success,mobile_app,,,,,,
C0977,2026-08-02 12:24:00,product_view,P027,success,mobile_app,,,,,,
C0978,2026-08-13 08:34:00,product_discovery,P023,success,website,,,,,,
C0978,2026-08-13 08:37:00,product_view,P023,success,website,,,,,,
C0978,2026-08-13 08:45:00,cart_add,P023,success,website,,,,,,
C0978,2026-08-13 08:58:00,checkout_start,P023,success,website,,,,,,
C0978,2026-08-13 09:05:00,payment_attempt,P023,success,website,TXNC09781875,,,,,
C0978,2026-08-13 09:08:00,payment_success,P023,success,website,TXNC09781875,,,,,
C0978,2026-08-13 09:10:00,order_confirmation,P023,success,website,TXNC09781875,ORDC09786637,,,,
C0978,2026-08-20 12:10:00,delivery,P023,success,website,,ORDC09786637,,,,
C0978,2026-08-24 12:10:00,review,P023,success,website,,ORDC09786637,,,,
C0978,2026-08-24 12:10:00,purchase_reason_recorded,P023,info,website,TXNC09781875,ORDC09786637,Needed it urgently,4.0,2.0,
C0979,2026-08-21 01:48:00,product_discovery,P029,success,website,,,,,,
C0979,2026-08-21 01:53:00,product_view,P029,success,website,,,,,,
C0979,2026-08-21 02:03:00,cart_add,P029,success,website,,,,,,
C0979,2026-08-21 02:07:00,checkout_start,P029,success,website,,,,,,
C0979,2026-08-21 02:10:00,payment_attempt,P029,success,website,TXNC09799097,,,,,
C0979,2026-08-21 02:11:00,payment_success,P029,success,website,TXNC09799097,,,,,
C0979,2026-08-21 02:14:00,order_confirmation,P029,success,website,TXNC09799097,ORDC09797673,,,,
C0980,2026-08-11 05:31:00,product_discovery,P009,success,website,,,,,,
C0980,2026-08-11 05:36:00,product_view,P009,success,website,,,,,,
C0980,2026-08-11 05:37:00,cart_add,P009,success,website,,,,,,
C0980,2026-08-11 05:52:00,checkout_start,P009,success,website,,,,,,
C0980,2026-08-11 05:55:00,payment_attempt,P009,success,website,TXNC09803051,,,,,
C0980,2026-08-11 05:56:00,payment_success,P009,success,website,TXNC09803051,,,,,
C0980,2026-08-11 05:57:00,order_confirmation,P009,success,website,TXNC09803051,ORDC09807720,,,,
C0980,2026-08-13 07:57:00,delivery,P009,success,website,,ORDC09807720,,,,
C0980,2026-08-19 07:57:00,review,P009,success,website,,ORDC09807720,,,,
C0980,2026-08-19 07:57:00,purchase_reason_recorded,P009,info,website,TXNC09803051,ORDC09807720,Fast delivery promised,4.0,5.0,
C0981,2026-08-15 04:29:00,product_discovery,P025,success,website,,,,,,
C0981,2026-08-15 04:33:00,product_view,P025,success,website,,,,,,
C0981,2026-08-15 04:42:00,cart_add,P025,success,website,,,,,,
C0981,2026-08-15 04:49:00,cart_add,P025,abandoned,website,,,,,,Price too high
C0982,2026-08-07 23:40:00,product_discovery,P027,success,website,,,,,,
C0982,2026-08-07 23:42:00,product_view,P027,success,website,,,,,,
C0982,2026-08-07 23:44:00,cart_add,P027,success,website,,,,,,
C0982,2026-08-07 23:47:00,cart_add,P027,abandoned,website,,,,,,Found a better deal elsewhere
C0983,2026-08-14 15:49:00,product_discovery,P021,success,mobile_app,,,,,,
C0983,2026-08-14 15:52:00,product_view,P021,success,mobile_app,,,,,,
C0983,2026-08-14 15:58:00,cart_add,P021,success,mobile_app,,,,,,
C0983,2026-08-14 16:07:00,cart_add,P021,abandoned,mobile_app,,,,,,Price too high
C0984,2026-08-02 02:16:00,product_discovery,P011,success,website,,,,,,
C0984,2026-08-02 02:21:00,product_view,P011,success,website,,,,,,
C0985,2026-08-12 06:42:00,product_discovery,P024,success,mobile_app,,,,,,
C0985,2026-08-12 06:47:00,product_view,P024,success,mobile_app,,,,,,
C0985,2026-08-12 06:49:00,cart_add,P024,success,mobile_app,,,,,,
C0985,2026-08-12 07:03:00,cart_add,P024,abandoned,mobile_app,,,,,,Price too high
C0986,2026-08-19 05:07:00,product_discovery,P017,success,website,,,,,,
C0986,2026-08-19 05:09:00,product_view,P017,success,website,,,,,,
C0987,2026-08-05 15:21:00,product_discovery,P027,success,website,,,,,,
C0987,2026-08-05 15:23:00,product_view,P027,success,website,,,,,,
C0987,2026-08-05 15:25:00,cart_add,P027,success,website,,,,,,
C0987,2026-08-05 15:38:00,checkout_start,P027,success,website,,,,,,
C0988,2026-08-06 18:42:00,product_discovery,P037,success,website,,,,,,
C0989,2026-08-16 15:18:00,product_discovery,P033,success,mobile_app,,,,,,
C0989,2026-08-16 15:21:00,product_view,P033,success,mobile_app,,,,,,
C0990,2026-08-20 01:57:00,product_discovery,P013,success,mobile_app,,,,,,
C0990,2026-08-20 02:00:00,product_view,P013,success,mobile_app,,,,,,
C0991,2026-08-12 08:41:00,product_discovery,P001,success,website,,,,,,
C0991,2026-08-12 08:43:00,product_view,P001,success,website,,,,,,
C0992,2026-08-05 02:51:00,product_discovery,P037,success,mobile_app,,,,,,
C0992,2026-08-05 02:54:00,product_view,P037,success,mobile_app,,,,,,
C0993,2026-08-12 07:41:00,product_discovery,P012,success,website,,,,,,
C0994,2026-08-02 20:33:00,product_discovery,P016,success,mobile_app,,,,,,
C0994,2026-08-02 20:37:00,product_view,P016,success,mobile_app,,,,,,
C0995,2026-08-16 05:15:00,product_discovery,P036,success,website,,,,,,
C0995,2026-08-16 05:16:00,product_view,P036,success,website,,,,,,
C0996,2026-08-16 14:54:00,product_discovery,P023,success,website,,,,,,
C0996,2026-08-16 14:55:00,product_view,P023,success,website,,,,,,
C0996,2026-08-16 15:01:00,cart_add,P023,success,website,,,,,,
C0996,2026-08-16 15:15:00,checkout_start,P023,success,website,,,,,,
C0996,2026-08-16 15:16:00,payment_attempt,P023,success,website,TXNC09963641,,,,,
C0996,2026-08-16 15:21:00,payment_success,P023,success,website,TXNC09963641,,,,,
C0996,2026-08-16 15:22:00,order_confirmation,P023,success,website,TXNC09963641,ORDC09968027,,,,
C0996,2026-08-23 16:22:00,delivery,P023,success,website,,ORDC09968027,,,,
C0996,2026-08-23 16:22:00,purchase_reason_recorded,P023,info,website,TXNC09963641,ORDC09968027,Product reviews,4.0,4.0,
C0997,2026-08-17 03:11:00,product_discovery,P026,success,website,,,,,,
C0997,2026-08-17 03:15:00,product_view,P026,success,website,,,,,,
C0997,2026-08-17 03:25:00,cart_add,P026,success,website,,,,,,
C0997,2026-08-17 03:36:00,cart_add,P026,abandoned,website,,,,,,Price too high
C0998,2026-08-04 04:04:00,product_discovery,P014,success,website,,,,,,
C0998,2026-08-04 04:05:00,product_view,P014,success,website,,,,,,
C0998,2026-08-04 04:14:00,cart_add,P014,success,website,,,,,,
C0998,2026-08-04 04:28:00,checkout_start,P014,success,website,,,,,,
C0998,2026-08-04 04:31:00,payment_attempt,P014,success,website,TXNC09989154,,,,,
C0998,2026-08-04 04:34:00,payment_failure,P014,failed,website,TXNC09989154,,,,,
C0999,2026-08-08 16:18:00,product_discovery,P008,success,mobile_app,,,,,,
C0999,2026-08-08 16:19:00,product_view,P008,success,mobile_app,,,,,,
C1000,2026-08-20 08:55:00,product_discovery,P037,success,website,,,,,,
C1000,2026-08-20 08:58:00,product_view,P037,success,website,,,,,,
C1001,2026-08-19 07:28:00,product_discovery,P040,success,mobile_app,,,,,,
C1001,2026-08-19 07:29:00,product_view,P040,success,mobile_app,,,,,,
C1001,2026-08-19 07:33:00,cart_add,P040,success,mobile_app,,,,,,
C1001,2026-08-19 07:46:00,cart_add,P040,abandoned,mobile_app,,,,,,Changed my mind
C1002,2026-08-19 21:32:00,product_discovery,P012,success,mobile_app,,,,,,
C1002,2026-08-19 21:34:00,product_view,P012,success,mobile_app,,,,,,
C1003,2026-08-16 02:17:00,product_discovery,P032,success,mobile_app,,,,,,
C1003,2026-08-16 02:20:00,product_view,P032,success,mobile_app,,,,,,
C1003,2026-08-16 02:30:00,cart_add,P032,success,mobile_app,,,,,,
C1003,2026-08-16 02:39:00,checkout_start,P032,success,mobile_app,,,,,,
C1003,2026-08-16 02:43:00,payment_attempt,P032,success,mobile_app,TXNC10039254,,,,,
C1003,2026-08-16 02:45:00,payment_failure,P032,failed,mobile_app,TXNC10039254,,,,,
C1004,2026-08-20 22:34:00,product_discovery,P040,success,website,,,,,,
C1005,2026-08-14 20:23:00,product_discovery,P020,success,mobile_app,,,,,,
C1005,2026-08-14 20:27:00,product_view,P020,success,mobile_app,,,,,,
C1005,2026-08-14 20:33:00,cart_add,P020,success,mobile_app,,,,,,
C1005,2026-08-14 20:35:00,checkout_start,P020,success,mobile_app,,,,,,
C1005,2026-08-14 20:39:00,payment_attempt,P020,success,mobile_app,TXNC10055674,,,,,
C1005,2026-08-14 20:40:00,payment_success,P020,success,mobile_app,TXNC10055674,,,,,
C1005,2026-08-14 20:43:00,order_confirmation,P020,success,mobile_app,TXNC10055674,ORDC10058159,,,,
C1005,2026-08-22 00:43:00,delivery,P020,success,mobile_app,,ORDC10058159,,,,
C1005,2026-08-22 00:43:00,purchase_reason_recorded,P020,info,mobile_app,TXNC10055674,ORDC10058159,Good price,5.0,3.0,
C1006,2026-08-08 13:35:00,product_discovery,P032,success,mobile_app,,,,,,
C1006,2026-08-08 13:36:00,product_view,P032,success,mobile_app,,,,,,
C1006,2026-08-08 13:41:00,cart_add,P032,success,mobile_app,,,,,,
C1006,2026-08-08 13:43:00,checkout_start,P032,success,mobile_app,,,,,,
C1006,2026-08-08 13:51:00,payment_attempt,P032,success,mobile_app,TXNC10061452,,,,,
C1006,2026-08-08 13:52:00,payment_success,P032,success,mobile_app,TXNC10061452,,,,,
C1006,2026-08-08 13:55:00,order_confirmation,P032,success,mobile_app,TXNC10061452,ORDC10065571,,,,
C1006,2026-08-12 14:55:00,delivery,P032,success,mobile_app,,ORDC10065571,,,,
C1006,2026-08-15 14:55:00,review,P032,success,mobile_app,,ORDC10065571,,,,
C1006,2026-08-15 14:55:00,purchase_reason_recorded,P032,info,mobile_app,TXNC10061452,ORDC10065571,Trusted brand,3.0,5.0,
C1007,2026-08-06 07:07:00,product_discovery,P038,success,website,,,,,,
C1007,2026-08-06 07:09:00,product_view,P038,success,website,,,,,,
C1008,2026-08-02 01:36:00,product_discovery,P004,success,mobile_app,,,,,,
C1008,2026-08-02 01:37:00,product_view,P004,success,mobile_app,,,,,,
C1008,2026-08-02 01:42:00,cart_add,P004,success,mobile_app,,,,,,
C1008,2026-08-02 01:54:00,checkout_start,P004,success,mobile_app,,,,,,
C1008,2026-08-02 01:56:00,payment_attempt,P004,success,mobile_app,TXNC10089306,,,,,
C1008,2026-08-02 01:58:00,payment_success,P004,success,mobile_app,TXNC10089306,,,,,
C1008,2026-08-02 02:00:00,order_confirmation,P004,success,mobile_app,TXNC10089306,ORDC10084336,,,,
C1008,2026-08-05 03:00:00,delivery,P004,success,mobile_app,,ORDC10084336,,,,
C1008,2026-08-06 03:00:00,review,P004,success,mobile_app,,ORDC10084336,,,,
C1008,2026-08-06 03:00:00,purchase_reason_recorded,P004,info,mobile_app,TXNC10089306,ORDC10084336,Trusted brand,2.0,3.0,
C1009,2026-08-07 12:05:00,product_discovery,P009,success,mobile_app,,,,,,
C1010,2026-08-04 06:52:00,product_discovery,P012,success,mobile_app,,,,,,
C1010,2026-08-04 06:54:00,product_view,P012,success,mobile_app,,,,,,
C1011,2026-08-12 03:33:00,product_discovery,P032,success,mobile_app,,,,,,
C1011,2026-08-12 03:36:00,product_view,P032,success,mobile_app,,,,,,
C1011,2026-08-12 03:37:00,cart_add,P032,success,mobile_app,,,,,,
C1011,2026-08-12 03:52:00,checkout_start,P032,success,mobile_app,,,,,,
C1011,2026-08-12 03:57:00,payment_attempt,P032,success,mobile_app,TXNC10116116,,,,,
C1011,2026-08-12 04:02:00,payment_success,P032,success,mobile_app,TXNC10116116,,,,,
C1011,2026-08-12 04:04:00,order_confirmation,P032,success,mobile_app,TXNC10116116,ORDC10114669,,,,
C1011,2026-08-15 05:04:00,delivery,P032,success,mobile_app,,ORDC10114669,,,,
C1011,2026-08-15 05:04:00,purchase_reason_recorded,P032,info,mobile_app,TXNC10116116,ORDC10114669,Needed it urgently,5.0,4.0,
C1012,2026-08-05 08:15:00,product_discovery,P026,success,mobile_app,,,,,,
C1012,2026-08-05 08:20:00,product_view,P026,success,mobile_app,,,,,,
C1012,2026-08-05 08:28:00,cart_add,P026,success,mobile_app,,,,,,
C1012,2026-08-05 08:30:00,cart_add,P026,abandoned,mobile_app,,,,,,Just browsing
C1013,2026-08-08 23:24:00,product_discovery,P018,success,mobile_app,,,,,,
C1013,2026-08-08 23:27:00,product_view,P018,success,mobile_app,,,,,,
C1013,2026-08-08 23:37:00,cart_add,P018,success,mobile_app,,,,,,
C1013,2026-08-08 23:47:00,checkout_start,P018,success,mobile_app,,,,,,
C1013,2026-08-08 23:53:00,payment_attempt,P018,success,mobile_app,TXNC10132402,,,,,
C1013,2026-08-08 23:58:00,payment_success,P018,success,mobile_app,TXNC10132402,,,,,
C1013,2026-08-09 00:00:00,order_confirmation,P018,success,mobile_app,TXNC10132402,ORDC10136970,,,,
C1013,2026-08-11 03:00:00,delivery,P018,success,mobile_app,,ORDC10136970,,,,
C1013,2026-08-11 03:00:00,purchase_reason_recorded,P018,info,mobile_app,TXNC10132402,ORDC10136970,Good price,2.0,3.0,
C1014,2026-08-01 09:00:00,product_discovery,P017,success,mobile_app,,,,,,
C1014,2026-08-01 09:04:00,product_view,P017,success,mobile_app,,,,,,
C1014,2026-08-01 09:05:00,cart_add,P017,success,mobile_app,,,,,,
C1014,2026-08-01 09:14:00,cart_add,P017,abandoned,mobile_app,,,,,,Price too high
C1015,2026-08-14 12:37:00,product_discovery,P034,success,website,,,,,,
C1015,2026-08-14 12:38:00,product_view,P034,success,website,,,,,,
C1015,2026-08-14 12:42:00,cart_add,P034,success,website,,,,,,
C1015,2026-08-14 12:49:00,checkout_start,P034,success,website,,,,,,
C1015,2026-08-14 12:51:00,payment_attempt,P034,success,website,TXNC10152022,,,,,
C1015,2026-08-14 12:52:00,payment_success,P034,success,website,TXNC10152022,,,,,
C1015,2026-08-14 12:53:00,order_confirmation,P034,success,website,TXNC10152022,ORDC10152849,,,,
C1015,2026-08-21 14:53:00,delivery,P034,success,website,,ORDC10152849,,,,
C1015,2026-08-21 14:53:00,purchase_reason_recorded,P034,info,website,TXNC10152022,ORDC10152849,Good price,3.0,3.0,
C1016,2026-08-02 09:41:00,product_discovery,P030,success,mobile_app,,,,,,
C1016,2026-08-02 09:45:00,product_view,P030,success,mobile_app,,,,,,
C1017,2026-08-14 22:57:00,product_discovery,P035,success,mobile_app,,,,,,
C1018,2026-08-04 09:11:00,product_discovery,P028,success,mobile_app,,,,,,
C1018,2026-08-04 09:16:00,product_view,P028,success,mobile_app,,,,,,
C1018,2026-08-04 09:17:00,cart_add,P028,success,mobile_app,,,,,,
C1018,2026-08-04 09:21:00,cart_add,P028,abandoned,mobile_app,,,,,,Delivery cost too high
C1019,2026-08-05 03:35:00,product_discovery,P033,success,mobile_app,,,,,,
C1019,2026-08-05 03:39:00,product_view,P033,success,mobile_app,,,,,,
C1020,2026-08-14 02:19:00,product_discovery,P017,success,mobile_app,,,,,,
C1020,2026-08-14 02:20:00,product_view,P017,success,mobile_app,,,,,,
C1021,2026-08-04 17:07:00,product_discovery,P015,success,mobile_app,,,,,,
C1021,2026-08-04 17:12:00,product_view,P015,success,mobile_app,,,,,,
C1021,2026-08-04 17:17:00,cart_add,P015,success,mobile_app,,,,,,
C1021,2026-08-04 17:25:00,checkout_start,P015,success,mobile_app,,,,,,
C1022,2026-08-04 01:13:00,product_discovery,P006,success,mobile_app,,,,,,
C1022,2026-08-04 01:14:00,product_view,P006,success,mobile_app,,,,,,
C1022,2026-08-04 01:18:00,cart_add,P006,success,mobile_app,,,,,,
C1022,2026-08-04 01:27:00,checkout_start,P006,success,mobile_app,,,,,,
C1022,2026-08-04 01:30:00,payment_attempt,P006,success,mobile_app,TXNC10228243,,,,,
C1022,2026-08-04 01:35:00,payment_success,P006,success,mobile_app,TXNC10228243,,,,,
C1022,2026-08-04 01:37:00,order_confirmation,P006,success,mobile_app,TXNC10228243,ORDC10229600,,,,
C1022,2026-08-06 03:37:00,delivery,P006,success,mobile_app,,ORDC10229600,,,,
C1022,2026-08-06 03:37:00,purchase_reason_recorded,P006,info,mobile_app,TXNC10228243,ORDC10229600,Trusted brand,4.0,5.0,
C1023,2026-08-06 16:59:00,product_discovery,P006,success,website,,,,,,
C1023,2026-08-06 17:04:00,product_view,P006,success,website,,,,,,
C1024,2026-08-19 23:39:00,product_discovery,P024,success,website,,,,,,
C1024,2026-08-19 23:40:00,product_view,P024,success,website,,,,,,
C1024,2026-08-19 23:48:00,cart_add,P024,success,website,,,,,,
C1024,2026-08-19 23:53:00,checkout_start,P024,success,website,,,,,,
C1024,2026-08-19 23:56:00,payment_attempt,P024,success,website,TXNC10241376,,,,,
C1024,2026-08-19 23:59:00,payment_success,P024,success,website,TXNC10241376,,,,,
C1024,2026-08-20 00:02:00,order_confirmation,P024,success,website,TXNC10241376,ORDC10245737,,,,
C1024,2026-08-22 03:02:00,delivery,P024,success,website,,ORDC10245737,,,,
C1024,2026-08-24 03:02:00,return,P024,success,website,,ORDC10245737,,,,
C1024,2026-08-24 03:02:00,purchase_reason_recorded,P024,info,website,TXNC10241376,ORDC10245737,Needed it urgently,3.0,5.0,
C1025,2026-08-16 04:08:00,product_discovery,P025,success,website,,,,,,
C1025,2026-08-16 04:13:00,product_view,P025,success,website,,,,,,
C1026,2026-08-13 07:53:00,product_discovery,P039,success,mobile_app,,,,,,
C1026,2026-08-13 07:54:00,product_view,P039,success,mobile_app,,,,,,
C1027,2026-08-19 12:51:00,product_discovery,P008,success,website,,,,,,
C1027,2026-08-19 12:54:00,product_view,P008,success,website,,,,,,
C1028,2026-08-09 21:21:00,product_discovery,P001,success,mobile_app,,,,,,
C1028,2026-08-09 21:26:00,product_view,P001,success,mobile_app,,,,,,
C1029,2026-08-08 22:47:00,product_discovery,P021,success,mobile_app,,,,,,
C1030,2026-08-08 07:31:00,product_discovery,P019,success,website,,,,,,
C1030,2026-08-08 07:34:00,product_view,P019,success,website,,,,,,
C1030,2026-08-08 07:36:00,cart_add,P019,success,website,,,,,,
C1030,2026-08-08 07:49:00,checkout_start,P019,success,website,,,,,,
C1030,2026-08-08 07:56:00,payment_attempt,P019,success,website,TXNC10305751,,,,,
C1030,2026-08-08 07:58:00,payment_success,P019,success,website,TXNC10305751,,,,,
C1030,2026-08-08 07:59:00,order_confirmation,P019,success,website,TXNC10305751,ORDC10308766,,,,
C1030,2026-08-15 11:59:00,delivery,P019,success,website,,ORDC10308766,,,,
C1030,2026-08-15 11:59:00,purchase_reason_recorded,P019,info,website,TXNC10305751,ORDC10308766,Needed it urgently,3.0,4.0,
C1031,2026-08-01 14:46:00,product_discovery,P039,success,mobile_app,,,,,,
C1032,2026-08-15 13:57:00,product_discovery,P021,success,mobile_app,,,,,,
C1033,2026-08-14 04:22:00,product_discovery,P019,success,website,,,,,,
C1033,2026-08-14 04:24:00,product_view,P019,success,website,,,,,,
C1034,2026-08-10 17:05:00,product_discovery,P031,success,mobile_app,,,,,,
C1034,2026-08-10 17:08:00,product_view,P031,success,mobile_app,,,,,,
C1035,2026-08-15 01:34:00,product_discovery,P013,success,mobile_app,,,,,,
C1035,2026-08-15 01:39:00,product_view,P013,success,mobile_app,,,,,,
C1036,2026-08-04 14:34:00,product_discovery,P004,success,website,,,,,,
C1036,2026-08-04 14:37:00,product_view,P004,success,website,,,,,,
C1036,2026-08-04 14:46:00,cart_add,P004,success,website,,,,,,
C1036,2026-08-04 14:50:00,checkout_start,P004,success,website,,,,,,
C1037,2026-08-04 04:35:00,product_discovery,P036,success,mobile_app,,,,,,
C1037,2026-08-04 04:39:00,product_view,P036,success,mobile_app,,,,,,
C1038,2026-08-07 02:53:00,product_discovery,P002,success,website,,,,,,
C1038,2026-08-07 02:57:00,product_view,P002,success,website,,,,,,
C1039,2026-08-10 08:11:00,product_discovery,P004,success,mobile_app,,,,,,
C1039,2026-08-10 08:16:00,product_view,P004,success,mobile_app,,,,,,
C1040,2026-08-10 07:15:00,product_discovery,P015,success,website,,,,,,
C1040,2026-08-10 07:16:00,product_view,P015,success,website,,,,,,
C1041,2026-08-10 12:05:00,product_discovery,P023,success,website,,,,,,
C1041,2026-08-10 12:08:00,product_view,P023,success,website,,,,,,
C1042,2026-08-07 14:07:00,product_discovery,P036,success,mobile_app,,,,,,
C1042,2026-08-07 14:10:00,product_view,P036,success,mobile_app,,,,,,
C1042,2026-08-07 14:13:00,cart_add,P036,success,mobile_app,,,,,,
C1042,2026-08-07 14:18:00,checkout_start,P036,success,mobile_app,,,,,,
C1042,2026-08-07 14:24:00,payment_attempt,P036,success,mobile_app,TXNC10428181,,,,,
C1042,2026-08-07 14:27:00,payment_success,P036,success,mobile_app,TXNC10428181,,,,,
C1042,2026-08-07 14:29:00,order_confirmation,P036,success,mobile_app,TXNC10428181,ORDC10424321,,,,
C1042,2026-08-09 15:29:00,delivery,P036,success,mobile_app,,ORDC10424321,,,,
C1042,2026-08-09 15:29:00,purchase_reason_recorded,P036,info,mobile_app,TXNC10428181,ORDC10424321,Needed it urgently,3.0,5.0,
C1043,2026-08-02 03:48:00,product_discovery,P035,success,website,,,,,,
C1043,2026-08-02 03:51:00,product_view,P035,success,website,,,,,,
C1044,2026-08-03 09:29:00,product_discovery,P036,success,mobile_app,,,,,,
C1044,2026-08-03 09:33:00,product_view,P036,success,mobile_app,,,,,,
C1044,2026-08-03 09:40:00,cart_add,P036,success,mobile_app,,,,,,
C1044,2026-08-03 09:48:00,cart_add,P036,abandoned,mobile_app,,,,,,Just browsing
C1045,2026-08-09 02:32:00,product_discovery,P013,success,website,,,,,,
C1045,2026-08-09 02:33:00,product_view,P013,success,website,,,,,,
C1045,2026-08-09 02:34:00,cart_add,P013,success,website,,,,,,
C1045,2026-08-09 02:44:00,checkout_start,P013,success,website,,,,,,
C1045,2026-08-09 02:45:00,payment_attempt,P013,success,website,TXNC10453728,,,,,
C1045,2026-08-09 02:50:00,payment_success,P013,success,website,TXNC10453728,,,,,
C1045,2026-08-09 02:52:00,order_confirmation,P013,success,website,TXNC10453728,ORDC10458228,,,,
C1046,2026-08-13 13:09:00,product_discovery,P013,success,mobile_app,,,,,,
C1046,2026-08-13 13:11:00,product_view,P013,success,mobile_app,,,,,,
C1047,2026-08-02 14:40:00,product_discovery,P031,success,website,,,,,,
C1047,2026-08-02 14:43:00,product_view,P031,success,website,,,,,,
C1047,2026-08-02 14:44:00,cart_add,P031,success,website,,,,,,
C1047,2026-08-02 14:56:00,cart_add,P031,abandoned,website,,,,,,Delivery cost too high
C1048,2026-08-15 19:21:00,product_discovery,P038,success,mobile_app,,,,,,
C1048,2026-08-15 19:24:00,product_view,P038,success,mobile_app,,,,,,
C1048,2026-08-15 19:30:00,cart_add,P038,success,mobile_app,,,,,,
C1048,2026-08-15 19:40:00,checkout_start,P038,success,mobile_app,,,,,,
C1048,2026-08-15 19:46:00,payment_attempt,P038,success,mobile_app,TXNC10483147,,,,,
C1048,2026-08-15 19:50:00,payment_success,P038,success,mobile_app,TXNC10483147,,,,,
C1048,2026-08-15 19:51:00,order_confirmation,P038,success,mobile_app,TXNC10483147,ORDC10481938,,,,
C1048,2026-08-18 23:51:00,delivery,P038,success,mobile_app,,ORDC10481938,,,,
C1048,2026-09-01 23:51:00,review,P038,success,mobile_app,,ORDC10481938,,,,
C1048,2026-09-01 23:51:00,purchase_reason_recorded,P038,info,mobile_app,TXNC10483147,ORDC10481938,Product reviews,4.0,2.0,
C1049,2026-08-15 02:14:00,product_discovery,P031,success,mobile_app,,,,,,
C1049,2026-08-15 02:18:00,product_view,P031,success,mobile_app,,,,,,
C1050,2026-08-16 13:29:00,product_discovery,P027,success,website,,,,,,
C1050,2026-08-16 13:34:00,product_view,P027,success,website,,,,,,
C1050,2026-08-16 13:40:00,cart_add,P027,success,website,,,,,,
C1050,2026-08-16 13:45:00,cart_add,P027,abandoned,website,,,,,,Just browsing
C1051,2026-08-06 13:02:00,product_discovery,P005,success,mobile_app,,,,,,
C1051,2026-08-06 13:04:00,product_view,P005,success,mobile_app,,,,,,
C1051,2026-08-06 13:09:00,cart_add,P005,success,mobile_app,,,,,,
C1051,2026-08-06 13:21:00,checkout_start,P005,success,mobile_app,,,,,,
C1051,2026-08-06 13:29:00,payment_attempt,P005,success,mobile_app,TXNC10516946,,,,,
C1051,2026-08-06 13:34:00,payment_success,P005,success,mobile_app,TXNC10516946,,,,,
C1051,2026-08-06 13:35:00,order_confirmation,P005,success,mobile_app,TXNC10516946,ORDC10511619,,,,
C1051,2026-08-12 15:35:00,delivery,P005,success,mobile_app,,ORDC10511619,,,,
C1051,2026-08-12 15:35:00,purchase_reason_recorded,P005,info,mobile_app,TXNC10516946,ORDC10511619,Fast delivery promised,5.0,5.0,
C1052,2026-08-11 03:56:00,product_discovery,P037,success,website,,,,,,
C1052,2026-08-11 04:01:00,product_view,P037,success,website,,,,,,
C1052,2026-08-11 04:11:00,cart_add,P037,success,website,,,,,,
C1052,2026-08-11 04:17:00,checkout_start,P037,success,website,,,,,,
C1052,2026-08-11 04:22:00,payment_attempt,P037,success,website,TXNC10527443,,,,,
C1052,2026-08-11 04:23:00,payment_success,P037,success,website,TXNC10527443,,,,,
C1052,2026-08-11 04:25:00,order_confirmation,P037,success,website,TXNC10527443,ORDC10525799,,,,
C1052,2026-08-17 06:25:00,delivery,P037,success,website,,ORDC10525799,,,,
C1052,2026-08-17 06:25:00,purchase_reason_recorded,P037,info,website,TXNC10527443,ORDC10525799,Product reviews,4.0,4.0,
C1053,2026-08-12 14:31:00,product_discovery,P020,success,website,,,,,,
C1053,2026-08-12 14:33:00,product_view,P020,success,website,,,,,,
C1054,2026-08-21 03:14:00,product_discovery,P016,success,mobile_app,,,,,,
C1054,2026-08-21 03:18:00,product_view,P016,success,mobile_app,,,,,,
C1054,2026-08-21 03:25:00,cart_add,P016,success,mobile_app,,,,,,
C1054,2026-08-21 03:39:00,cart_add,P016,abandoned,mobile_app,,,,,,Just browsing
C1055,2026-08-09 23:29:00,product_discovery,P016,success,website,,,,,,
C1055,2026-08-09 23:30:00,product_view,P016,success,website,,,,,,
C1056,2026-08-05 23:18:00,product_discovery,P028,success,mobile_app,,,,,,
C1056,2026-08-05 23:21:00,product_view,P028,success,mobile_app,,,,,,
C1056,2026-08-05 23:22:00,cart_add,P028,success,mobile_app,,,,,,
C1056,2026-08-05 23:26:00,checkout_start,P028,success,mobile_app,,,,,,
C1056,2026-08-05 23:27:00,payment_attempt,P028,success,mobile_app,TXNC10565078,,,,,
C1056,2026-08-05 23:29:00,payment_success,P028,success,mobile_app,TXNC10565078,,,,,
C1056,2026-08-05 23:30:00,order_confirmation,P028,success,mobile_app,TXNC10565078,ORDC10562521,,,,
C1056,2026-08-12 02:30:00,delivery,P028,success,mobile_app,,ORDC10562521,,,,
C1056,2026-08-12 02:30:00,purchase_reason_recorded,P028,info,mobile_app,TXNC10565078,ORDC10562521,Needed it urgently,3.0,4.0,
C1057,2026-08-03 02:28:00,product_discovery,P011,success,mobile_app,,,,,,
C1057,2026-08-03 02:32:00,product_view,P011,success,mobile_app,,,,,,
C1057,2026-08-03 02:40:00,cart_add,P011,success,mobile_app,,,,,,
C1057,2026-08-03 02:45:00,cart_add,P011,abandoned,mobile_app,,,,,,Changed my mind
C1058,2026-08-08 07:41:00,product_discovery,P002,success,mobile_app,,,,,,
C1058,2026-08-08 07:46:00,product_view,P002,success,mobile_app,,,,,,
C1058,2026-08-08 07:54:00,cart_add,P002,success,mobile_app,,,,,,
C1058,2026-08-08 07:57:00,checkout_start,P002,success,mobile_app,,,,,,
C1058,2026-08-08 08:02:00,payment_attempt,P002,success,mobile_app,TXNC10582718,,,,,
C1058,2026-08-08 08:04:00,payment_success,P002,success,mobile_app,TXNC10582718,,,,,
C1058,2026-08-08 08:07:00,order_confirmation,P002,success,mobile_app,TXNC10582718,ORDC10589541,,,,
C1058,2026-08-13 12:07:00,delivery,P002,success,mobile_app,,ORDC10589541,,,,
C1058,2026-08-13 12:07:00,purchase_reason_recorded,P002,info,mobile_app,TXNC10582718,ORDC10589541,Needed it urgently,2.0,4.0,
C1059,2026-08-17 16:27:00,product_discovery,P036,success,website,,,,,,
C1059,2026-08-17 16:29:00,product_view,P036,success,website,,,,,,
C1060,2026-08-21 06:17:00,product_discovery,P007,success,website,,,,,,
C1060,2026-08-21 06:19:00,product_view,P007,success,website,,,,,,
C1061,2026-08-04 19:40:00,product_discovery,P014,success,mobile_app,,,,,,
C1061,2026-08-04 19:43:00,product_view,P014,success,mobile_app,,,,,,
C1061,2026-08-04 19:51:00,cart_add,P014,success,mobile_app,,,,,,
C1061,2026-08-04 19:57:00,checkout_start,P014,success,mobile_app,,,,,,
C1061,2026-08-04 19:59:00,payment_attempt,P014,success,mobile_app,TXNC10612769,,,,,
C1061,2026-08-04 20:00:00,payment_success,P014,success,mobile_app,TXNC10612769,,,,,
C1061,2026-08-04 20:02:00,order_confirmation,P014,success,mobile_app,TXNC10612769,ORDC10611523,,,,
C1061,2026-08-07 21:02:00,delivery,P014,success,mobile_app,,ORDC10611523,,,,
C1061,2026-08-16 21:02:00,review,P014,success,mobile_app,,ORDC10611523,,,,
C1061,2026-08-16 21:02:00,purchase_reason_recorded,P014,info,mobile_app,TXNC10612769,ORDC10611523,Product reviews,4.0,3.0,
C1062,2026-08-16 07:17:00,product_discovery,P010,success,mobile_app,,,,,,
C1062,2026-08-16 07:20:00,product_view,P010,success,mobile_app,,,,,,
C1062,2026-08-16 07:24:00,cart_add,P010,success,mobile_app,,,,,,
C1062,2026-08-16 07:36:00,checkout_start,P010,success,mobile_app,,,,,,
C1062,2026-08-16 07:39:00,payment_attempt,P010,success,mobile_app,TXNC10627475,,,,,
C1062,2026-08-16 07:41:00,payment_success,P010,success,mobile_app,TXNC10627475,,,,,
C1062,2026-08-16 07:43:00,order_confirmation,P010,success,mobile_app,TXNC10627475,ORDC10621084,,,,
C1062,2026-08-19 08:43:00,delivery,P010,success,mobile_app,,ORDC10621084,,,,
C1062,2026-08-19 08:43:00,purchase_reason_recorded,P010,info,mobile_app,TXNC10627475,ORDC10621084,Needed it urgently,2.0,4.0,
C1063,2026-08-08 20:29:00,product_discovery,P001,success,website,,,,,,
C1063,2026-08-08 20:34:00,product_view,P001,success,website,,,,,,
C1064,2026-08-12 11:05:00,product_discovery,P009,success,website,,,,,,
C1064,2026-08-12 11:10:00,product_view,P009,success,website,,,,,,
C1064,2026-08-12 11:17:00,cart_add,P009,success,website,,,,,,
C1064,2026-08-12 11:20:00,cart_add,P009,abandoned,website,,,,,,Price too high
C1065,2026-08-17 10:31:00,product_discovery,P025,success,mobile_app,,,,,,
C1065,2026-08-17 10:36:00,product_view,P025,success,mobile_app,,,,,,
C1066,2026-08-13 18:54:00,product_discovery,P040,success,website,,,,,,
C1066,2026-08-13 18:55:00,product_view,P040,success,website,,,,,,
C1066,2026-08-13 18:56:00,cart_add,P040,success,website,,,,,,
C1066,2026-08-13 19:06:00,checkout_start,P040,success,website,,,,,,
C1066,2026-08-13 19:07:00,payment_attempt,P040,success,website,TXNC10668443,,,,,
C1066,2026-08-13 19:08:00,payment_success,P040,success,website,TXNC10668443,,,,,
C1066,2026-08-13 19:11:00,order_confirmation,P040,success,website,TXNC10668443,ORDC10664886,,,,
C1066,2026-08-17 21:11:00,delivery,P040,success,website,,ORDC10664886,,,,
C1066,2026-08-17 21:11:00,purchase_reason_recorded,P040,info,website,TXNC10668443,ORDC10664886,Product reviews,4.0,2.0,
C1067,2026-08-13 15:03:00,product_discovery,P031,success,website,,,,,,
C1067,2026-08-13 15:07:00,product_view,P031,success,website,,,,,,
C1067,2026-08-13 15:11:00,cart_add,P031,success,website,,,,,,
C1067,2026-08-13 15:26:00,cart_add,P031,abandoned,website,,,,,,Found a better deal elsewhere
C1068,2026-08-21 00:43:00,product_discovery,P033,success,mobile_app,,,,,,
C1068,2026-08-21 00:47:00,product_view,P033,success,mobile_app,,,,,,
C1069,2026-08-17 23:38:00,product_discovery,P005,success,mobile_app,,,,,,
C1069,2026-08-17 23:43:00,product_view,P005,success,mobile_app,,,,,,
C1069,2026-08-17 23:51:00,cart_add,P005,success,mobile_app,,,,,,
C1069,2026-08-17 23:58:00,checkout_start,P005,success,mobile_app,,,,,,
C1069,2026-08-18 00:02:00,payment_attempt,P005,success,mobile_app,TXNC10694263,,,,,
C1069,2026-08-18 00:05:00,payment_success,P005,success,mobile_app,TXNC10694263,,,,,
C1069,2026-08-18 00:07:00,order_confirmation,P005,success,mobile_app,TXNC10694263,ORDC10699571,,,,
C1069,2026-08-21 03:07:00,delivery,P005,success,mobile_app,,ORDC10699571,,,,
C1069,2026-08-24 03:07:00,review,P005,success,mobile_app,,ORDC10699571,,,,
C1069,2026-08-24 03:07:00,purchase_reason_recorded,P005,info,mobile_app,TXNC10694263,ORDC10699571,Trusted brand,5.0,5.0,
C1070,2026-08-17 04:40:00,product_discovery,P003,success,mobile_app,,,,,,
C1070,2026-08-17 04:45:00,product_view,P003,success,mobile_app,,,,,,
C1071,2026-08-12 16:03:00,product_discovery,P011,success,mobile_app,,,,,,
C1071,2026-08-12 16:07:00,product_view,P011,success,mobile_app,,,,,,
C1071,2026-08-12 16:14:00,cart_add,P011,success,mobile_app,,,,,,
C1071,2026-08-12 16:27:00,cart_add,P011,abandoned,mobile_app,,,,,,Found a better deal elsewhere
C1072,2026-08-08 15:55:00,product_discovery,P009,success,mobile_app,,,,,,
C1072,2026-08-08 15:56:00,product_view,P009,success,mobile_app,,,,,,
C1073,2026-08-09 07:18:00,product_discovery,P035,success,mobile_app,,,,,,
C1073,2026-08-09 07:19:00,product_view,P035,success,mobile_app,,,,,,
C1074,2026-08-14 16:47:00,product_discovery,P022,success,mobile_app,,,,,,
C1074,2026-08-14 16:52:00,product_view,P022,success,mobile_app,,,,,,
C1075,2026-08-18 03:00:00,product_discovery,P005,success,mobile_app,,,,,,
C1075,2026-08-18 03:03:00,product_view,P005,success,mobile_app,,,,,,
C1075,2026-08-18 03:07:00,cart_add,P005,success,mobile_app,,,,,,
C1075,2026-08-18 03:15:00,checkout_start,P005,success,mobile_app,,,,,,
C1075,2026-08-18 03:23:00,payment_attempt,P005,success,mobile_app,TXNC10757253,,,,,
C1075,2026-08-18 03:27:00,payment_success,P005,success,mobile_app,TXNC10757253,,,,,
C1075,2026-08-18 03:28:00,order_confirmation,P005,success,mobile_app,TXNC10757253,ORDC10759240,,,,
C1075,2026-08-20 05:28:00,delivery,P005,success,mobile_app,,ORDC10759240,,,,
C1075,2026-08-28 05:28:00,review,P005,success,mobile_app,,ORDC10759240,,,,
C1075,2026-08-28 05:28:00,purchase_reason_recorded,P005,info,mobile_app,TXNC10757253,ORDC10759240,Needed it urgently,2.0,5.0,
C1076,2026-08-15 09:59:00,product_discovery,P003,success,mobile_app,,,,,,
C1076,2026-08-15 10:04:00,product_view,P003,success,mobile_app,,,,,,
C1077,2026-08-10 10:03:00,product_discovery,P007,success,mobile_app,,,,,,
C1077,2026-08-10 10:05:00,product_view,P007,success,mobile_app,,,,,,
C1078,2026-08-14 22:52:00,product_discovery,P003,success,website,,,,,,
C1078,2026-08-14 22:54:00,product_view,P003,success,website,,,,,,
C1079,2026-08-14 01:57:00,product_discovery,P030,success,mobile_app,,,,,,
C1079,2026-08-14 02:01:00,product_view,P030,success,mobile_app,,,,,,
C1080,2026-08-02 14:05:00,product_discovery,P037,success,website,,,,,,
C1080,2026-08-02 14:07:00,product_view,P037,success,website,,,,,,
C1081,2026-08-03 19:31:00,product_discovery,P004,success,website,,,,,,
C1081,2026-08-03 19:33:00,product_view,P004,success,website,,,,,,
C1082,2026-08-03 04:58:00,product_discovery,P035,success,mobile_app,,,,,,
C1082,2026-08-03 05:01:00,product_view,P035,success,mobile_app,,,,,,
C1083,2026-08-06 16:17:00,product_discovery,P035,success,website,,,,,,
C1083,2026-08-06 16:19:00,product_view,P035,success,website,,,,,,
C1083,2026-08-06 16:29:00,cart_add,P035,success,website,,,,,,
C1083,2026-08-06 16:30:00,checkout_start,P035,success,website,,,,,,
C1083,2026-08-06 16:33:00,payment_attempt,P035,success,website,TXNC10834031,,,,,
C1083,2026-08-06 16:38:00,payment_success,P035,success,website,TXNC10834031,,,,,
C1083,2026-08-06 16:41:00,order_confirmation,P035,success,website,TXNC10834031,ORDC10832123,,,,
C1083,2026-08-09 19:41:00,delivery,P035,success,website,,ORDC10832123,,,,
C1083,2026-08-09 19:41:00,purchase_reason_recorded,P035,info,website,TXNC10834031,ORDC10832123,Good price,3.0,3.0,
C1084,2026-08-09 22:22:00,product_discovery,P011,success,website,,,,,,
C1084,2026-08-09 22:24:00,product_view,P011,success,website,,,,,,
C1084,2026-08-09 22:25:00,cart_add,P011,success,website,,,,,,
C1084,2026-08-09 22:37:00,checkout_start,P011,success,website,,,,,,
C1085,2026-08-17 11:52:00,product_discovery,P010,success,website,,,,,,
C1085,2026-08-17 11:56:00,product_view,P010,success,website,,,,,,
C1086,2026-08-03 11:58:00,product_discovery,P034,success,website,,,,,,
C1086,2026-08-03 12:03:00,product_view,P034,success,website,,,,,,
C1086,2026-08-03 12:13:00,cart_add,P034,success,website,,,,,,
C1086,2026-08-03 12:14:00,cart_add,P034,abandoned,website,,,,,,Found a better deal elsewhere
C1087,2026-08-14 09:48:00,product_discovery,P002,success,website,,,,,,
C1087,2026-08-14 09:49:00,product_view,P002,success,website,,,,,,
C1088,2026-08-11 03:08:00,product_discovery,P005,success,mobile_app,,,,,,
C1089,2026-08-05 20:47:00,product_discovery,P036,success,website,,,,,,
C1089,2026-08-05 20:49:00,product_view,P036,success,website,,,,,,
C1089,2026-08-05 20:50:00,cart_add,P036,success,website,,,,,,
C1089,2026-08-05 21:00:00,cart_add,P036,abandoned,website,,,,,,Price too high
C1090,2026-08-16 07:09:00,product_discovery,P002,success,mobile_app,,,,,,
C1090,2026-08-16 07:10:00,product_view,P002,success,mobile_app,,,,,,
C1091,2026-08-11 19:02:00,product_discovery,P013,success,website,,,,,,
C1091,2026-08-11 19:05:00,product_view,P013,success,website,,,,,,
C1091,2026-08-11 19:07:00,cart_add,P013,success,website,,,,,,
C1091,2026-08-11 19:11:00,cart_add,P013,abandoned,website,,,,,,Delivery cost too high
C1092,2026-08-12 04:56:00,product_discovery,P032,success,website,,,,,,
C1092,2026-08-12 04:58:00,product_view,P032,success,website,,,,,,
C1093,2026-08-08 05:51:00,product_discovery,P008,success,mobile_app,,,,,,
C1093,2026-08-08 05:54:00,product_view,P008,success,mobile_app,,,,,,
C1093,2026-08-08 05:55:00,cart_add,P008,success,mobile_app,,,,,,
C1093,2026-08-08 06:04:00,cart_add,P008,abandoned,mobile_app,,,,,,Changed my mind
C1094,2026-08-05 05:23:00,product_discovery,P022,success,mobile_app,,,,,,
C1094,2026-08-05 05:25:00,product_view,P022,success,mobile_app,,,,,,
C1094,2026-08-05 05:33:00,cart_add,P022,success,mobile_app,,,,,,
C1094,2026-08-05 05:43:00,checkout_start,P022,success,mobile_app,,,,,,
C1094,2026-08-05 05:50:00,payment_attempt,P022,success,mobile_app,TXNC10946344,,,,,
C1094,2026-08-05 05:52:00,payment_success,P022,success,mobile_app,TXNC10946344,,,,,
C1094,2026-08-05 05:53:00,order_confirmation,P022,success,mobile_app,TXNC10946344,ORDC10944852,,,,
C1094,2026-08-10 08:53:00,delivery,P022,success,mobile_app,,ORDC10944852,,,,
C1094,2026-08-20 08:53:00,review,P022,success,mobile_app,,ORDC10944852,,,,
C1094,2026-08-20 08:53:00,purchase_reason_recorded,P022,info,mobile_app,TXNC10946344,ORDC10944852,Good price,4.0,2.0,
C1095,2026-08-13 23:19:00,product_discovery,P037,success,website,,,,,,
C1095,2026-08-13 23:20:00,product_view,P037,success,website,,,,,,
C1095,2026-08-13 23:24:00,cart_add,P037,success,website,,,,,,
C1095,2026-08-13 23:33:00,checkout_start,P037,success,website,,,,,,
C1095,2026-08-13 23:34:00,payment_attempt,P037,success,website,TXNC10954423,,,,,
C1095,2026-08-13 23:36:00,payment_success,P037,success,website,TXNC10954423,,,,,
C1095,2026-08-13 23:39:00,order_confirmation,P037,success,website,TXNC10954423,ORDC10958014,,,,
C1096,2026-08-05 04:38:00,product_discovery,P023,success,website,,,,,,
C1096,2026-08-05 04:39:00,product_view,P023,success,website,,,,,,
C1097,2026-08-17 13:47:00,product_discovery,P035,success,mobile_app,,,,,,
C1097,2026-08-17 13:52:00,product_view,P035,success,mobile_app,,,,,,
C1098,2026-08-05 21:03:00,product_discovery,P019,success,website,,,,,,
C1098,2026-08-05 21:08:00,product_view,P019,success,website,,,,,,
C1099,2026-08-03 22:08:00,product_discovery,P003,success,website,,,,,,
C1099,2026-08-03 22:12:00,product_view,P003,success,website,,,,,,
C1100,2026-08-03 22:01:00,product_discovery,P008,success,website,,,,,,
C1101,2026-08-16 03:24:00,product_discovery,P016,success,mobile_app,,,,,,
C1101,2026-08-16 03:28:00,product_view,P016,success,mobile_app,,,,,,
C1102,2026-08-04 13:10:00,product_discovery,P018,success,mobile_app,,,,,,
C1102,2026-08-04 13:12:00,product_view,P018,success,mobile_app,,,,,,
C1103,2026-08-06 00:21:00,product_discovery,P008,success,website,,,,,,
C1103,2026-08-06 00:22:00,product_view,P008,success,website,,,,,,
C1103,2026-08-06 00:31:00,cart_add,P008,success,website,,,,,,
C1103,2026-08-06 00:33:00,cart_add,P008,abandoned,website,,,,,,Technical issue at checkout
C1104,2026-08-16 05:37:00,product_discovery,P030,success,website,,,,,,
C1104,2026-08-16 05:39:00,product_view,P030,success,website,,,,,,
C1104,2026-08-16 05:45:00,cart_add,P030,success,website,,,,,,
C1104,2026-08-16 05:46:00,cart_add,P030,abandoned,website,,,,,,Technical issue at checkout
C1105,2026-08-01 15:19:00,product_discovery,P013,success,website,,,,,,
C1105,2026-08-01 15:23:00,product_view,P013,success,website,,,,,,
C1106,2026-08-03 15:56:00,product_discovery,P008,success,mobile_app,,,,,,
C1106,2026-08-03 15:57:00,product_view,P008,success,mobile_app,,,,,,
C1107,2026-08-13 20:38:00,product_discovery,P040,success,website,,,,,,
C1107,2026-08-13 20:40:00,product_view,P040,success,website,,,,,,
C1107,2026-08-13 20:47:00,cart_add,P040,success,website,,,,,,
C1107,2026-08-13 20:58:00,checkout_start,P040,success,website,,,,,,
C1107,2026-08-13 20:59:00,payment_attempt,P040,success,website,TXNC11072179,,,,,
C1107,2026-08-13 21:01:00,payment_success,P040,success,website,TXNC11072179,,,,,
C1107,2026-08-13 21:04:00,order_confirmation,P040,success,website,TXNC11072179,ORDC11075899,,,,
C1107,2026-08-17 01:04:00,delivery,P040,success,website,,ORDC11075899,,,,
C1107,2026-08-17 01:04:00,purchase_reason_recorded,P040,info,website,TXNC11072179,ORDC11075899,Product reviews,5.0,2.0,
C1108,2026-08-15 17:45:00,product_discovery,P038,success,mobile_app,,,,,,
C1108,2026-08-15 17:50:00,product_view,P038,success,mobile_app,,,,,,
C1108,2026-08-15 17:52:00,cart_add,P038,success,mobile_app,,,,,,
C1108,2026-08-15 18:04:00,cart_add,P038,abandoned,mobile_app,,,,,,Found a better deal elsewhere
C1109,2026-08-08 20:44:00,product_discovery,P037,success,mobile_app,,,,,,
C1109,2026-08-08 20:45:00,product_view,P037,success,mobile_app,,,,,,
C1110,2026-08-04 15:57:00,product_discovery,P022,success,mobile_app,,,,,,
C1110,2026-08-04 15:58:00,product_view,P022,success,mobile_app,,,,,,
C1111,2026-08-09 14:02:00,product_discovery,P027,success,website,,,,,,
C1112,2026-08-19 19:15:00,product_discovery,P008,success,mobile_app,,,,,,
C1112,2026-08-19 19:20:00,product_view,P008,success,mobile_app,,,,,,
C1113,2026-08-16 04:29:00,product_discovery,P040,success,mobile_app,,,,,,
C1113,2026-08-16 04:34:00,product_view,P040,success,mobile_app,,,,,,
C1113,2026-08-16 04:36:00,cart_add,P040,success,mobile_app,,,,,,
C1113,2026-08-16 04:43:00,checkout_start,P040,success,mobile_app,,,,,,
C1113,2026-08-16 04:48:00,payment_attempt,P040,success,mobile_app,TXNC11131612,,,,,
C1113,2026-08-16 04:51:00,payment_success,P040,success,mobile_app,TXNC11131612,,,,,
C1113,2026-08-16 04:54:00,order_confirmation,P040,success,mobile_app,TXNC11131612,ORDC11136304,,,,
C1113,2026-08-18 05:54:00,delivery,P040,success,mobile_app,,ORDC11136304,,,,
C1113,2026-08-29 05:54:00,review,P040,success,mobile_app,,ORDC11136304,,,,
C1113,2026-08-29 05:54:00,purchase_reason_recorded,P040,info,mobile_app,TXNC11131612,ORDC11136304,Needed it urgently,4.0,3.0,
C1114,2026-08-07 08:58:00,product_discovery,P006,success,website,,,,,,
C1114,2026-08-07 09:02:00,product_view,P006,success,website,,,,,,
C1115,2026-08-10 01:49:00,product_discovery,P020,success,mobile_app,,,,,,
C1115,2026-08-10 01:50:00,product_view,P020,success,mobile_app,,,,,,
C1115,2026-08-10 01:56:00,cart_add,P020,success,mobile_app,,,,,,
C1115,2026-08-10 02:10:00,cart_add,P020,abandoned,mobile_app,,,,,,Found a better deal elsewhere
C1116,2026-08-04 09:25:00,product_discovery,P006,success,mobile_app,,,,,,
C1116,2026-08-04 09:29:00,product_view,P006,success,mobile_app,,,,,,
C1117,2026-08-13 06:29:00,product_discovery,P025,success,mobile_app,,,,,,
C1117,2026-08-13 06:34:00,product_view,P025,success,mobile_app,,,,,,
C1118,2026-08-14 05:27:00,product_discovery,P026,success,mobile_app,,,,,,
C1118,2026-08-14 05:32:00,product_view,P026,success,mobile_app,,,,,,
C1119,2026-08-20 16:22:00,product_discovery,P035,success,website,,,,,,
C1119,2026-08-20 16:25:00,product_view,P035,success,website,,,,,,
C1120,2026-08-06 03:45:00,product_discovery,P040,success,website,,,,,,
C1120,2026-08-06 03:46:00,product_view,P040,success,website,,,,,,
C1120,2026-08-06 03:51:00,cart_add,P040,success,website,,,,,,
C1120,2026-08-06 03:53:00,checkout_start,P040,success,website,,,,,,
C1121,2026-08-01 23:28:00,product_discovery,P014,success,website,,,,,,
C1121,2026-08-01 23:31:00,product_view,P014,success,website,,,,,,
C1121,2026-08-01 23:32:00,cart_add,P014,success,website,,,,,,
C1121,2026-08-01 23:40:00,checkout_start,P014,success,website,,,,,,
C1121,2026-08-01 23:44:00,payment_attempt,P014,success,website,TXNC11219842,,,,,
C1121,2026-08-01 23:45:00,payment_success,P014,success,website,TXNC11219842,,,,,
C1121,2026-08-01 23:48:00,order_confirmation,P014,success,website,TXNC11219842,ORDC11211907,,,,
C1121,2026-08-07 03:48:00,delivery,P014,success,website,,ORDC11211907,,,,
C1121,2026-08-14 03:48:00,review,P014,success,website,,ORDC11211907,,,,
C1121,2026-08-14 03:48:00,purchase_reason_recorded,P014,info,website,TXNC11219842,ORDC11211907,Fast delivery promised,3.0,2.0,
C1122,2026-08-12 01:56:00,product_discovery,P027,success,mobile_app,,,,,,
C1122,2026-08-12 02:01:00,product_view,P027,success,mobile_app,,,,,,
C1123,2026-08-20 23:42:00,product_discovery,P019,success,mobile_app,,,,,,
C1123,2026-08-20 23:43:00,product_view,P019,success,mobile_app,,,,,,
C1124,2026-08-16 13:13:00,product_discovery,P003,success,website,,,,,,
C1124,2026-08-16 13:15:00,product_view,P003,success,website,,,,,,
C1124,2026-08-16 13:25:00,cart_add,P003,success,website,,,,,,
C1124,2026-08-16 13:34:00,cart_add,P003,abandoned,website,,,,,,Changed my mind
C1125,2026-08-11 22:09:00,product_discovery,P035,success,website,,,,,,
C1125,2026-08-11 22:12:00,product_view,P035,success,website,,,,,,
C1126,2026-08-06 19:20:00,product_discovery,P021,success,mobile_app,,,,,,
C1127,2026-08-20 04:04:00,product_discovery,P029,success,mobile_app,,,,,,
C1127,2026-08-20 04:06:00,product_view,P029,success,mobile_app,,,,,,
C1127,2026-08-20 04:14:00,cart_add,P029,success,mobile_app,,,,,,
C1127,2026-08-20 04:20:00,checkout_start,P029,success,mobile_app,,,,,,
C1127,2026-08-20 04:23:00,payment_attempt,P029,success,mobile_app,TXNC11278166,,,,,
C1127,2026-08-20 04:25:00,payment_success,P029,success,mobile_app,TXNC11278166,,,,,
C1127,2026-08-20 04:26:00,order_confirmation,P029,success,mobile_app,TXNC11278166,ORDC11271117,,,,
C1127,2026-08-25 05:26:00,delivery,P029,success,mobile_app,,ORDC11271117,,,,
C1127,2026-08-25 05:26:00,purchase_reason_recorded,P029,info,mobile_app,TXNC11278166,ORDC11271117,Needed it urgently,3.0,4.0,
C1128,2026-08-11 12:22:00,product_discovery,P015,success,website,,,,,,
C1128,2026-08-11 12:26:00,product_view,P015,success,website,,,,,,
C1128,2026-08-11 12:28:00,cart_add,P015,success,website,,,,,,
C1128,2026-08-11 12:39:00,cart_add,P015,abandoned,website,,,,,,Changed my mind
C1129,2026-08-05 18:25:00,product_discovery,P021,success,mobile_app,,,,,,
C1129,2026-08-05 18:30:00,product_view,P021,success,mobile_app,,,,,,
C1129,2026-08-05 18:33:00,cart_add,P021,success,mobile_app,,,,,,
C1129,2026-08-05 18:41:00,cart_add,P021,abandoned,mobile_app,,,,,,Changed my mind
C1130,2026-08-19 06:38:00,product_discovery,P013,success,mobile_app,,,,,,
C1131,2026-08-19 07:03:00,product_discovery,P033,success,website,,,,,,
C1131,2026-08-19 07:04:00,product_view,P033,success,website,,,,,,
C1131,2026-08-19 07:09:00,cart_add,P033,success,website,,,,,,
C1131,2026-08-19 07:21:00,checkout_start,P033,success,website,,,,,,
C1131,2026-08-19 07:26:00,payment_attempt,P033,success,website,TXNC11316124,,,,,
C1131,2026-08-19 07:29:00,payment_success,P033,success,website,TXNC11316124,,,,,
C1131,2026-08-19 07:31:00,order_confirmation,P033,success,website,TXNC11316124,ORDC11319802,,,,
C1131,2026-08-23 08:31:00,delivery,P033,success,website,,ORDC11319802,,,,
C1131,2026-08-23 08:31:00,purchase_reason_recorded,P033,info,website,TXNC11316124,ORDC11319802,Needed it urgently,4.0,5.0,
C1132,2026-08-01 15:13:00,product_discovery,P014,success,mobile_app,,,,,,
C1132,2026-08-01 15:17:00,product_view,P014,success,mobile_app,,,,,,
C1133,2026-08-09 14:16:00,product_discovery,P013,success,website,,,,,,
C1133,2026-08-09 14:18:00,product_view,P013,success,website,,,,,,
C1134,2026-08-05 15:27:00,product_discovery,P004,success,website,,,,,,
C1135,2026-08-15 13:09:00,product_discovery,P002,success,website,,,,,,
C1135,2026-08-15 13:12:00,product_view,P002,success,website,,,,,,
C1136,2026-08-18 19:09:00,product_discovery,P009,success,website,,,,,,
C1136,2026-08-18 19:10:00,product_view,P009,success,website,,,,,,
C1136,2026-08-18 19:15:00,cart_add,P009,success,website,,,,,,
C1136,2026-08-18 19:28:00,cart_add,P009,abandoned,website,,,,,,Delivery cost too high
C1137,2026-08-06 10:37:00,product_discovery,P007,success,website,,,,,,
C1137,2026-08-06 10:42:00,product_view,P007,success,website,,,,,,
C1138,2026-08-18 06:47:00,product_discovery,P037,success,mobile_app,,,,,,
C1138,2026-08-18 06:52:00,product_view,P037,success,mobile_app,,,,,,
C1138,2026-08-18 06:55:00,cart_add,P037,success,mobile_app,,,,,,
C1138,2026-08-18 06:57:00,checkout_start,P037,success,mobile_app,,,,,,
C1138,2026-08-18 07:00:00,payment_attempt,P037,success,mobile_app,TXNC11388086,,,,,
C1138,2026-08-18 07:01:00,payment_success,P037,success,mobile_app,TXNC11388086,,,,,
C1138,2026-08-18 07:03:00,order_confirmation,P037,success,mobile_app,TXNC11388086,ORDC11389208,,,,
C1138,2026-08-21 08:03:00,delivery,P037,success,mobile_app,,ORDC11389208,,,,
C1138,2026-08-23 08:03:00,return,P037,success,mobile_app,,ORDC11389208,,,,
C1138,2026-08-26 08:03:00,review,P037,success,mobile_app,,ORDC11389208,,,,
C1138,2026-08-26 08:03:00,purchase_reason_recorded,P037,info,mobile_app,TXNC11388086,ORDC11389208,Trusted brand,5.0,5.0,
C1139,2026-08-18 00:45:00,product_discovery,P005,success,website,,,,,,
C1139,2026-08-18 00:47:00,product_view,P005,success,website,,,,,,
C1140,2026-08-03 08:08:00,product_discovery,P031,success,mobile_app,,,,,,
C1140,2026-08-03 08:12:00,product_view,P031,success,mobile_app,,,,,,
C1141,2026-08-10 19:40:00,product_discovery,P027,success,mobile_app,,,,,,
C1142,2026-08-17 06:14:00,product_discovery,P017,success,website,,,,,,
C1142,2026-08-17 06:15:00,product_view,P017,success,website,,,,,,
C1142,2026-08-17 06:20:00,cart_add,P017,success,website,,,,,,
C1142,2026-08-17 06:29:00,checkout_start,P017,success,website,,,,,,
C1142,2026-08-17 06:35:00,payment_attempt,P017,success,website,TXNC11427543,,,,,
C1142,2026-08-17 06:40:00,payment_success,P017,success,website,TXNC11427543,,,,,
C1142,2026-08-17 06:41:00,order_confirmation,P017,success,website,TXNC11427543,ORDC11427196,,,,
C1142,2026-08-19 10:41:00,delivery,P017,success,website,,ORDC11427196,,,,
C1142,2026-08-19 10:41:00,purchase_reason_recorded,P017,info,website,TXNC11427543,ORDC11427196,Product reviews,5.0,2.0,
C1143,2026-08-04 07:43:00,product_discovery,P027,success,website,,,,,,
C1143,2026-08-04 07:47:00,product_view,P027,success,website,,,,,,
C1143,2026-08-04 07:53:00,cart_add,P027,success,website,,,,,,
C1143,2026-08-04 08:04:00,checkout_start,P027,success,website,,,,,,
C1143,2026-08-04 08:09:00,payment_attempt,P027,success,website,TXNC11433026,,,,,
C1143,2026-08-04 08:12:00,payment_success,P027,success,website,TXNC11433026,,,,,
C1143,2026-08-04 08:13:00,order_confirmation,P027,success,website,TXNC11433026,ORDC11438893,,,,
C1143,2026-08-07 11:13:00,delivery,P027,success,website,,ORDC11438893,,,,
C1143,2026-08-07 11:13:00,purchase_reason_recorded,P027,info,website,TXNC11433026,ORDC11438893,Needed it urgently,2.0,2.0,
C1144,2026-08-17 04:53:00,product_discovery,P015,success,mobile_app,,,,,,
C1144,2026-08-17 04:55:00,product_view,P015,success,mobile_app,,,,,,
C1145,2026-08-05 06:57:00,product_discovery,P036,success,website,,,,,,
C1145,2026-08-05 07:02:00,product_view,P036,success,website,,,,,,
C1146,2026-08-18 23:23:00,product_discovery,P006,success,website,,,,,,
C1146,2026-08-18 23:28:00,product_view,P006,success,website,,,,,,
C1146,2026-08-18 23:34:00,cart_add,P006,success,website,,,,,,
C1146,2026-08-18 23:47:00,cart_add,P006,abandoned,website,,,,,,Found a better deal elsewhere
C1147,2026-08-09 23:22:00,product_discovery,P013,success,mobile_app,,,,,,
C1147,2026-08-09 23:23:00,product_view,P013,success,mobile_app,,,,,,
C1148,2026-08-17 20:39:00,product_discovery,P024,success,mobile_app,,,,,,
C1148,2026-08-17 20:43:00,product_view,P024,success,mobile_app,,,,,,
C1148,2026-08-17 20:44:00,cart_add,P024,success,mobile_app,,,,,,
C1148,2026-08-17 20:53:00,cart_add,P024,abandoned,mobile_app,,,,,,Found a better deal elsewhere
C1149,2026-08-04 06:24:00,product_discovery,P036,success,mobile_app,,,,,,
C1149,2026-08-04 06:27:00,product_view,P036,success,mobile_app,,,,,,
C1149,2026-08-04 06:33:00,cart_add,P036,success,mobile_app,,,,,,
C1149,2026-08-04 06:35:00,checkout_start,P036,success,mobile_app,,,,,,
C1150,2026-08-02 01:14:00,product_discovery,P003,success,website,,,,,,
C1150,2026-08-02 01:17:00,product_view,P003,success,website,,,,,,
C1151,2026-08-03 12:45:00,product_discovery,P024,success,website,,,,,,
C1151,2026-08-03 12:50:00,product_view,P024,success,website,,,,,,
C1152,2026-08-17 16:14:00,product_discovery,P033,success,mobile_app,,,,,,
C1152,2026-08-17 16:19:00,product_view,P033,success,mobile_app,,,,,,
C1153,2026-08-16 06:59:00,product_discovery,P014,success,mobile_app,,,,,,
C1153,2026-08-16 07:02:00,product_view,P014,success,mobile_app,,,,,,
C1154,2026-08-11 05:18:00,product_discovery,P032,success,mobile_app,,,,,,
C1154,2026-08-11 05:23:00,product_view,P032,success,mobile_app,,,,,,
C1154,2026-08-11 05:32:00,cart_add,P032,success,mobile_app,,,,,,
C1154,2026-08-11 05:37:00,cart_add,P032,abandoned,mobile_app,,,,,,Changed my mind
C1155,2026-08-09 07:28:00,product_discovery,P029,success,website,,,,,,
C1155,2026-08-09 07:33:00,product_view,P029,success,website,,,,,,
C1155,2026-08-09 07:36:00,cart_add,P029,success,website,,,,,,
C1155,2026-08-09 07:46:00,cart_add,P029,abandoned,website,,,,,,Changed my mind
C1156,2026-08-05 09:40:00,product_discovery,P007,success,mobile_app,,,,,,
C1156,2026-08-05 09:41:00,product_view,P007,success,mobile_app,,,,,,
C1157,2026-08-16 17:31:00,product_discovery,P034,success,mobile_app,,,,,,
C1157,2026-08-16 17:33:00,product_view,P034,success,mobile_app,,,,,,
C1158,2026-08-10 09:40:00,product_discovery,P008,success,website,,,,,,
C1158,2026-08-10 09:45:00,product_view,P008,success,website,,,,,,
C1159,2026-08-14 11:08:00,product_discovery,P035,success,website,,,,,,
C1159,2026-08-14 11:10:00,product_view,P035,success,website,,,,,,
C1159,2026-08-14 11:13:00,cart_add,P035,success,website,,,,,,
C1159,2026-08-14 11:22:00,cart_add,P035,abandoned,website,,,,,,Delivery cost too high
C1160,2026-08-19 08:41:00,product_discovery,P003,success,mobile_app,,,,,,
C1160,2026-08-19 08:42:00,product_view,P003,success,mobile_app,,,,,,
C1160,2026-08-19 08:49:00,cart_add,P003,success,mobile_app,,,,,,
C1160,2026-08-19 09:04:00,checkout_start,P003,success,mobile_app,,,,,,
C1160,2026-08-19 09:06:00,payment_attempt,P003,success,mobile_app,TXNC11605266,,,,,
C1160,2026-08-19 09:10:00,payment_success,P003,success,mobile_app,TXNC11605266,,,,,
C1160,2026-08-19 09:12:00,order_confirmation,P003,success,mobile_app,TXNC11605266,ORDC11601109,,,,
C1161,2026-08-18 18:47:00,product_discovery,P001,success,website,,,,,,
C1161,2026-08-18 18:50:00,product_view,P001,success,website,,,,,,
C1162,2026-08-21 01:34:00,product_discovery,P039,success,website,,,,,,
C1162,2026-08-21 01:37:00,product_view,P039,success,website,,,,,,
C1163,2026-08-08 00:00:00,product_discovery,P032,success,website,,,,,,
C1163,2026-08-08 00:01:00,product_view,P032,success,website,,,,,,
C1164,2026-08-02 02:12:00,product_discovery,P036,success,mobile_app,,,,,,
C1164,2026-08-02 02:15:00,product_view,P036,success,mobile_app,,,,,,
C1165,2026-08-06 18:16:00,product_discovery,P040,success,website,,,,,,
C1165,2026-08-06 18:21:00,product_view,P040,success,website,,,,,,
C1166,2026-08-04 23:06:00,product_discovery,P023,success,website,,,,,,
C1166,2026-08-04 23:07:00,product_view,P023,success,website,,,,,,
C1167,2026-08-12 16:45:00,product_discovery,P022,success,mobile_app,,,,,,
C1167,2026-08-12 16:48:00,product_view,P022,success,mobile_app,,,,,,
C1168,2026-08-06 12:57:00,product_discovery,P029,success,mobile_app,,,,,,
C1168,2026-08-06 12:59:00,product_view,P029,success,mobile_app,,,,,,
C1169,2026-08-14 21:54:00,product_discovery,P032,success,website,,,,,,
C1169,2026-08-14 21:57:00,product_view,P032,success,website,,,,,,
C1169,2026-08-14 22:02:00,cart_add,P032,success,website,,,,,,
C1169,2026-08-14 22:17:00,checkout_start,P032,success,website,,,,,,
C1169,2026-08-14 22:22:00,payment_attempt,P032,success,website,TXNC11695025,,,,,
C1169,2026-08-14 22:26:00,payment_success,P032,success,website,TXNC11695025,,,,,
C1169,2026-08-14 22:29:00,order_confirmation,P032,success,website,TXNC11695025,ORDC11693572,,,,
C1169,2026-08-20 01:29:00,delivery,P032,success,website,,ORDC11693572,,,,
C1169,2026-08-29 01:29:00,review,P032,success,website,,ORDC11693572,,,,
C1169,2026-08-29 01:29:00,purchase_reason_recorded,P032,info,website,TXNC11695025,ORDC11693572,Product reviews,2.0,4.0,
C1170,2026-08-17 11:54:00,product_discovery,P020,success,mobile_app,,,,,,
C1170,2026-08-17 11:56:00,product_view,P020,success,mobile_app,,,,,,
C1170,2026-08-17 11:58:00,cart_add,P020,success,mobile_app,,,,,,
C1170,2026-08-17 12:11:00,cart_add,P020,abandoned,mobile_app,,,,,,Technical issue at checkout
C1171,2026-08-07 08:02:00,product_discovery,P011,success,website,,,,,,
C1171,2026-08-07 08:03:00,product_view,P011,success,website,,,,,,
C1172,2026-08-10 03:46:00,product_discovery,P034,success,website,,,,,,
C1172,2026-08-10 03:50:00,product_view,P034,success,website,,,,,,
C1172,2026-08-10 03:52:00,cart_add,P034,success,website,,,,,,
C1172,2026-08-10 04:05:00,cart_add,P034,abandoned,website,,,,,,Delivery cost too high
C1173,2026-08-15 00:08:00,product_discovery,P039,success,website,,,,,,
C1173,2026-08-15 00:09:00,product_view,P039,success,website,,,,,,
C1174,2026-08-18 14:53:00,product_discovery,P010,success,website,,,,,,
C1174,2026-08-18 14:54:00,product_view,P010,success,website,,,,,,
C1174,2026-08-18 15:01:00,cart_add,P010,success,website,,,,,,
C1174,2026-08-18 15:07:00,cart_add,P010,abandoned,website,,,,,,Found a better deal elsewhere
C1175,2026-08-21 05:46:00,product_discovery,P004,success,mobile_app,,,,,,
C1175,2026-08-21 05:51:00,product_view,P004,success,mobile_app,,,,,,
C1176,2026-08-15 12:50:00,product_discovery,P008,success,website,,,,,,
C1176,2026-08-15 12:52:00,product_view,P008,success,website,,,,,,
C1177,2026-08-20 23:04:00,product_discovery,P020,success,mobile_app,,,,,,
C1177,2026-08-20 23:06:00,product_view,P020,success,mobile_app,,,,,,
C1178,2026-08-16 11:48:00,product_discovery,P016,success,mobile_app,,,,,,
C1178,2026-08-16 11:53:00,product_view,P016,success,mobile_app,,,,,,
C1178,2026-08-16 11:55:00,cart_add,P016,success,mobile_app,,,,,,
C1178,2026-08-16 12:09:00,checkout_start,P016,success,mobile_app,,,,,,
C1178,2026-08-16 12:11:00,payment_attempt,P016,success,mobile_app,TXNC11781800,,,,,
C1178,2026-08-16 12:12:00,payment_success,P016,success,mobile_app,TXNC11781800,,,,,
C1178,2026-08-16 12:15:00,order_confirmation,P016,success,mobile_app,TXNC11781800,ORDC11788045,,,,
C1179,2026-08-20 18:59:00,product_discovery,P016,success,website,,,,,,
C1179,2026-08-20 19:04:00,product_view,P016,success,website,,,,,,
C1179,2026-08-20 19:07:00,cart_add,P016,success,website,,,,,,
C1179,2026-08-20 19:11:00,checkout_start,P016,success,website,,,,,,
C1179,2026-08-20 19:13:00,payment_attempt,P016,success,website,TXNC11792044,,,,,
C1179,2026-08-20 19:17:00,payment_success,P016,success,website,TXNC11792044,,,,,
C1179,2026-08-20 19:18:00,order_confirmation,P016,success,website,TXNC11792044,ORDC11797972,,,,
C1179,2026-08-26 23:18:00,delivery,P016,success,website,,ORDC11797972,,,,
C1179,2026-08-26 23:18:00,purchase_reason_recorded,P016,info,website,TXNC11792044,ORDC11797972,Product reviews,2.0,5.0,
C1180,2026-08-14 18:38:00,product_discovery,P032,success,website,,,,,,
C1180,2026-08-14 18:43:00,product_view,P032,success,website,,,,,,
C1180,2026-08-14 18:46:00,cart_add,P032,success,website,,,,,,
C1180,2026-08-14 18:52:00,checkout_start,P032,success,website,,,,,,
C1180,2026-08-14 18:56:00,payment_attempt,P032,success,website,TXNC11809549,,,,,
C1180,2026-08-14 18:57:00,payment_success,P032,success,website,TXNC11809549,,,,,
C1180,2026-08-14 18:58:00,order_confirmation,P032,success,website,TXNC11809549,ORDC11802866,,,,
C1180,2026-08-20 21:58:00,delivery,P032,success,website,,ORDC11802866,,,,
C1180,2026-08-20 21:58:00,purchase_reason_recorded,P032,info,website,TXNC11809549,ORDC11802866,Trusted brand,4.0,5.0,
C1181,2026-08-16 19:56:00,product_discovery,P020,success,website,,,,,,
C1182,2026-08-18 00:46:00,product_discovery,P002,success,mobile_app,,,,,,
C1182,2026-08-18 00:50:00,product_view,P002,success,mobile_app,,,,,,
C1182,2026-08-18 01:00:00,cart_add,P002,success,mobile_app,,,,,,
C1182,2026-08-18 01:13:00,checkout_start,P002,success,mobile_app,,,,,,
C1182,2026-08-18 01:15:00,payment_attempt,P002,success,mobile_app,TXNC11824335,,,,,
C1182,2026-08-18 01:16:00,payment_success,P002,success,mobile_app,TXNC11824335,,,,,
C1182,2026-08-18 01:18:00,order_confirmation,P002,success,mobile_app,TXNC11824335,ORDC11828868,,,,
C1182,2026-08-23 03:18:00,delivery,P002,success,mobile_app,,ORDC11828868,,,,
C1182,2026-09-03 03:18:00,review,P002,success,mobile_app,,ORDC11828868,,,,
C1182,2026-09-03 03:18:00,purchase_reason_recorded,P002,info,mobile_app,TXNC11824335,ORDC11828868,Product reviews,4.0,3.0,
C1183,2026-08-19 01:38:00,product_discovery,P009,success,mobile_app,,,,,,
C1183,2026-08-19 01:39:00,product_view,P009,success,mobile_app,,,,,,
C1183,2026-08-19 01:47:00,cart_add,P009,success,mobile_app,,,,,,
C1183,2026-08-19 01:56:00,checkout_start,P009,success,mobile_app,,,,,,
C1184,2026-08-09 10:45:00,product_discovery,P035,success,mobile_app,,,,,,
C1184,2026-08-09 10:48:00,product_view,P035,success,mobile_app,,,,,,
C1185,2026-08-07 14:51:00,product_discovery,P014,success,mobile_app,,,,,,
C1185,2026-08-07 14:52:00,product_view,P014,success,mobile_app,,,,,,
C1186,2026-08-18 18:28:00,product_discovery,P014,success,website,,,,,,
C1186,2026-08-18 18:30:00,product_view,P014,success,website,,,,,,
C1186,2026-08-18 18:35:00,cart_add,P014,success,website,,,,,,
C1186,2026-08-18 18:47:00,checkout_start,P014,success,website,,,,,,
C1186,2026-08-18 18:54:00,payment_attempt,P014,success,website,TXNC11869043,,,,,
C1186,2026-08-18 18:57:00,payment_success,P014,success,website,TXNC11869043,,,,,
C1186,2026-08-18 18:59:00,order_confirmation,P014,success,website,TXNC11869043,ORDC11864362,,,,
C1186,2026-08-25 20:59:00,delivery,P014,success,website,,ORDC11864362,,,,
C1186,2026-08-25 20:59:00,purchase_reason_recorded,P014,info,website,TXNC11869043,ORDC11864362,Fast delivery promised,2.0,3.0,
C1187,2026-08-04 12:58:00,product_discovery,P028,success,mobile_app,,,,,,
C1187,2026-08-04 13:01:00,product_view,P028,success,mobile_app,,,,,,
C1188,2026-08-02 16:31:00,product_discovery,P002,success,mobile_app,,,,,,
C1188,2026-08-02 16:34:00,product_view,P002,success,mobile_app,,,,,,
C1189,2026-08-10 16:57:00,product_discovery,P004,success,mobile_app,,,,,,
C1189,2026-08-10 17:02:00,product_view,P004,success,mobile_app,,,,,,
C1189,2026-08-10 17:11:00,cart_add,P004,success,mobile_app,,,,,,
C1189,2026-08-10 17:23:00,checkout_start,P004,success,mobile_app,,,,,,
C1189,2026-08-10 17:30:00,payment_attempt,P004,success,mobile_app,TXNC11896909,,,,,
C1189,2026-08-10 17:33:00,payment_success,P004,success,mobile_app,TXNC11896909,,,,,
C1189,2026-08-10 17:36:00,order_confirmation,P004,success,mobile_app,TXNC11896909,ORDC11893486,,,,
C1189,2026-08-12 21:36:00,delivery,P004,success,mobile_app,,ORDC11893486,,,,
C1189,2026-08-12 21:36:00,purchase_reason_recorded,P004,info,mobile_app,TXNC11896909,ORDC11893486,Fast delivery promised,3.0,5.0,
C1190,2026-08-01 23:00:00,product_discovery,P010,success,website,,,,,,
C1190,2026-08-01 23:05:00,product_view,P010,success,website,,,,,,
C1191,2026-08-14 10:09:00,product_discovery,P036,success,mobile_app,,,,,,
C1192,2026-08-02 06:18:00,product_discovery,P040,success,website,,,,,,
C1192,2026-08-02 06:20:00,product_view,P040,success,website,,,,,,
C1192,2026-08-02 06:21:00,cart_add,P040,success,website,,,,,,
C1192,2026-08-02 06:33:00,checkout_start,P040,success,website,,,,,,
C1192,2026-08-02 06:40:00,payment_attempt,P040,success,website,TXNC11926369,,,,,
C1192,2026-08-02 06:44:00,payment_success,P040,success,website,TXNC11926369,,,,,
C1192,2026-08-02 06:46:00,order_confirmation,P040,success,website,TXNC11926369,ORDC11921094,,,,
C1193,2026-08-10 20:02:00,product_discovery,P021,success,website,,,,,,
C1193,2026-08-10 20:04:00,product_view,P021,success,website,,,,,,
C1194,2026-08-15 02:57:00,product_discovery,P012,success,website,,,,,,
C1194,2026-08-15 03:01:00,product_view,P012,success,website,,,,,,
C1195,2026-08-17 13:34:00,product_discovery,P027,success,mobile_app,,,,,,
C1195,2026-08-17 13:38:00,product_view,P027,success,mobile_app,,,,,,
C1195,2026-08-17 13:47:00,cart_add,P027,success,mobile_app,,,,,,
C1195,2026-08-17 13:52:00,cart_add,P027,abandoned,mobile_app,,,,,,Price too high
C1196,2026-08-01 22:19:00,product_discovery,P035,success,website,,,,,,
C1196,2026-08-01 22:24:00,product_view,P035,success,website,,,,,,
C1196,2026-08-01 22:33:00,cart_add,P035,success,website,,,,,,
C1196,2026-08-01 22:38:00,cart_add,P035,abandoned,website,,,,,,Just browsing
C1197,2026-08-06 02:46:00,product_discovery,P024,success,mobile_app,,,,,,
C1197,2026-08-06 02:49:00,product_view,P024,success,mobile_app,,,,,,
C1198,2026-08-02 21:51:00,product_discovery,P029,success,website,,,,,,
C1198,2026-08-02 21:52:00,product_view,P029,success,website,,,,,,
C1199,2026-08-04 03:37:00,product_discovery,P028,success,website,,,,,,
C1200,2026-08-14 09:31:00,product_discovery,P033,success,website,,,,,,
C1200,2026-08-14 09:36:00,product_view,P033,success,website,,,,,,
C1201,2026-08-05 15:32:00,product_discovery,P030,success,website,,,,,,
C1201,2026-08-05 15:33:00,product_view,P030,success,website,,,,,,
C1201,2026-08-05 15:36:00,cart_add,P030,success,website,,,,,,
C1201,2026-08-05 15:46:00,checkout_start,P030,success,website,,,,,,
C1201,2026-08-05 15:52:00,payment_attempt,P030,success,website,TXNC12015389,,,,,
C1201,2026-08-05 15:53:00,payment_success,P030,success,website,TXNC12015389,,,,,
C1201,2026-08-05 15:54:00,order_confirmation,P030,success,website,TXNC12015389,ORDC12017025,,,,
C1201,2026-08-08 18:54:00,delivery,P030,success,website,,ORDC12017025,,,,
C1201,2026-08-10 18:54:00,review,P030,success,website,,ORDC12017025,,,,
C1201,2026-08-10 18:54:00,purchase_reason_recorded,P030,info,website,TXNC12015389,ORDC12017025,Trusted brand,4.0,2.0,
C1202,2026-08-17 23:48:00,product_discovery,P031,success,website,,,,,,
C1202,2026-08-17 23:50:00,product_view,P031,success,website,,,,,,
C1203,2026-08-14 20:59:00,product_discovery,P022,success,website,,,,,,
C1203,2026-08-14 21:03:00,product_view,P022,success,website,,,,,,
C1203,2026-08-14 21:10:00,cart_add,P022,success,website,,,,,,
C1203,2026-08-14 21:18:00,cart_add,P022,abandoned,website,,,,,,Changed my mind
C1204,2026-08-06 06:49:00,product_discovery,P037,success,website,,,,,,
C1204,2026-08-06 06:50:00,product_view,P037,success,website,,,,,,
C1205,2026-08-07 05:26:00,product_discovery,P038,success,mobile_app,,,,,,
C1205,2026-08-07 05:27:00,product_view,P038,success,mobile_app,,,,,,
C1205,2026-08-07 05:32:00,cart_add,P038,success,mobile_app,,,,,,
C1205,2026-08-07 05:43:00,cart_add,P038,abandoned,mobile_app,,,,,,Just browsing
C1206,2026-08-14 02:02:00,product_discovery,P013,success,mobile_app,,,,,,
C1206,2026-08-14 02:05:00,product_view,P013,success,mobile_app,,,,,,
C1207,2026-08-06 13:43:00,product_discovery,P021,success,website,,,,,,
C1207,2026-08-06 13:45:00,product_view,P021,success,website,,,,,,
C1207,2026-08-06 13:46:00,cart_add,P021,success,website,,,,,,
C1207,2026-08-06 13:50:00,cart_add,P021,abandoned,website,,,,,,Found a better deal elsewhere
C1208,2026-08-15 21:45:00,product_discovery,P030,success,website,,,,,,
C1208,2026-08-15 21:46:00,product_view,P030,success,website,,,,,,
C1209,2026-08-12 22:51:00,product_discovery,P040,success,website,,,,,,
C1209,2026-08-12 22:54:00,product_view,P040,success,website,,,,,,
C1209,2026-08-12 22:59:00,cart_add,P040,success,website,,,,,,
C1209,2026-08-12 23:11:00,cart_add,P040,abandoned,website,,,,,,Found a better deal elsewhere
C1210,2026-08-13 01:31:00,product_discovery,P023,success,website,,,,,,
C1210,2026-08-13 01:35:00,product_view,P023,success,website,,,,,,
C1210,2026-08-13 01:40:00,cart_add,P023,success,website,,,,,,
C1210,2026-08-13 01:49:00,cart_add,P023,abandoned,website,,,,,,Changed my mind
C1211,2026-08-02 16:57:00,product_discovery,P034,success,mobile_app,,,,,,
C1211,2026-08-02 16:59:00,product_view,P034,success,mobile_app,,,,,,
C1211,2026-08-02 17:02:00,cart_add,P034,success,mobile_app,,,,,,
C1211,2026-08-02 17:09:00,checkout_start,P034,success,mobile_app,,,,,,
C1211,2026-08-02 17:14:00,payment_attempt,P034,success,mobile_app,TXNC12117202,,,,,
C1211,2026-08-02 17:17:00,payment_success,P034,success,mobile_app,TXNC12117202,,,,,
C1211,2026-08-02 17:19:00,order_confirmation,P034,success,mobile_app,TXNC12117202,ORDC12116647,,,,
C1211,2026-08-07 20:19:00,delivery,P034,success,mobile_app,,ORDC12116647,,,,
C1211,2026-08-09 20:19:00,return,P034,success,mobile_app,,ORDC12116647,,,,
C1211,2026-08-09 20:19:00,purchase_reason_recorded,P034,info,mobile_app,TXNC12117202,ORDC12116647,Good price,5.0,3.0,
C1212,2026-08-15 01:29:00,product_discovery,P022,success,website,,,,,,
C1212,2026-08-15 01:31:00,product_view,P022,success,website,,,,,,
C1213,2026-08-13 16:26:00,product_discovery,P011,success,mobile_app,,,,,,
C1213,2026-08-13 16:27:00,product_view,P011,success,mobile_app,,,,,,
C1213,2026-08-13 16:35:00,cart_add,P011,success,mobile_app,,,,,,
C1213,2026-08-13 16:50:00,checkout_start,P011,success,mobile_app,,,,,,
C1213,2026-08-13 16:53:00,payment_attempt,P011,success,mobile_app,TXNC12139342,,,,,
C1213,2026-08-13 16:55:00,payment_success,P011,success,mobile_app,TXNC12139342,,,,,
C1213,2026-08-13 16:57:00,order_confirmation,P011,success,mobile_app,TXNC12139342,ORDC12138545,,,,
C1214,2026-08-18 05:14:00,product_discovery,P002,success,website,,,,,,
C1214,2026-08-18 05:15:00,product_view,P002,success,website,,,,,,
C1215,2026-08-13 17:14:00,product_discovery,P032,success,website,,,,,,
C1215,2026-08-13 17:19:00,product_view,P032,success,website,,,,,,
C1216,2026-08-20 01:11:00,product_discovery,P009,success,website,,,,,,
C1217,2026-08-05 08:01:00,product_discovery,P016,success,mobile_app,,,,,,
C1217,2026-08-05 08:06:00,product_view,P016,success,mobile_app,,,,,,
C1217,2026-08-05 08:11:00,cart_add,P016,success,mobile_app,,,,,,
C1217,2026-08-05 08:25:00,checkout_start,P016,success,mobile_app,,,,,,
C1217,2026-08-05 08:30:00,payment_attempt,P016,success,mobile_app,TXNC12179038,,,,,
C1217,2026-08-05 08:35:00,payment_success,P016,success,mobile_app,TXNC12179038,,,,,
C1217,2026-08-05 08:37:00,order_confirmation,P016,success,mobile_app,TXNC12179038,ORDC12171959,,,,
C1217,2026-08-12 12:37:00,delivery,P016,success,mobile_app,,ORDC12171959,,,,
C1217,2026-08-18 12:37:00,review,P016,success,mobile_app,,ORDC12171959,,,,
C1217,2026-08-18 12:37:00,purchase_reason_recorded,P016,info,mobile_app,TXNC12179038,ORDC12171959,Trusted brand,4.0,3.0,
C1218,2026-08-05 05:22:00,product_discovery,P020,success,website,,,,,,
C1218,2026-08-05 05:23:00,product_view,P020,success,website,,,,,,
C1219,2026-08-10 19:01:00,product_discovery,P006,success,mobile_app,,,,,,
C1219,2026-08-10 19:02:00,product_view,P006,success,mobile_app,,,,,,
C1219,2026-08-10 19:11:00,cart_add,P006,success,mobile_app,,,,,,
C1219,2026-08-10 19:20:00,cart_add,P006,abandoned,mobile_app,,,,,,Price too high
C1220,2026-08-09 23:15:00,product_discovery,P013,success,website,,,,,,
C1220,2026-08-09 23:17:00,product_view,P013,success,website,,,,,,
C1220,2026-08-09 23:18:00,cart_add,P013,success,website,,,,,,
C1220,2026-08-09 23:29:00,cart_add,P013,abandoned,website,,,,,,Delivery cost too high
C1221,2026-08-17 22:21:00,product_discovery,P001,success,website,,,,,,
C1221,2026-08-17 22:22:00,product_view,P001,success,website,,,,,,
C1221,2026-08-17 22:30:00,cart_add,P001,success,website,,,,,,
C1221,2026-08-17 22:40:00,cart_add,P001,abandoned,website,,,,,,Found a better deal elsewhere
C1222,2026-08-14 05:01:00,product_discovery,P002,success,website,,,,,,
C1222,2026-08-14 05:02:00,product_view,P002,success,website,,,,,,
C1223,2026-08-14 00:17:00,product_discovery,P007,success,mobile_app,,,,,,
C1223,2026-08-14 00:22:00,product_view,P007,success,mobile_app,,,,,,
C1224,2026-08-07 03:40:00,product_discovery,P032,success,website,,,,,,
C1224,2026-08-07 03:42:00,product_view,P032,success,website,,,,,,
C1225,2026-08-20 08:08:00,product_discovery,P007,success,mobile_app,,,,,,
C1225,2026-08-20 08:09:00,product_view,P007,success,mobile_app,,,,,,
C1226,2026-08-11 09:24:00,product_discovery,P013,success,mobile_app,,,,,,
C1226,2026-08-11 09:25:00,product_view,P013,success,mobile_app,,,,,,
C1227,2026-08-16 22:59:00,product_discovery,P001,success,website,,,,,,
C1227,2026-08-16 23:04:00,product_view,P001,success,website,,,,,,
C1228,2026-08-09 09:27:00,product_discovery,P002,success,website,,,,,,
C1228,2026-08-09 09:32:00,product_view,P002,success,website,,,,,,
C1229,2026-08-07 03:17:00,product_discovery,P020,success,mobile_app,,,,,,
C1229,2026-08-07 03:20:00,product_view,P020,success,mobile_app,,,,,,
C1229,2026-08-07 03:27:00,cart_add,P020,success,mobile_app,,,,,,
C1229,2026-08-07 03:28:00,checkout_start,P020,success,mobile_app,,,,,,
C1229,2026-08-07 03:30:00,payment_attempt,P020,success,mobile_app,TXNC12297807,,,,,
C1229,2026-08-07 03:32:00,payment_success,P020,success,mobile_app,TXNC12297807,,,,,
C1229,2026-08-07 03:33:00,order_confirmation,P020,success,mobile_app,TXNC12297807,ORDC12296823,,,,
C1229,2026-08-11 07:33:00,delivery,P020,success,mobile_app,,ORDC12296823,,,,
C1229,2026-08-20 07:33:00,return,P020,success,mobile_app,,ORDC12296823,,,,
C1229,2026-08-20 07:33:00,purchase_reason_recorded,P020,info,mobile_app,TXNC12297807,ORDC12296823,Fast delivery promised,4.0,5.0,
C1230,2026-08-16 02:36:00,product_discovery,P002,success,website,,,,,,
C1231,2026-08-20 07:48:00,product_discovery,P034,success,website,,,,,,
C1232,2026-08-20 17:30:00,product_discovery,P038,success,mobile_app,,,,,,
C1233,2026-08-07 07:56:00,product_discovery,P032,success,mobile_app,,,,,,
C1233,2026-08-07 07:57:00,product_view,P032,success,mobile_app,,,,,,
C1233,2026-08-07 08:07:00,cart_add,P032,success,mobile_app,,,,,,
C1233,2026-08-07 08:21:00,cart_add,P032,abandoned,mobile_app,,,,,,Just browsing
C1234,2026-08-21 02:39:00,product_discovery,P029,success,website,,,,,,
C1234,2026-08-21 02:40:00,product_view,P029,success,website,,,,,,
C1235,2026-08-02 17:29:00,product_discovery,P002,success,website,,,,,,
C1235,2026-08-02 17:32:00,product_view,P002,success,website,,,,,,
C1236,2026-08-20 01:56:00,product_discovery,P039,success,mobile_app,,,,,,
C1236,2026-08-20 02:00:00,product_view,P039,success,mobile_app,,,,,,
C1237,2026-08-18 14:48:00,product_discovery,P031,success,mobile_app,,,,,,
C1237,2026-08-18 14:53:00,product_view,P031,success,mobile_app,,,,,,
C1237,2026-08-18 15:02:00,cart_add,P031,success,mobile_app,,,,,,
C1237,2026-08-18 15:15:00,cart_add,P031,abandoned,mobile_app,,,,,,Just browsing
C1238,2026-08-14 07:22:00,product_discovery,P038,success,mobile_app,,,,,,
C1238,2026-08-14 07:23:00,product_view,P038,success,mobile_app,,,,,,
C1239,2026-08-17 03:38:00,product_discovery,P032,success,mobile_app,,,,,,
C1239,2026-08-17 03:43:00,product_view,P032,success,mobile_app,,,,,,
C1240,2026-08-20 02:57:00,product_discovery,P033,success,website,,,,,,
C1241,2026-08-05 02:43:00,product_discovery,P023,success,website,,,,,,
C1241,2026-08-05 02:46:00,product_view,P023,success,website,,,,,,
C1241,2026-08-05 02:53:00,cart_add,P023,success,website,,,,,,
C1241,2026-08-05 03:01:00,cart_add,P023,abandoned,website,,,,,,Changed my mind
C1242,2026-08-16 10:10:00,product_discovery,P020,success,mobile_app,,,,,,
C1242,2026-08-16 10:13:00,product_view,P020,success,mobile_app,,,,,,
C1242,2026-08-16 10:21:00,cart_add,P020,success,mobile_app,,,,,,
C1242,2026-08-16 10:27:00,cart_add,P020,abandoned,mobile_app,,,,,,Technical issue at checkout
C1243,2026-08-19 03:32:00,product_discovery,P036,success,website,,,,,,
C1243,2026-08-19 03:34:00,product_view,P036,success,website,,,,,,
C1244,2026-08-13 19:11:00,product_discovery,P026,success,mobile_app,,,,,,
C1244,2026-08-13 19:16:00,product_view,P026,success,mobile_app,,,,,,
C1245,2026-08-15 18:23:00,product_discovery,P003,success,mobile_app,,,,,,
C1245,2026-08-15 18:27:00,product_view,P003,success,mobile_app,,,,,,
C1245,2026-08-15 18:32:00,cart_add,P003,success,mobile_app,,,,,,
C1245,2026-08-15 18:45:00,checkout_start,P003,success,mobile_app,,,,,,
C1245,2026-08-15 18:51:00,payment_attempt,P003,success,mobile_app,TXNC12451636,,,,,
C1245,2026-08-15 18:53:00,payment_success,P003,success,mobile_app,TXNC12451636,,,,,
C1245,2026-08-15 18:55:00,order_confirmation,P003,success,mobile_app,TXNC12451636,ORDC12457665,,,,
C1245,2026-08-22 19:55:00,delivery,P003,success,mobile_app,,ORDC12457665,,,,
C1245,2026-08-22 19:55:00,purchase_reason_recorded,P003,info,mobile_app,TXNC12451636,ORDC12457665,Needed it urgently,5.0,4.0,
C1246,2026-08-10 10:03:00,product_discovery,P011,success,website,,,,,,
C1246,2026-08-10 10:04:00,product_view,P011,success,website,,,,,,
C1246,2026-08-10 10:10:00,cart_add,P011,success,website,,,,,,
C1246,2026-08-10 10:16:00,cart_add,P011,abandoned,website,,,,,,Changed my mind
C1247,2026-08-08 05:22:00,product_discovery,P030,success,website,,,,,,
C1247,2026-08-08 05:26:00,product_view,P030,success,website,,,,,,
C1247,2026-08-08 05:34:00,cart_add,P030,success,website,,,,,,
C1247,2026-08-08 05:35:00,checkout_start,P030,success,website,,,,,,
C1247,2026-08-08 05:40:00,payment_attempt,P030,success,website,TXNC12474708,,,,,
C1247,2026-08-08 05:43:00,payment_success,P030,success,website,TXNC12474708,,,,,
C1247,2026-08-08 05:44:00,order_confirmation,P030,success,website,TXNC12474708,ORDC12473922,,,,
C1247,2026-08-13 08:44:00,delivery,P030,success,website,,ORDC12473922,,,,
C1247,2026-08-13 08:44:00,purchase_reason_recorded,P030,info,website,TXNC12474708,ORDC12473922,Fast delivery promised,5.0,5.0,
C1248,2026-08-05 15:47:00,product_discovery,P001,success,mobile_app,,,,,,
C1248,2026-08-05 15:52:00,product_view,P001,success,mobile_app,,,,,,
C1248,2026-08-05 16:00:00,cart_add,P001,success,mobile_app,,,,,,
C1248,2026-08-05 16:07:00,cart_add,P001,abandoned,mobile_app,,,,,,Technical issue at checkout
C1249,2026-08-15 00:13:00,product_discovery,P019,success,website,,,,,,
C1250,2026-08-06 18:07:00,product_discovery,P006,success,mobile_app,,,,,,
C1250,2026-08-06 18:11:00,product_view,P006,success,mobile_app,,,,,,
C1250,2026-08-06 18:20:00,cart_add,P006,success,mobile_app,,,,,,
C1250,2026-08-06 18:27:00,checkout_start,P006,success,mobile_app,,,,,,
C1250,2026-08-06 18:28:00,payment_attempt,P006,success,mobile_app,TXNC12502034,,,,,
C1250,2026-08-06 18:31:00,payment_success,P006,success,mobile_app,TXNC12502034,,,,,
C1250,2026-08-06 18:34:00,order_confirmation,P006,success,mobile_app,TXNC12502034,ORDC12503106,,,,
C1250,2026-08-12 20:34:00,delivery,P006,success,mobile_app,,ORDC12503106,,,,
C1250,2026-08-13 20:34:00,return,P006,success,mobile_app,,ORDC12503106,,,,
C1250,2026-08-13 20:34:00,purchase_reason_recorded,P006,info,mobile_app,TXNC12502034,ORDC12503106,Needed it urgently,5.0,3.0,
C1251,2026-08-20 17:44:00,product_discovery,P024,success,mobile_app,,,,,,
C1251,2026-08-20 17:46:00,product_view,P024,success,mobile_app,,,,,,
C1251,2026-08-20 17:51:00,cart_add,P024,success,mobile_app,,,,,,
C1251,2026-08-20 18:04:00,checkout_start,P024,success,mobile_app,,,,,,
C1252,2026-08-05 03:20:00,product_discovery,P009,success,mobile_app,,,,,,
C1252,2026-08-05 03:25:00,product_view,P009,success,mobile_app,,,,,,
C1253,2026-08-20 18:47:00,product_discovery,P039,success,mobile_app,,,,,,
C1253,2026-08-20 18:48:00,product_view,P039,success,mobile_app,,,,,,
C1253,2026-08-20 18:53:00,cart_add,P039,success,mobile_app,,,,,,
C1253,2026-08-20 19:05:00,checkout_start,P039,success,mobile_app,,,,,,
C1253,2026-08-20 19:12:00,payment_attempt,P039,success,mobile_app,TXNC12533609,,,,,
C1253,2026-08-20 19:13:00,payment_success,P039,success,mobile_app,TXNC12533609,,,,,
C1253,2026-08-20 19:15:00,order_confirmation,P039,success,mobile_app,TXNC12533609,ORDC12538956,,,,
C1253,2026-08-24 21:15:00,delivery,P039,success,mobile_app,,ORDC12538956,,,,
C1253,2026-08-24 21:15:00,purchase_reason_recorded,P039,info,mobile_app,TXNC12533609,ORDC12538956,Trusted brand,5.0,3.0,
C1254,2026-08-17 23:53:00,product_discovery,P037,success,mobile_app,,,,,,
C1254,2026-08-17 23:56:00,product_view,P037,success,mobile_app,,,,,,
C1255,2026-08-05 19:07:00,product_discovery,P006,success,mobile_app,,,,,,
C1255,2026-08-05 19:12:00,product_view,P006,success,mobile_app,,,,,,
C1255,2026-08-05 19:19:00,cart_add,P006,success,mobile_app,,,,,,
C1255,2026-08-05 19:33:00,cart_add,P006,abandoned,mobile_app,,,,,,Delivery cost too high
C1256,2026-08-16 04:04:00,product_discovery,P025,success,website,,,,,,
C1256,2026-08-16 04:08:00,product_view,P025,success,website,,,,,,
C1257,2026-08-14 16:32:00,product_discovery,P002,success,website,,,,,,
C1257,2026-08-14 16:34:00,product_view,P002,success,website,,,,,,
C1257,2026-08-14 16:44:00,cart_add,P002,success,website,,,,,,
C1257,2026-08-14 16:51:00,checkout_start,P002,success,website,,,,,,
C1257,2026-08-14 16:52:00,payment_attempt,P002,success,website,TXNC12576582,,,,,
C1257,2026-08-14 16:54:00,payment_success,P002,success,website,TXNC12576582,,,,,
C1257,2026-08-14 16:55:00,order_confirmation,P002,success,website,TXNC12576582,ORDC12574653,,,,
C1257,2026-08-17 20:55:00,delivery,P002,success,website,,ORDC12574653,,,,
C1257,2026-08-17 20:55:00,purchase_reason_recorded,P002,info,website,TXNC12576582,ORDC12574653,Good price,2.0,3.0,
C1258,2026-08-04 21:52:00,product_discovery,P019,success,mobile_app,,,,,,
C1259,2026-08-20 06:24:00,product_discovery,P030,success,website,,,,,,
C1259,2026-08-20 06:27:00,product_view,P030,success,website,,,,,,
C1259,2026-08-20 06:31:00,cart_add,P030,success,website,,,,,,
C1259,2026-08-20 06:45:00,checkout_start,P030,success,website,,,,,,
C1259,2026-08-20 06:47:00,payment_attempt,P030,success,website,TXNC12592048,,,,,
C1259,2026-08-20 06:51:00,payment_success,P030,success,website,TXNC12592048,,,,,
C1259,2026-08-20 06:54:00,order_confirmation,P030,success,website,TXNC12592048,ORDC12597992,,,,
C1259,2026-08-25 09:54:00,delivery,P030,success,website,,ORDC12597992,,,,
C1259,2026-09-05 09:54:00,review,P030,success,website,,ORDC12597992,,,,
C1259,2026-09-05 09:54:00,purchase_reason_recorded,P030,info,website,TXNC12592048,ORDC12597992,Product reviews,5.0,4.0,
C1260,2026-08-06 03:34:00,product_discovery,P034,success,mobile_app,,,,,,
C1260,2026-08-06 03:36:00,product_view,P034,success,mobile_app,,,,,,
C1261,2026-08-06 13:44:00,product_discovery,P026,success,website,,,,,,
C1261,2026-08-06 13:48:00,product_view,P026,success,website,,,,,,
C1261,2026-08-06 13:54:00,cart_add,P026,success,website,,,,,,
C1261,2026-08-06 13:55:00,cart_add,P026,abandoned,website,,,,,,Technical issue at checkout
C1262,2026-08-12 18:26:00,product_discovery,P024,success,website,,,,,,
C1262,2026-08-12 18:31:00,product_view,P024,success,website,,,,,,
C1263,2026-08-11 21:17:00,product_discovery,P001,success,mobile_app,,,,,,
C1263,2026-08-11 21:19:00,product_view,P001,success,mobile_app,,,,,,
C1264,2026-08-18 23:27:00,product_discovery,P039,success,website,,,,,,
C1264,2026-08-18 23:28:00,product_view,P039,success,website,,,,,,
C1265,2026-08-19 23:32:00,product_discovery,P001,success,mobile_app,,,,,,
C1265,2026-08-19 23:36:00,product_view,P001,success,mobile_app,,,,,,
C1265,2026-08-19 23:42:00,cart_add,P001,success,mobile_app,,,,,,
C1265,2026-08-19 23:51:00,checkout_start,P001,success,mobile_app,,,,,,
C1265,2026-08-19 23:54:00,payment_attempt,P001,success,mobile_app,TXNC12652736,,,,,
C1265,2026-08-19 23:55:00,payment_success,P001,success,mobile_app,TXNC12652736,,,,,
C1265,2026-08-19 23:58:00,order_confirmation,P001,success,mobile_app,TXNC12652736,ORDC12654423,,,,
C1265,2026-08-22 03:58:00,delivery,P001,success,mobile_app,,ORDC12654423,,,,
C1265,2026-08-24 03:58:00,review,P001,success,mobile_app,,ORDC12654423,,,,
C1265,2026-08-24 03:58:00,purchase_reason_recorded,P001,info,mobile_app,TXNC12652736,ORDC12654423,Good price,4.0,4.0,
C1266,2026-08-10 06:45:00,product_discovery,P036,success,mobile_app,,,,,,
C1266,2026-08-10 06:50:00,product_view,P036,success,mobile_app,,,,,,
C1267,2026-08-12 05:19:00,product_discovery,P033,success,mobile_app,,,,,,
C1267,2026-08-12 05:22:00,product_view,P033,success,mobile_app,,,,,,
C1268,2026-08-04 02:02:00,product_discovery,P032,success,website,,,,,,
C1268,2026-08-04 02:06:00,product_view,P032,success,website,,,,,,
C1268,2026-08-04 02:10:00,cart_add,P032,success,website,,,,,,
C1268,2026-08-04 02:15:00,cart_add,P032,abandoned,website,,,,,,Delivery cost too high
C1269,2026-08-13 06:53:00,product_discovery,P037,success,website,,,,,,
C1269,2026-08-13 06:56:00,product_view,P037,success,website,,,,,,
C1270,2026-08-14 09:44:00,product_discovery,P004,success,website,,,,,,
C1270,2026-08-14 09:46:00,product_view,P004,success,website,,,,,,
C1271,2026-08-05 17:13:00,product_discovery,P004,success,website,,,,,,
C1271,2026-08-05 17:14:00,product_view,P004,success,website,,,,,,
C1272,2026-08-16 11:31:00,product_discovery,P027,success,mobile_app,,,,,,
C1272,2026-08-16 11:36:00,product_view,P027,success,mobile_app,,,,,,
C1273,2026-08-11 17:37:00,product_discovery,P040,success,mobile_app,,,,,,
C1273,2026-08-11 17:38:00,product_view,P040,success,mobile_app,,,,,,
C1273,2026-08-11 17:44:00,cart_add,P040,success,mobile_app,,,,,,
C1273,2026-08-11 17:47:00,checkout_start,P040,success,mobile_app,,,,,,
C1273,2026-08-11 17:54:00,payment_attempt,P040,success,mobile_app,TXNC12734761,,,,,
C1273,2026-08-11 17:58:00,payment_success,P040,success,mobile_app,TXNC12734761,,,,,
C1273,2026-08-11 17:59:00,order_confirmation,P040,success,mobile_app,TXNC12734761,ORDC12734983,,,,
C1273,2026-08-15 19:59:00,delivery,P040,success,mobile_app,,ORDC12734983,,,,
C1273,2026-08-15 19:59:00,purchase_reason_recorded,P040,info,mobile_app,TXNC12734761,ORDC12734983,Product reviews,5.0,4.0,
C1274,2026-08-04 09:51:00,product_discovery,P012,success,website,,,,,,
C1274,2026-08-04 09:52:00,product_view,P012,success,website,,,,,,
C1274,2026-08-04 09:56:00,cart_add,P012,success,website,,,,,,
C1274,2026-08-04 10:03:00,cart_add,P012,abandoned,website,,,,,,Found a better deal elsewhere
C1275,2026-08-13 08:48:00,product_discovery,P034,success,website,,,,,,
C1275,2026-08-13 08:50:00,product_view,P034,success,website,,,,,,
C1276,2026-08-21 01:02:00,product_discovery,P030,success,website,,,,,,
C1276,2026-08-21 01:05:00,product_view,P030,success,website,,,,,,
C1276,2026-08-21 01:10:00,cart_add,P030,success,website,,,,,,
C1276,2026-08-21 01:13:00,checkout_start,P030,success,website,,,,,,
C1276,2026-08-21 01:18:00,payment_attempt,P030,success,website,TXNC12762907,,,,,
C1276,2026-08-21 01:20:00,payment_success,P030,success,website,TXNC12762907,,,,,
C1276,2026-08-21 01:23:00,order_confirmation,P030,success,website,TXNC12762907,ORDC12762195,,,,
C1276,2026-08-28 04:23:00,delivery,P030,success,website,,ORDC12762195,,,,
C1276,2026-08-28 04:23:00,purchase_reason_recorded,P030,info,website,TXNC12762907,ORDC12762195,Fast delivery promised,4.0,2.0,
C1277,2026-08-01 14:31:00,product_discovery,P012,success,mobile_app,,,,,,
C1277,2026-08-01 14:36:00,product_view,P012,success,mobile_app,,,,,,
C1278,2026-08-14 15:50:00,product_discovery,P027,success,website,,,,,,
C1278,2026-08-14 15:55:00,product_view,P027,success,website,,,,,,
C1279,2026-08-16 09:24:00,product_discovery,P008,success,website,,,,,,
C1279,2026-08-16 09:27:00,product_view,P008,success,website,,,,,,
C1280,2026-08-16 06:56:00,product_discovery,P001,success,mobile_app,,,,,,
C1280,2026-08-16 06:58:00,product_view,P001,success,mobile_app,,,,,,
C1280,2026-08-16 07:01:00,cart_add,P001,success,mobile_app,,,,,,
C1280,2026-08-16 07:04:00,cart_add,P001,abandoned,mobile_app,,,,,,Delivery cost too high
C1281,2026-08-07 22:35:00,product_discovery,P023,success,website,,,,,,
C1281,2026-08-07 22:38:00,product_view,P023,success,website,,,,,,
C1282,2026-08-15 23:11:00,product_discovery,P011,success,website,,,,,,
C1282,2026-08-15 23:12:00,product_view,P011,success,website,,,,,,
C1282,2026-08-15 23:13:00,cart_add,P011,success,website,,,,,,
C1282,2026-08-15 23:24:00,cart_add,P011,abandoned,website,,,,,,Changed my mind
C1283,2026-08-06 04:25:00,product_discovery,P013,success,website,,,,,,
C1283,2026-08-06 04:26:00,product_view,P013,success,website,,,,,,
C1283,2026-08-06 04:33:00,cart_add,P013,success,website,,,,,,
C1283,2026-08-06 04:42:00,cart_add,P013,abandoned,website,,,,,,Technical issue at checkout
C1284,2026-08-08 23:48:00,product_discovery,P012,success,website,,,,,,
C1284,2026-08-08 23:51:00,product_view,P012,success,website,,,,,,
C1285,2026-08-06 14:32:00,product_discovery,P026,success,website,,,,,,
C1285,2026-08-06 14:37:00,product_view,P026,success,website,,,,,,
C1286,2026-08-07 16:28:00,product_discovery,P022,success,website,,,,,,
C1286,2026-08-07 16:31:00,product_view,P022,success,website,,,,,,
C1287,2026-08-12 15:53:00,product_discovery,P006,success,website,,,,,,
C1287,2026-08-12 15:58:00,product_view,P006,success,website,,,,,,
C1287,2026-08-12 16:06:00,cart_add,P006,success,website,,,,,,
C1287,2026-08-12 16:17:00,cart_add,P006,abandoned,website,,,,,,Found a better deal elsewhere
C1288,2026-08-09 03:45:00,product_discovery,P013,success,website,,,,,,
C1288,2026-08-09 03:46:00,product_view,P013,success,website,,,,,,
C1288,2026-08-09 03:51:00,cart_add,P013,success,website,,,,,,
C1288,2026-08-09 03:56:00,checkout_start,P013,success,website,,,,,,
C1288,2026-08-09 04:00:00,payment_attempt,P013,success,website,TXNC12884798,,,,,
C1288,2026-08-09 04:04:00,payment_success,P013,success,website,TXNC12884798,,,,,
C1288,2026-08-09 04:06:00,order_confirmation,P013,success,website,TXNC12884798,ORDC12882923,,,,
C1288,2026-08-14 06:06:00,delivery,P013,success,website,,ORDC12882923,,,,
C1288,2026-08-14 06:06:00,purchase_reason_recorded,P013,info,website,TXNC12884798,ORDC12882923,Trusted brand,4.0,5.0,
C1289,2026-08-13 18:17:00,product_discovery,P013,success,website,,,,,,
C1289,2026-08-13 18:19:00,product_view,P013,success,website,,,,,,
C1289,2026-08-13 18:27:00,cart_add,P013,success,website,,,,,,
C1289,2026-08-13 18:38:00,checkout_start,P013,success,website,,,,,,
C1289,2026-08-13 18:42:00,payment_attempt,P013,success,website,TXNC12897471,,,,,
C1289,2026-08-13 18:44:00,payment_success,P013,success,website,TXNC12897471,,,,,
C1289,2026-08-13 18:46:00,order_confirmation,P013,success,website,TXNC12897471,ORDC12898835,,,,
C1289,2026-08-19 20:46:00,delivery,P013,success,website,,ORDC12898835,,,,
C1289,2026-08-26 20:46:00,return,P013,success,website,,ORDC12898835,,,,
C1289,2026-08-26 20:46:00,purchase_reason_recorded,P013,info,website,TXNC12897471,ORDC12898835,Good price,4.0,4.0,
C1290,2026-08-03 16:17:00,product_discovery,P017,success,mobile_app,,,,,,
C1290,2026-08-03 16:18:00,product_view,P017,success,mobile_app,,,,,,
C1291,2026-08-11 21:32:00,product_discovery,P024,success,mobile_app,,,,,,
C1291,2026-08-11 21:36:00,product_view,P024,success,mobile_app,,,,,,
C1291,2026-08-11 21:43:00,cart_add,P024,success,mobile_app,,,,,,
C1291,2026-08-11 21:50:00,cart_add,P024,abandoned,mobile_app,,,,,,Just browsing
C1292,2026-08-02 04:25:00,product_discovery,P015,success,website,,,,,,
C1292,2026-08-02 04:30:00,product_view,P015,success,website,,,,,,
C1293,2026-08-12 11:55:00,product_discovery,P038,success,mobile_app,,,,,,
C1294,2026-08-13 14:25:00,product_discovery,P001,success,mobile_app,,,,,,
C1294,2026-08-13 14:30:00,product_view,P001,success,mobile_app,,,,,,
C1295,2026-08-03 19:31:00,product_discovery,P033,success,website,,,,,,
C1296,2026-08-05 07:16:00,product_discovery,P031,success,mobile_app,,,,,,
C1296,2026-08-05 07:17:00,product_view,P031,success,mobile_app,,,,,,
C1297,2026-08-20 17:23:00,product_discovery,P013,success,website,,,,,,
C1297,2026-08-20 17:27:00,product_view,P013,success,website,,,,,,
C1298,2026-08-20 14:47:00,product_discovery,P037,success,mobile_app,,,,,,
C1298,2026-08-20 14:48:00,product_view,P037,success,mobile_app,,,,,,
C1298,2026-08-20 14:53:00,cart_add,P037,success,mobile_app,,,,,,
C1298,2026-08-20 14:56:00,checkout_start,P037,success,mobile_app,,,,,,
C1298,2026-08-20 15:02:00,payment_attempt,P037,success,mobile_app,TXNC12988905,,,,,
C1298,2026-08-20 15:07:00,payment_success,P037,success,mobile_app,TXNC12988905,,,,,
C1298,2026-08-20 15:09:00,order_confirmation,P037,success,mobile_app,TXNC12988905,ORDC12986775,,,,
C1298,2026-08-23 17:09:00,delivery,P037,success,mobile_app,,ORDC12986775,,,,
C1298,2026-08-23 17:09:00,purchase_reason_recorded,P037,info,mobile_app,TXNC12988905,ORDC12986775,Fast delivery promised,4.0,3.0,
C1299,2026-08-09 19:14:00,product_discovery,P039,success,mobile_app,,,,,,
C1299,2026-08-09 19:17:00,product_view,P039,success,mobile_app,,,,,,
C1300,2026-08-07 04:51:00,product_discovery,P015,success,mobile_app,,,,,,
C1300,2026-08-07 04:53:00,product_view,P015,success,mobile_app,,,,,,
C1301,2026-08-20 04:03:00,product_discovery,P031,success,mobile_app,,,,,,
C1301,2026-08-20 04:05:00,product_view,P031,success,mobile_app,,,,,,
C1302,2026-08-09 12:54:00,product_discovery,P036,success,mobile_app,,,,,,
C1302,2026-08-09 12:57:00,product_view,P036,success,mobile_app,,,,,,
C1302,2026-08-09 13:04:00,cart_add,P036,success,mobile_app,,,,,,
C1302,2026-08-09 13:12:00,checkout_start,P036,success,mobile_app,,,,,,
C1302,2026-08-09 13:20:00,payment_attempt,P036,success,mobile_app,TXNC13022430,,,,,
C1302,2026-08-09 13:21:00,payment_success,P036,success,mobile_app,TXNC13022430,,,,,
C1302,2026-08-09 13:24:00,order_confirmation,P036,success,mobile_app,TXNC13022430,ORDC13021759,,,,
C1302,2026-08-11 14:24:00,delivery,P036,success,mobile_app,,ORDC13021759,,,,
C1302,2026-08-14 14:24:00,review,P036,success,mobile_app,,ORDC13021759,,,,
C1302,2026-08-14 14:24:00,purchase_reason_recorded,P036,info,mobile_app,TXNC13022430,ORDC13021759,Product reviews,2.0,3.0,
C1303,2026-08-04 07:38:00,product_discovery,P035,success,mobile_app,,,,,,
C1303,2026-08-04 07:42:00,product_view,P035,success,mobile_app,,,,,,
C1303,2026-08-04 07:48:00,cart_add,P035,success,mobile_app,,,,,,
C1303,2026-08-04 07:51:00,checkout_start,P035,success,mobile_app,,,,,,
C1303,2026-08-04 07:52:00,payment_attempt,P035,success,mobile_app,TXNC13037153,,,,,
C1303,2026-08-04 07:53:00,payment_success,P035,success,mobile_app,TXNC13037153,,,,,
C1303,2026-08-04 07:56:00,order_confirmation,P035,success,mobile_app,TXNC13037153,ORDC13038437,,,,
C1303,2026-08-09 11:56:00,delivery,P035,success,mobile_app,,ORDC13038437,,,,
C1303,2026-08-09 11:56:00,purchase_reason_recorded,P035,info,mobile_app,TXNC13037153,ORDC13038437,Fast delivery promised,4.0,4.0,
C1304,2026-08-06 19:38:00,product_discovery,P039,success,website,,,,,,
C1304,2026-08-06 19:41:00,product_view,P039,success,website,,,,,,
C1305,2026-08-05 11:56:00,product_discovery,P026,success,mobile_app,,,,,,
C1305,2026-08-05 12:01:00,product_view,P026,success,mobile_app,,,,,,
C1306,2026-08-06 22:43:00,product_discovery,P026,success,website,,,,,,
C1306,2026-08-06 22:48:00,product_view,P026,success,website,,,,,,
C1307,2026-08-04 01:49:00,product_discovery,P021,success,mobile_app,,,,,,
C1307,2026-08-04 01:52:00,product_view,P021,success,mobile_app,,,,,,
C1307,2026-08-04 01:57:00,cart_add,P021,success,mobile_app,,,,,,
C1307,2026-08-04 02:06:00,checkout_start,P021,success,mobile_app,,,,,,
C1307,2026-08-04 02:12:00,payment_attempt,P021,success,mobile_app,TXNC13073083,,,,,
C1307,2026-08-04 02:17:00,payment_success,P021,success,mobile_app,TXNC13073083,,,,,
C1307,2026-08-04 02:20:00,order_confirmation,P021,success,mobile_app,TXNC13073083,ORDC13078366,,,,
C1307,2026-08-06 03:20:00,delivery,P021,success,mobile_app,,ORDC13078366,,,,
C1307,2026-08-13 03:20:00,review,P021,success,mobile_app,,ORDC13078366,,,,
C1307,2026-08-13 03:20:00,purchase_reason_recorded,P021,info,mobile_app,TXNC13073083,ORDC13078366,Fast delivery promised,5.0,5.0,
C1308,2026-08-21 02:00:00,product_discovery,P029,success,mobile_app,,,,,,
C1308,2026-08-21 02:04:00,product_view,P029,success,mobile_app,,,,,,
C1309,2026-08-03 04:00:00,product_discovery,P038,success,website,,,,,,
C1309,2026-08-03 04:05:00,product_view,P038,success,website,,,,,,
C1310,2026-08-08 02:33:00,product_discovery,P003,success,website,,,,,,
C1310,2026-08-08 02:35:00,product_view,P003,success,website,,,,,,
C1310,2026-08-08 02:39:00,cart_add,P003,success,website,,,,,,
C1310,2026-08-08 02:50:00,checkout_start,P003,success,website,,,,,,
C1310,2026-08-08 02:57:00,payment_attempt,P003,success,website,TXNC13106178,,,,,
C1310,2026-08-08 02:58:00,payment_success,P003,success,website,TXNC13106178,,,,,
C1310,2026-08-08 03:01:00,order_confirmation,P003,success,website,TXNC13106178,ORDC13101904,,,,
C1310,2026-08-14 07:01:00,delivery,P003,success,website,,ORDC13101904,,,,
C1310,2026-08-15 07:01:00,review,P003,success,website,,ORDC13101904,,,,
C1310,2026-08-15 07:01:00,purchase_reason_recorded,P003,info,website,TXNC13106178,ORDC13101904,Trusted brand,5.0,4.0,
C1311,2026-08-05 12:03:00,product_discovery,P035,success,website,,,,,,
C1311,2026-08-05 12:08:00,product_view,P035,success,website,,,,,,
C1312,2026-08-16 13:08:00,product_discovery,P031,success,website,,,,,,
C1312,2026-08-16 13:13:00,product_view,P031,success,website,,,,,,
C1312,2026-08-16 13:14:00,cart_add,P031,success,website,,,,,,
C1312,2026-08-16 13:25:00,checkout_start,P031,success,website,,,,,,
C1313,2026-08-11 02:08:00,product_discovery,P016,success,website,,,,,,
C1313,2026-08-11 02:10:00,product_view,P016,success,website,,,,,,
C1314,2026-08-15 07:30:00,product_discovery,P011,success,mobile_app,,,,,,
C1315,2026-08-14 16:05:00,product_discovery,P025,success,mobile_app,,,,,,
C1315,2026-08-14 16:09:00,product_view,P025,success,mobile_app,,,,,,
C1316,2026-08-06 05:17:00,product_discovery,P017,success,website,,,,,,
C1316,2026-08-06 05:21:00,product_view,P017,success,website,,,,,,
C1317,2026-08-05 18:51:00,product_discovery,P026,success,website,,,,,,
C1317,2026-08-05 18:53:00,product_view,P026,success,website,,,,,,
C1317,2026-08-05 18:57:00,cart_add,P026,success,website,,,,,,
C1317,2026-08-05 19:10:00,checkout_start,P026,success,website,,,,,,
C1317,2026-08-05 19:17:00,payment_attempt,P026,success,website,TXNC13177461,,,,,
C1317,2026-08-05 19:22:00,payment_success,P026,success,website,TXNC13177461,,,,,
C1317,2026-08-05 19:25:00,order_confirmation,P026,success,website,TXNC13177461,ORDC13178228,,,,
C1317,2026-08-10 23:25:00,delivery,P026,success,website,,ORDC13178228,,,,
C1317,2026-08-10 23:25:00,purchase_reason_recorded,P026,info,website,TXNC13177461,ORDC13178228,Trusted brand,3.0,5.0,
C1318,2026-08-16 06:17:00,product_discovery,P031,success,website,,,,,,
C1319,2026-08-14 16:16:00,product_discovery,P010,success,website,,,,,,
C1319,2026-08-14 16:19:00,product_view,P010,success,website,,,,,,
C1319,2026-08-14 16:22:00,cart_add,P010,success,website,,,,,,
C1319,2026-08-14 16:25:00,cart_add,P010,abandoned,website,,,,,,Changed my mind
C1320,2026-08-16 21:19:00,product_discovery,P033,success,website,,,,,,
C1320,2026-08-16 21:23:00,product_view,P033,success,website,,,,,,
C1321,2026-08-16 04:59:00,product_discovery,P001,success,mobile_app,,,,,,
C1321,2026-08-16 05:03:00,product_view,P001,success,mobile_app,,,,,,
C1321,2026-08-16 05:11:00,cart_add,P001,success,mobile_app,,,,,,
C1321,2026-08-16 05:17:00,cart_add,P001,abandoned,mobile_app,,,,,,Changed my mind
C1322,2026-08-13 23:44:00,product_discovery,P027,success,mobile_app,,,,,,
C1322,2026-08-13 23:46:00,product_view,P027,success,mobile_app,,,,,,
C1323,2026-08-17 23:43:00,product_discovery,P030,success,mobile_app,,,,,,
C1324,2026-08-01 16:16:00,product_discovery,P024,success,website,,,,,,
C1324,2026-08-01 16:21:00,product_view,P024,success,website,,,,,,
C1324,2026-08-01 16:25:00,cart_add,P024,success,website,,,,,,
C1324,2026-08-01 16:29:00,cart_add,P024,abandoned,website,,,,,,Technical issue at checkout
C1325,2026-08-13 04:54:00,product_discovery,P034,success,website,,,,,,
C1325,2026-08-13 04:59:00,product_view,P034,success,website,,,,,,
C1325,2026-08-13 05:04:00,cart_add,P034,success,website,,,,,,
C1325,2026-08-13 05:15:00,checkout_start,P034,success,website,,,,,,
C1325,2026-08-13 05:19:00,payment_attempt,P034,success,website,TXNC13257013,,,,,
C1325,2026-08-13 05:22:00,payment_success,P034,success,website,TXNC13257013,,,,,
C1325,2026-08-13 05:24:00,order_confirmation,P034,success,website,TXNC13257013,ORDC13251121,,,,
C1325,2026-08-17 06:24:00,delivery,P034,success,website,,ORDC13251121,,,,
C1325,2026-08-17 06:24:00,purchase_reason_recorded,P034,info,website,TXNC13257013,ORDC13251121,Needed it urgently,3.0,2.0,
C1326,2026-08-02 14:23:00,product_discovery,P030,success,website,,,,,,
C1326,2026-08-02 14:24:00,product_view,P030,success,website,,,,,,
C1327,2026-08-02 21:33:00,product_discovery,P007,success,website,,,,,,
C1327,2026-08-02 21:35:00,product_view,P007,success,website,,,,,,
C1327,2026-08-02 21:43:00,cart_add,P007,success,website,,,,,,
C1327,2026-08-02 21:46:00,cart_add,P007,abandoned,website,,,,,,Technical issue at checkout
C1328,2026-08-09 00:45:00,product_discovery,P007,success,website,,,,,,
C1328,2026-08-09 00:46:00,product_view,P007,success,website,,,,,,
C1328,2026-08-09 00:52:00,cart_add,P007,success,website,,,,,,
C1328,2026-08-09 00:58:00,cart_add,P007,abandoned,website,,,,,,Technical issue at checkout
C1329,2026-08-09 12:44:00,product_discovery,P003,success,mobile_app,,,,,,
C1329,2026-08-09 12:49:00,product_view,P003,success,mobile_app,,,,,,
C1329,2026-08-09 12:57:00,cart_add,P003,success,mobile_app,,,,,,
C1329,2026-08-09 13:06:00,cart_add,P003,abandoned,mobile_app,,,,,,Delivery cost too high
C1330,2026-08-18 16:31:00,product_discovery,P017,success,mobile_app,,,,,,
C1331,2026-08-07 13:42:00,product_discovery,P010,success,website,,,,,,
C1331,2026-08-07 13:44:00,product_view,P010,success,website,,,,,,
C1332,2026-08-13 12:54:00,product_discovery,P015,success,mobile_app,,,,,,
C1333,2026-08-20 04:33:00,product_discovery,P038,success,website,,,,,,
C1333,2026-08-20 04:35:00,product_view,P038,success,website,,,,,,
C1333,2026-08-20 04:37:00,cart_add,P038,success,website,,,,,,
C1333,2026-08-20 04:52:00,cart_add,P038,abandoned,website,,,,,,Technical issue at checkout
C1334,2026-08-06 05:07:00,product_discovery,P013,success,website,,,,,,
C1335,2026-08-09 05:33:00,product_discovery,P015,success,mobile_app,,,,,,
C1335,2026-08-09 05:38:00,product_view,P015,success,mobile_app,,,,,,
C1336,2026-08-05 10:26:00,product_discovery,P028,success,website,,,,,,
C1336,2026-08-05 10:27:00,product_view,P028,success,website,,,,,,
C1336,2026-08-05 10:35:00,cart_add,P028,success,website,,,,,,
C1336,2026-08-05 10:39:00,checkout_start,P028,success,website,,,,,,
C1336,2026-08-05 10:43:00,payment_attempt,P028,success,website,TXNC13365376,,,,,
C1336,2026-08-05 10:46:00,payment_success,P028,success,website,TXNC13365376,,,,,
C1336,2026-08-05 10:47:00,order_confirmation,P028,success,website,TXNC13365376,ORDC13368687,,,,
C1336,2026-08-08 13:47:00,delivery,P028,success,website,,ORDC13368687,,,,
C1336,2026-08-08 13:47:00,purchase_reason_recorded,P028,info,website,TXNC13365376,ORDC13368687,Trusted brand,2.0,4.0,
C1337,2026-08-05 18:54:00,product_discovery,P015,success,mobile_app,,,,,,
C1337,2026-08-05 18:59:00,product_view,P015,success,mobile_app,,,,,,
C1338,2026-08-06 09:08:00,product_discovery,P001,success,mobile_app,,,,,,
C1338,2026-08-06 09:09:00,product_view,P001,success,mobile_app,,,,,,
C1339,2026-08-10 02:52:00,product_discovery,P008,success,website,,,,,,
C1339,2026-08-10 02:53:00,product_view,P008,success,website,,,,,,
C1340,2026-08-13 21:18:00,product_discovery,P030,success,website,,,,,,
C1340,2026-08-13 21:19:00,product_view,P030,success,website,,,,,,
C1340,2026-08-13 21:22:00,cart_add,P030,success,website,,,,,,
C1340,2026-08-13 21:28:00,cart_add,P030,abandoned,website,,,,,,Technical issue at checkout
C1341,2026-08-13 18:47:00,product_discovery,P040,success,website,,,,,,
C1341,2026-08-13 18:50:00,product_view,P040,success,website,,,,,,
C1342,2026-08-10 13:45:00,product_discovery,P037,success,website,,,,,,
C1342,2026-08-10 13:50:00,product_view,P037,success,website,,,,,,
C1343,2026-08-18 23:26:00,product_discovery,P035,success,mobile_app,,,,,,
C1343,2026-08-18 23:27:00,product_view,P035,success,mobile_app,,,,,,
C1344,2026-08-18 20:14:00,product_discovery,P004,success,website,,,,,,
C1344,2026-08-18 20:18:00,product_view,P004,success,website,,,,,,
C1345,2026-08-21 00:20:00,product_discovery,P014,success,mobile_app,,,,,,
C1345,2026-08-21 00:22:00,product_view,P014,success,mobile_app,,,,,,
C1345,2026-08-21 00:28:00,cart_add,P014,success,mobile_app,,,,,,
C1345,2026-08-21 00:30:00,checkout_start,P014,success,mobile_app,,,,,,
C1345,2026-08-21 00:37:00,payment_attempt,P014,success,mobile_app,TXNC13455507,,,,,
C1345,2026-08-21 00:42:00,payment_success,P014,success,mobile_app,TXNC13455507,,,,,
C1345,2026-08-21 00:43:00,order_confirmation,P014,success,mobile_app,TXNC13455507,ORDC13451898,,,,
C1345,2026-08-26 03:43:00,delivery,P014,success,mobile_app,,ORDC13451898,,,,
C1345,2026-09-04 03:43:00,review,P014,success,mobile_app,,ORDC13451898,,,,
C1345,2026-09-04 03:43:00,purchase_reason_recorded,P014,info,mobile_app,TXNC13455507,ORDC13451898,Trusted brand,5.0,4.0,
C1346,2026-08-06 02:23:00,product_discovery,P035,success,website,,,,,,
C1346,2026-08-06 02:25:00,product_view,P035,success,website,,,,,,
C1347,2026-08-17 10:05:00,product_discovery,P018,success,website,,,,,,
C1347,2026-08-17 10:09:00,product_view,P018,success,website,,,,,,
C1348,2026-08-01 08:13:00,product_discovery,P019,success,website,,,,,,
C1348,2026-08-01 08:17:00,product_view,P019,success,website,,,,,,
C1349,2026-08-18 07:02:00,product_discovery,P028,success,mobile_app,,,,,,
C1349,2026-08-18 07:04:00,product_view,P028,success,mobile_app,,,,,,
C1350,2026-08-11 20:08:00,product_discovery,P025,success,mobile_app,,,,,,
C1351,2026-08-20 00:21:00,product_discovery,P035,success,mobile_app,,,,,,
C1352,2026-08-12 10:15:00,product_discovery,P040,success,website,,,,,,
C1352,2026-08-12 10:20:00,product_view,P040,success,website,,,,,,
C1352,2026-08-12 10:21:00,cart_add,P040,success,website,,,,,,
C1352,2026-08-12 10:28:00,checkout_start,P040,success,website,,,,,,
C1352,2026-08-12 10:31:00,payment_attempt,P040,success,website,TXNC13525471,,,,,
C1352,2026-08-12 10:36:00,payment_success,P040,success,website,TXNC13525471,,,,,
C1352,2026-08-12 10:37:00,order_confirmation,P040,success,website,TXNC13525471,ORDC13528143,,,,
C1352,2026-08-15 14:37:00,delivery,P040,success,website,,ORDC13528143,,,,
C1352,2026-08-22 14:37:00,return,P040,success,website,,ORDC13528143,,,,
C1352,2026-08-22 14:37:00,purchase_reason_recorded,P040,info,website,TXNC13525471,ORDC13528143,Needed it urgently,3.0,2.0,
C1353,2026-08-05 07:27:00,product_discovery,P020,success,mobile_app,,,,,,
C1354,2026-08-14 07:47:00,product_discovery,P011,success,website,,,,,,
C1354,2026-08-14 07:49:00,product_view,P011,success,website,,,,,,
C1355,2026-08-05 08:53:00,product_discovery,P016,success,mobile_app,,,,,,
C1355,2026-08-05 08:54:00,product_view,P016,success,mobile_app,,,,,,
C1356,2026-08-17 02:07:00,product_discovery,P018,success,website,,,,,,
C1356,2026-08-17 02:08:00,product_view,P018,success,website,,,,,,
C1357,2026-08-11 23:25:00,product_discovery,P038,success,website,,,,,,
C1357,2026-08-11 23:27:00,product_view,P038,success,website,,,,,,
C1358,2026-08-01 10:48:00,product_discovery,P026,success,website,,,,,,
C1358,2026-08-01 10:51:00,product_view,P026,success,website,,,,,,
C1358,2026-08-01 10:54:00,cart_add,P026,success,website,,,,,,
C1358,2026-08-01 11:09:00,cart_add,P026,abandoned,website,,,,,,Just browsing
C1359,2026-08-09 05:19:00,product_discovery,P028,success,mobile_app,,,,,,
C1359,2026-08-09 05:23:00,product_view,P028,success,mobile_app,,,,,,
C1359,2026-08-09 05:25:00,cart_add,P028,success,mobile_app,,,,,,
C1359,2026-08-09 05:27:00,checkout_start,P028,success,mobile_app,,,,,,
C1359,2026-08-09 05:32:00,payment_attempt,P028,success,mobile_app,TXNC13598922,,,,,
C1359,2026-08-09 05:35:00,payment_success,P028,success,mobile_app,TXNC13598922,,,,,
C1359,2026-08-09 05:38:00,order_confirmation,P028,success,mobile_app,TXNC13598922,ORDC13598124,,,,
C1359,2026-08-16 06:38:00,delivery,P028,success,mobile_app,,ORDC13598124,,,,
C1359,2026-08-20 06:38:00,review,P028,success,mobile_app,,ORDC13598124,,,,
C1359,2026-08-20 06:38:00,purchase_reason_recorded,P028,info,mobile_app,TXNC13598922,ORDC13598124,Trusted brand,2.0,4.0,
C1360,2026-08-15 18:22:00,product_discovery,P025,success,website,,,,,,
C1360,2026-08-15 18:23:00,product_view,P025,success,website,,,,,,
C1361,2026-08-14 17:14:00,product_discovery,P013,success,mobile_app,,,,,,
C1362,2026-08-09 12:11:00,product_discovery,P013,success,mobile_app,,,,,,
C1362,2026-08-09 12:14:00,product_view,P013,success,mobile_app,,,,,,
C1362,2026-08-09 12:23:00,cart_add,P013,success,mobile_app,,,,,,
C1362,2026-08-09 12:27:00,checkout_start,P013,success,mobile_app,,,,,,
C1362,2026-08-09 12:30:00,payment_attempt,P013,success,mobile_app,TXNC13629023,,,,,
C1362,2026-08-09 12:34:00,payment_success,P013,success,mobile_app,TXNC13629023,,,,,
C1362,2026-08-09 12:36:00,order_confirmation,P013,success,mobile_app,TXNC13629023,ORDC13623910,,,,
C1362,2026-08-12 16:36:00,delivery,P013,success,mobile_app,,ORDC13623910,,,,
C1362,2026-08-23 16:36:00,review,P013,success,mobile_app,,ORDC13623910,,,,
C1362,2026-08-23 16:36:00,purchase_reason_recorded,P013,info,mobile_app,TXNC13629023,ORDC13623910,Trusted brand,3.0,3.0,
C1363,2026-08-04 05:46:00,product_discovery,P036,success,mobile_app,,,,,,
C1364,2026-08-17 11:12:00,product_discovery,P031,success,website,,,,,,
C1364,2026-08-17 11:14:00,product_view,P031,success,website,,,,,,
C1364,2026-08-17 11:15:00,cart_add,P031,success,website,,,,,,
C1364,2026-08-17 11:30:00,cart_add,P031,abandoned,website,,,,,,Price too high
C1365,2026-08-11 13:00:00,product_discovery,P035,success,mobile_app,,,,,,
C1365,2026-08-11 13:05:00,product_view,P035,success,mobile_app,,,,,,
C1366,2026-08-08 07:08:00,product_discovery,P005,success,website,,,,,,
C1367,2026-08-14 08:18:00,product_discovery,P011,success,mobile_app,,,,,,
C1367,2026-08-14 08:23:00,product_view,P011,success,mobile_app,,,,,,
C1367,2026-08-14 08:32:00,cart_add,P011,success,mobile_app,,,,,,
C1367,2026-08-14 08:40:00,checkout_start,P011,success,mobile_app,,,,,,
C1367,2026-08-14 08:46:00,payment_attempt,P011,success,mobile_app,TXNC13672673,,,,,
C1367,2026-08-14 08:49:00,payment_success,P011,success,mobile_app,TXNC13672673,,,,,
C1367,2026-08-14 08:51:00,order_confirmation,P011,success,mobile_app,TXNC13672673,ORDC13678308,,,,
C1367,2026-08-20 10:51:00,delivery,P011,success,mobile_app,,ORDC13678308,,,,
C1367,2026-08-20 10:51:00,purchase_reason_recorded,P011,info,mobile_app,TXNC13672673,ORDC13678308,Good price,4.0,5.0,
C1368,2026-08-13 20:59:00,product_discovery,P003,success,website,,,,,,
C1368,2026-08-13 21:02:00,product_view,P003,success,website,,,,,,
C1369,2026-08-13 07:58:00,product_discovery,P009,success,website,,,,,,
C1369,2026-08-13 08:00:00,product_view,P009,success,website,,,,,,
C1369,2026-08-13 08:01:00,cart_add,P009,success,website,,,,,,
C1369,2026-08-13 08:12:00,cart_add,P009,abandoned,website,,,,,,Price too high
C1370,2026-08-04 01:20:00,product_discovery,P029,success,website,,,,,,
C1370,2026-08-04 01:25:00,product_view,P029,success,website,,,,,,
C1371,2026-08-11 23:20:00,product_discovery,P006,success,website,,,,,,
C1371,2026-08-11 23:24:00,product_view,P006,success,website,,,,,,
C1372,2026-08-16 05:59:00,product_discovery,P021,success,website,,,,,,
C1372,2026-08-16 06:01:00,product_view,P021,success,website,,,,,,
C1373,2026-08-11 15:09:00,product_discovery,P037,success,website,,,,,,
C1373,2026-08-11 15:10:00,product_view,P037,success,website,,,,,,
C1374,2026-08-07 14:07:00,product_discovery,P019,success,website,,,,,,
C1374,2026-08-07 14:10:00,product_view,P019,success,website,,,,,,
C1375,2026-08-07 08:59:00,product_discovery,P003,success,website,,,,,,
C1375,2026-08-07 09:00:00,product_view,P003,success,website,,,,,,
C1376,2026-08-15 19:22:00,product_discovery,P008,success,mobile_app,,,,,,
C1376,2026-08-15 19:24:00,product_view,P008,success,mobile_app,,,,,,
C1377,2026-08-05 09:29:00,product_discovery,P037,success,website,,,,,,
C1377,2026-08-05 09:33:00,product_view,P037,success,website,,,,,,
C1378,2026-08-11 02:38:00,product_discovery,P004,success,mobile_app,,,,,,
C1378,2026-08-11 02:43:00,product_view,P004,success,mobile_app,,,,,,
C1379,2026-08-06 05:10:00,product_discovery,P013,success,website,,,,,,
C1379,2026-08-06 05:12:00,product_view,P013,success,website,,,,,,
C1380,2026-08-07 15:42:00,product_discovery,P023,success,website,,,,,,
C1380,2026-08-07 15:44:00,product_view,P023,success,website,,,,,,
C1381,2026-08-06 17:57:00,product_discovery,P024,success,mobile_app,,,,,,
C1382,2026-08-05 17:02:00,product_discovery,P002,success,mobile_app,,,,,,
C1382,2026-08-05 17:07:00,product_view,P002,success,mobile_app,,,,,,
C1383,2026-08-09 22:44:00,product_discovery,P013,success,mobile_app,,,,,,
C1384,2026-08-07 10:16:00,product_discovery,P008,success,website,,,,,,
C1384,2026-08-07 10:21:00,product_view,P008,success,website,,,,,,
C1384,2026-08-07 10:31:00,cart_add,P008,success,website,,,,,,
C1384,2026-08-07 10:37:00,checkout_start,P008,success,website,,,,,,
C1384,2026-08-07 10:39:00,payment_attempt,P008,success,website,TXNC13845843,,,,,
C1384,2026-08-07 10:42:00,payment_success,P008,success,website,TXNC13845843,,,,,
C1384,2026-08-07 10:44:00,order_confirmation,P008,success,website,TXNC13845843,ORDC13847954,,,,
C1384,2026-08-10 12:44:00,delivery,P008,success,website,,ORDC13847954,,,,
C1384,2026-08-17 12:44:00,review,P008,success,website,,ORDC13847954,,,,
C1384,2026-08-17 12:44:00,purchase_reason_recorded,P008,info,website,TXNC13845843,ORDC13847954,Good price,4.0,3.0,
C1385,2026-08-03 23:00:00,product_discovery,P017,success,mobile_app,,,,,,
C1385,2026-08-03 23:04:00,product_view,P017,success,mobile_app,,,,,,
C1385,2026-08-03 23:07:00,cart_add,P017,success,mobile_app,,,,,,
C1385,2026-08-03 23:10:00,cart_add,P017,abandoned,mobile_app,,,,,,Delivery cost too high
C1386,2026-08-19 09:26:00,product_discovery,P007,success,website,,,,,,
C1386,2026-08-19 09:31:00,product_view,P007,success,website,,,,,,
C1386,2026-08-19 09:35:00,cart_add,P007,success,website,,,,,,
C1386,2026-08-19 09:37:00,checkout_start,P007,success,website,,,,,,
C1386,2026-08-19 09:39:00,payment_attempt,P007,success,website,TXNC13867475,,,,,
C1386,2026-08-19 09:43:00,payment_success,P007,success,website,TXNC13867475,,,,,
C1386,2026-08-19 09:46:00,order_confirmation,P007,success,website,TXNC13867475,ORDC13863272,,,,
C1386,2026-08-22 11:46:00,delivery,P007,success,website,,ORDC13863272,,,,
C1386,2026-08-22 11:46:00,purchase_reason_recorded,P007,info,website,TXNC13867475,ORDC13863272,Needed it urgently,3.0,2.0,
C1387,2026-08-09 22:12:00,product_discovery,P020,success,mobile_app,,,,,,
C1387,2026-08-09 22:13:00,product_view,P020,success,mobile_app,,,,,,
C1388,2026-08-04 07:38:00,product_discovery,P026,success,website,,,,,,
C1388,2026-08-04 07:41:00,product_view,P026,success,website,,,,,,
C1388,2026-08-04 07:48:00,cart_add,P026,success,website,,,,,,
C1388,2026-08-04 07:49:00,cart_add,P026,abandoned,website,,,,,,Price too high
C1389,2026-08-02 06:43:00,product_discovery,P006,success,website,,,,,,
C1390,2026-08-18 01:28:00,product_discovery,P013,success,mobile_app,,,,,,
C1390,2026-08-18 01:33:00,product_view,P013,success,mobile_app,,,,,,
C1391,2026-08-13 13:11:00,product_discovery,P030,success,mobile_app,,,,,,
C1391,2026-08-13 13:16:00,product_view,P030,success,mobile_app,,,,,,
C1392,2026-08-15 11:19:00,product_discovery,P031,success,website,,,,,,
C1392,2026-08-15 11:23:00,product_view,P031,success,website,,,,,,
C1393,2026-08-05 08:16:00,product_discovery,P006,success,website,,,,,,
C1394,2026-08-07 03:02:00,product_discovery,P009,success,mobile_app,,,,,,
C1394,2026-08-07 03:04:00,product_view,P009,success,mobile_app,,,,,,
C1395,2026-08-13 17:59:00,product_discovery,P001,success,mobile_app,,,,,,
C1395,2026-08-13 18:01:00,product_view,P001,success,mobile_app,,,,,,
C1396,2026-08-17 14:38:00,product_discovery,P038,success,mobile_app,,,,,,
C1396,2026-08-17 14:43:00,product_view,P038,success,mobile_app,,,,,,
C1397,2026-08-11 12:57:00,product_discovery,P026,success,website,,,,,,
C1397,2026-08-11 12:58:00,product_view,P026,success,website,,,,,,
C1397,2026-08-11 13:02:00,cart_add,P026,success,website,,,,,,
C1397,2026-08-11 13:04:00,checkout_start,P026,success,website,,,,,,
C1398,2026-08-03 17:50:00,product_discovery,P010,success,website,,,,,,
C1398,2026-08-03 17:55:00,product_view,P010,success,website,,,,,,
C1398,2026-08-03 17:56:00,cart_add,P010,success,website,,,,,,
C1398,2026-08-03 18:07:00,checkout_start,P010,success,website,,,,,,
C1398,2026-08-03 18:08:00,payment_attempt,P010,success,website,TXNC13982549,,,,,
C1398,2026-08-03 18:09:00,payment_success,P010,success,website,TXNC13982549,,,,,
C1398,2026-08-03 18:11:00,order_confirmation,P010,success,website,TXNC13982549,ORDC13988160,,,,
C1398,2026-08-06 22:11:00,delivery,P010,success,website,,ORDC13988160,,,,
C1398,2026-08-19 22:11:00,review,P010,success,website,,ORDC13988160,,,,
C1398,2026-08-19 22:11:00,purchase_reason_recorded,P010,info,website,TXNC13982549,ORDC13988160,Fast delivery promised,2.0,5.0,
C1399,2026-08-10 17:22:00,product_discovery,P004,success,website,,,,,,
C1400,2026-08-04 03:43:00,product_discovery,P035,success,website,,,,,,
C1400,2026-08-04 03:47:00,product_view,P035,success,website,,,,,,
C1401,2026-08-02 07:33:00,product_discovery,P007,success,website,,,,,,
C1401,2026-08-02 07:37:00,product_view,P007,success,website,,,,,,
C1402,2026-08-10 12:47:00,product_discovery,P034,success,website,,,,,,
C1402,2026-08-10 12:51:00,product_view,P034,success,website,,,,,,
C1403,2026-08-02 22:10:00,product_discovery,P012,success,mobile_app,,,,,,
C1403,2026-08-02 22:14:00,product_view,P012,success,mobile_app,,,,,,
C1403,2026-08-02 22:16:00,cart_add,P012,success,mobile_app,,,,,,
C1403,2026-08-02 22:20:00,cart_add,P012,abandoned,mobile_app,,,,,,Just browsing
C1404,2026-08-17 14:59:00,product_discovery,P033,success,mobile_app,,,,,,
C1404,2026-08-17 15:03:00,product_view,P033,success,mobile_app,,,,,,
C1405,2026-08-05 10:37:00,product_discovery,P037,success,mobile_app,,,,,,
C1405,2026-08-05 10:38:00,product_view,P037,success,mobile_app,,,,,,
C1405,2026-08-05 10:43:00,cart_add,P037,success,mobile_app,,,,,,
C1405,2026-08-05 10:45:00,cart_add,P037,abandoned,mobile_app,,,,,,Price too high
C1406,2026-08-13 16:08:00,product_discovery,P012,success,website,,,,,,
C1406,2026-08-13 16:13:00,product_view,P012,success,website,,,,,,
C1407,2026-08-13 15:46:00,product_discovery,P027,success,mobile_app,,,,,,
C1407,2026-08-13 15:47:00,product_view,P027,success,mobile_app,,,,,,
C1408,2026-08-13 16:52:00,product_discovery,P015,success,website,,,,,,
C1408,2026-08-13 16:54:00,product_view,P015,success,website,,,,,,
C1408,2026-08-13 16:57:00,cart_add,P015,success,website,,,,,,
C1408,2026-08-13 17:11:00,cart_add,P015,abandoned,website,,,,,,Just browsing
C1409,2026-08-16 11:02:00,product_discovery,P031,success,mobile_app,,,,,,
C1409,2026-08-16 11:07:00,product_view,P031,success,mobile_app,,,,,,
C1410,2026-08-03 16:27:00,product_discovery,P004,success,mobile_app,,,,,,
C1410,2026-08-03 16:31:00,product_view,P004,success,mobile_app,,,,,,
C1411,2026-08-18 09:52:00,product_discovery,P008,success,website,,,,,,
C1411,2026-08-18 09:53:00,product_view,P008,success,website,,,,,,
C1412,2026-08-09 11:17:00,product_discovery,P006,success,website,,,,,,
C1412,2026-08-09 11:19:00,product_view,P006,success,website,,,,,,
C1412,2026-08-09 11:26:00,cart_add,P006,success,website,,,,,,
C1412,2026-08-09 11:29:00,cart_add,P006,abandoned,website,,,,,,Just browsing
C1413,2026-08-10 19:55:00,product_discovery,P009,success,mobile_app,,,,,,
C1413,2026-08-10 19:57:00,product_view,P009,success,mobile_app,,,,,,
C1414,2026-08-03 20:04:00,product_discovery,P003,success,website,,,,,,
C1415,2026-08-05 03:44:00,product_discovery,P028,success,website,,,,,,
C1416,2026-08-08 15:28:00,product_discovery,P006,success,website,,,,,,
C1416,2026-08-08 15:32:00,product_view,P006,success,website,,,,,,
C1416,2026-08-08 15:42:00,cart_add,P006,success,website,,,,,,
C1416,2026-08-08 15:43:00,cart_add,P006,abandoned,website,,,,,,Price too high
C1417,2026-08-05 00:39:00,product_discovery,P039,success,website,,,,,,
C1417,2026-08-05 00:43:00,product_view,P039,success,website,,,,,,
C1417,2026-08-05 00:45:00,cart_add,P039,success,website,,,,,,
C1417,2026-08-05 00:58:00,cart_add,P039,abandoned,website,,,,,,Changed my mind
C1418,2026-08-05 16:27:00,product_discovery,P012,success,website,,,,,,
C1418,2026-08-05 16:32:00,product_view,P012,success,website,,,,,,
C1419,2026-08-20 05:44:00,product_discovery,P036,success,mobile_app,,,,,,
C1419,2026-08-20 05:47:00,product_view,P036,success,mobile_app,,,,,,
C1420,2026-08-16 18:30:00,product_discovery,P013,success,mobile_app,,,,,,
C1420,2026-08-16 18:35:00,product_view,P013,success,mobile_app,,,,,,
C1420,2026-08-16 18:44:00,cart_add,P013,success,mobile_app,,,,,,
C1420,2026-08-16 18:47:00,cart_add,P013,abandoned,mobile_app,,,,,,Technical issue at checkout
C1421,2026-08-01 22:41:00,product_discovery,P007,success,mobile_app,,,,,,
C1421,2026-08-01 22:43:00,product_view,P007,success,mobile_app,,,,,,
C1422,2026-08-03 17:13:00,product_discovery,P034,success,mobile_app,,,,,,
C1422,2026-08-03 17:16:00,product_view,P034,success,mobile_app,,,,,,
C1423,2026-08-18 22:15:00,product_discovery,P004,success,mobile_app,,,,,,
C1423,2026-08-18 22:17:00,product_view,P004,success,mobile_app,,,,,,
C1423,2026-08-18 22:20:00,cart_add,P004,success,mobile_app,,,,,,
C1423,2026-08-18 22:27:00,checkout_start,P004,success,mobile_app,,,,,,
C1423,2026-08-18 22:35:00,payment_attempt,P004,success,mobile_app,TXNC14231165,,,,,
C1423,2026-08-18 22:39:00,payment_failure,P004,failed,mobile_app,TXNC14231165,,,,,
C1424,2026-08-06 16:41:00,product_discovery,P011,success,mobile_app,,,,,,
C1424,2026-08-06 16:45:00,product_view,P011,success,mobile_app,,,,,,
C1425,2026-08-02 08:21:00,product_discovery,P012,success,website,,,,,,
C1426,2026-08-02 00:00:00,product_discovery,P010,success,mobile_app,,,,,,
C1426,2026-08-02 00:05:00,product_view,P010,success,mobile_app,,,,,,
C1426,2026-08-02 00:08:00,cart_add,P010,success,mobile_app,,,,,,
C1426,2026-08-02 00:14:00,cart_add,P010,abandoned,mobile_app,,,,,,Price too high
C1427,2026-08-10 05:08:00,product_discovery,P037,success,website,,,,,,
C1427,2026-08-10 05:11:00,product_view,P037,success,website,,,,,,
C1428,2026-08-05 01:17:00,product_discovery,P017,success,mobile_app,,,,,,
C1428,2026-08-05 01:21:00,product_view,P017,success,mobile_app,,,,,,
C1429,2026-08-15 01:50:00,product_discovery,P005,success,mobile_app,,,,,,
C1429,2026-08-15 01:52:00,product_view,P005,success,mobile_app,,,,,,
C1430,2026-08-18 23:05:00,product_discovery,P032,success,mobile_app,,,,,,
C1430,2026-08-18 23:09:00,product_view,P032,success,mobile_app,,,,,,
C1431,2026-08-20 11:17:00,product_discovery,P028,success,website,,,,,,
C1431,2026-08-20 11:19:00,product_view,P028,success,website,,,,,,
C1432,2026-08-20 17:50:00,product_discovery,P021,success,mobile_app,,,,,,
C1432,2026-08-20 17:55:00,product_view,P021,success,mobile_app,,,,,,
C1433,2026-08-16 09:29:00,product_discovery,P013,success,website,,,,,,
C1433,2026-08-16 09:31:00,product_view,P013,success,website,,,,,,
C1433,2026-08-16 09:34:00,cart_add,P013,success,website,,,,,,
C1433,2026-08-16 09:44:00,cart_add,P013,abandoned,website,,,,,,Technical issue at checkout
C1434,2026-08-16 12:34:00,product_discovery,P015,success,mobile_app,,,,,,
C1434,2026-08-16 12:38:00,product_view,P015,success,mobile_app,,,,,,
C1434,2026-08-16 12:45:00,cart_add,P015,success,mobile_app,,,,,,
C1434,2026-08-16 12:49:00,checkout_start,P015,success,mobile_app,,,,,,
C1434,2026-08-16 12:54:00,payment_attempt,P015,success,mobile_app,TXNC14348896,,,,,
C1434,2026-08-16 12:55:00,payment_success,P015,success,mobile_app,TXNC14348896,,,,,
C1434,2026-08-16 12:57:00,order_confirmation,P015,success,mobile_app,TXNC14348896,ORDC14344268,,,,
C1434,2026-08-23 14:57:00,delivery,P015,success,mobile_app,,ORDC14344268,,,,
C1434,2026-08-23 14:57:00,purchase_reason_recorded,P015,info,mobile_app,TXNC14348896,ORDC14344268,Product reviews,3.0,3.0,
C1435,2026-08-09 00:44:00,product_discovery,P030,success,mobile_app,,,,,,
C1435,2026-08-09 00:48:00,product_view,P030,success,mobile_app,,,,,,
C1436,2026-08-05 06:26:00,product_discovery,P033,success,mobile_app,,,,,,
C1436,2026-08-05 06:30:00,product_view,P033,success,mobile_app,,,,,,
C1436,2026-08-05 06:33:00,cart_add,P033,success,mobile_app,,,,,,
C1436,2026-08-05 06:34:00,checkout_start,P033,success,mobile_app,,,,,,
C1436,2026-08-05 06:39:00,payment_attempt,P033,success,mobile_app,TXNC14364783,,,,,
C1436,2026-08-05 06:42:00,payment_success,P033,success,mobile_app,TXNC14364783,,,,,
C1436,2026-08-05 06:44:00,order_confirmation,P033,success,mobile_app,TXNC14364783,ORDC14368608,,,,
C1437,2026-08-13 17:12:00,product_discovery,P017,success,mobile_app,,,,,,
C1437,2026-08-13 17:15:00,product_view,P017,success,mobile_app,,,,,,
C1437,2026-08-13 17:19:00,cart_add,P017,success,mobile_app,,,,,,
C1437,2026-08-13 17:24:00,checkout_start,P017,success,mobile_app,,,,,,
C1437,2026-08-13 17:25:00,payment_attempt,P017,success,mobile_app,TXNC14375657,,,,,
C1437,2026-08-13 17:26:00,payment_success,P017,success,mobile_app,TXNC14375657,,,,,
C1437,2026-08-13 17:28:00,order_confirmation,P017,success,mobile_app,TXNC14375657,ORDC14374651,,,,
C1437,2026-08-17 18:28:00,delivery,P017,success,mobile_app,,ORDC14374651,,,,
C1437,2026-08-17 18:28:00,purchase_reason_recorded,P017,info,mobile_app,TXNC14375657,ORDC14374651,Needed it urgently,2.0,4.0,
C1438,2026-08-07 00:24:00,product_discovery,P011,success,website,,,,,,
C1438,2026-08-07 00:26:00,product_view,P011,success,website,,,,,,
C1439,2026-08-12 09:11:00,product_discovery,P018,success,website,,,,,,
C1439,2026-08-12 09:15:00,product_view,P018,success,website,,,,,,
C1439,2026-08-12 09:20:00,cart_add,P018,success,website,,,,,,
C1439,2026-08-12 09:25:00,checkout_start,P018,success,website,,,,,,
C1439,2026-08-12 09:28:00,payment_attempt,P018,success,website,TXNC14392074,,,,,
C1439,2026-08-12 09:32:00,payment_success,P018,success,website,TXNC14392074,,,,,
C1439,2026-08-12 09:33:00,order_confirmation,P018,success,website,TXNC14392074,ORDC14394886,,,,
C1439,2026-08-17 13:33:00,delivery,P018,success,website,,ORDC14394886,,,,
C1439,2026-08-17 13:33:00,purchase_reason_recorded,P018,info,website,TXNC14392074,ORDC14394886,Trusted brand,4.0,3.0,
C1440,2026-08-18 10:52:00,product_discovery,P022,success,website,,,,,,
C1440,2026-08-18 10:57:00,product_view,P022,success,website,,,,,,
C1441,2026-08-03 17:34:00,product_discovery,P029,success,website,,,,,,
C1441,2026-08-03 17:35:00,product_view,P029,success,website,,,,,,
C1442,2026-08-20 13:51:00,product_discovery,P038,success,mobile_app,,,,,,
C1442,2026-08-20 13:56:00,product_view,P038,success,mobile_app,,,,,,
C1442,2026-08-20 14:03:00,cart_add,P038,success,mobile_app,,,,,,
C1442,2026-08-20 14:04:00,cart_add,P038,abandoned,mobile_app,,,,,,Found a better deal elsewhere
C1443,2026-08-12 02:53:00,product_discovery,P038,success,website,,,,,,
C1443,2026-08-12 02:55:00,product_view,P038,success,website,,,,,,
C1443,2026-08-12 03:05:00,cart_add,P038,success,website,,,,,,
C1443,2026-08-12 03:07:00,cart_add,P038,abandoned,website,,,,,,Changed my mind
C1444,2026-08-06 03:34:00,product_discovery,P026,success,mobile_app,,,,,,
C1444,2026-08-06 03:39:00,product_view,P026,success,mobile_app,,,,,,
C1445,2026-08-06 19:24:00,product_discovery,P012,success,mobile_app,,,,,,
C1445,2026-08-06 19:28:00,product_view,P012,success,mobile_app,,,,,,
C1446,2026-08-05 03:40:00,product_discovery,P010,success,website,,,,,,
C1446,2026-08-05 03:41:00,product_view,P010,success,website,,,,,,
C1447,2026-08-12 14:44:00,product_discovery,P015,success,mobile_app,,,,,,
C1447,2026-08-12 14:46:00,product_view,P015,success,mobile_app,,,,,,
C1448,2026-08-15 01:38:00,product_discovery,P015,success,mobile_app,,,,,,
C1448,2026-08-15 01:42:00,product_view,P015,success,mobile_app,,,,,,
C1449,2026-08-02 10:46:00,product_discovery,P029,success,mobile_app,,,,,,
C1449,2026-08-02 10:48:00,product_view,P029,success,mobile_app,,,,,,
C1449,2026-08-02 10:50:00,cart_add,P029,success,mobile_app,,,,,,
C1449,2026-08-02 10:54:00,cart_add,P029,abandoned,mobile_app,,,,,,Delivery cost too high
C1450,2026-08-03 14:47:00,product_discovery,P010,success,mobile_app,,,,,,
C1450,2026-08-03 14:49:00,product_view,P010,success,mobile_app,,,,,,
C1450,2026-08-03 14:54:00,cart_add,P010,success,mobile_app,,,,,,
C1450,2026-08-03 15:01:00,cart_add,P010,abandoned,mobile_app,,,,,,Found a better deal elsewhere
C1451,2026-08-08 16:35:00,product_discovery,P008,success,website,,,,,,
C1451,2026-08-08 16:39:00,product_view,P008,success,website,,,,,,
C1451,2026-08-08 16:41:00,cart_add,P008,success,website,,,,,,
C1451,2026-08-08 16:54:00,cart_add,P008,abandoned,website,,,,,,Delivery cost too high
C1452,2026-08-04 22:07:00,product_discovery,P002,success,website,,,,,,
C1453,2026-08-17 10:18:00,product_discovery,P009,success,website,,,,,,
C1453,2026-08-17 10:22:00,product_view,P009,success,website,,,,,,
C1454,2026-08-04 08:30:00,product_discovery,P013,success,mobile_app,,,,,,
C1454,2026-08-04 08:32:00,product_view,P013,success,mobile_app,,,,,,
C1455,2026-08-15 15:45:00,product_discovery,P028,success,website,,,,,,
C1455,2026-08-15 15:46:00,product_view,P028,success,website,,,,,,
C1455,2026-08-15 15:50:00,cart_add,P028,success,website,,,,,,
C1455,2026-08-15 15:53:00,checkout_start,P028,success,website,,,,,,
C1455,2026-08-15 16:00:00,payment_attempt,P028,success,website,TXNC14555198,,,,,
C1455,2026-08-15 16:05:00,payment_success,P028,success,website,TXNC14555198,,,,,
C1455,2026-08-15 16:06:00,order_confirmation,P028,success,website,TXNC14555198,ORDC14557693,,,,
C1455,2026-08-20 19:06:00,delivery,P028,success,website,,ORDC14557693,,,,
C1455,2026-08-30 19:06:00,return,P028,success,website,,ORDC14557693,,,,
C1455,2026-08-30 19:06:00,purchase_reason_recorded,P028,info,website,TXNC14555198,ORDC14557693,Fast delivery promised,2.0,3.0,
C1456,2026-08-09 22:39:00,product_discovery,P014,success,mobile_app,,,,,,
C1456,2026-08-09 22:43:00,product_view,P014,success,mobile_app,,,,,,
C1457,2026-08-02 14:37:00,product_discovery,P034,success,website,,,,,,
C1457,2026-08-02 14:40:00,product_view,P034,success,website,,,,,,
C1458,2026-08-03 19:13:00,product_discovery,P011,success,website,,,,,,
C1458,2026-08-03 19:17:00,product_view,P011,success,website,,,,,,
C1459,2026-08-08 03:53:00,product_discovery,P013,success,website,,,,,,
C1459,2026-08-08 03:57:00,product_view,P013,success,website,,,,,,
C1459,2026-08-08 04:06:00,cart_add,P013,success,website,,,,,,
C1459,2026-08-08 04:11:00,checkout_start,P013,success,website,,,,,,
C1459,2026-08-08 04:15:00,payment_attempt,P013,success,website,TXNC14591562,,,,,
C1459,2026-08-08 04:17:00,payment_failure,P013,failed,website,TXNC14591562,,,,,
C1460,2026-08-01 11:54:00,product_discovery,P039,success,mobile_app,,,,,,
C1460,2026-08-01 11:55:00,product_view,P039,success,mobile_app,,,,,,
C1461,2026-08-10 04:50:00,product_discovery,P019,success,website,,,,,,
C1461,2026-08-10 04:55:00,product_view,P019,success,website,,,,,,
C1462,2026-08-10 13:52:00,product_discovery,P027,success,website,,,,,,
C1462,2026-08-10 13:53:00,product_view,P027,success,website,,,,,,
C1463,2026-08-15 08:15:00,product_discovery,P016,success,website,,,,,,
C1463,2026-08-15 08:18:00,product_view,P016,success,website,,,,,,
C1463,2026-08-15 08:20:00,cart_add,P016,success,website,,,,,,
C1463,2026-08-15 08:32:00,checkout_start,P016,success,website,,,,,,
C1463,2026-08-15 08:37:00,payment_attempt,P016,success,website,TXNC14631801,,,,,
C1463,2026-08-15 08:41:00,payment_success,P016,success,website,TXNC14631801,,,,,
C1463,2026-08-15 08:42:00,order_confirmation,P016,success,website,TXNC14631801,ORDC14639960,,,,
C1463,2026-08-18 12:42:00,delivery,P016,success,website,,ORDC14639960,,,,
C1463,2026-08-18 12:42:00,purchase_reason_recorded,P016,info,website,TXNC14631801,ORDC14639960,Good price,4.0,5.0,
C1464,2026-08-15 13:43:00,product_discovery,P039,success,mobile_app,,,,,,
C1464,2026-08-15 13:45:00,product_view,P039,success,mobile_app,,,,,,
C1464,2026-08-15 13:55:00,cart_add,P039,success,mobile_app,,,,,,
C1464,2026-08-15 13:56:00,cart_add,P039,abandoned,mobile_app,,,,,,Found a better deal elsewhere
C1465,2026-08-03 09:24:00,product_discovery,P009,success,mobile_app,,,,,,
C1465,2026-08-03 09:27:00,product_view,P009,success,mobile_app,,,,,,
C1466,2026-08-18 03:08:00,product_discovery,P008,success,mobile_app,,,,,,
C1467,2026-08-15 20:21:00,product_discovery,P004,success,mobile_app,,,,,,
C1467,2026-08-15 20:23:00,product_view,P004,success,mobile_app,,,,,,
C1467,2026-08-15 20:25:00,cart_add,P004,success,mobile_app,,,,,,
C1467,2026-08-15 20:28:00,checkout_start,P004,success,mobile_app,,,,,,
C1467,2026-08-15 20:35:00,payment_attempt,P004,success,mobile_app,TXNC14678683,,,,,
C1467,2026-08-15 20:40:00,payment_success,P004,success,mobile_app,TXNC14678683,,,,,
C1467,2026-08-15 20:41:00,order_confirmation,P004,success,mobile_app,TXNC14678683,ORDC14671197,,,,
C1467,2026-08-21 22:41:00,delivery,P004,success,mobile_app,,ORDC14671197,,,,
C1467,2026-08-21 22:41:00,purchase_reason_recorded,P004,info,mobile_app,TXNC14678683,ORDC14671197,Needed it urgently,3.0,5.0,
C1468,2026-08-01 23:07:00,product_discovery,P028,success,website,,,,,,
C1468,2026-08-01 23:11:00,product_view,P028,success,website,,,,,,
C1469,2026-08-13 23:00:00,product_discovery,P017,success,website,,,,,,
C1469,2026-08-13 23:02:00,product_view,P017,success,website,,,,,,
C1470,2026-08-12 19:23:00,product_discovery,P007,success,mobile_app,,,,,,
C1470,2026-08-12 19:26:00,product_view,P007,success,mobile_app,,,,,,
C1471,2026-08-12 13:22:00,product_discovery,P023,success,mobile_app,,,,,,
C1471,2026-08-12 13:23:00,product_view,P023,success,mobile_app,,,,,,
C1471,2026-08-12 13:28:00,cart_add,P023,success,mobile_app,,,,,,
C1471,2026-08-12 13:34:00,cart_add,P023,abandoned,mobile_app,,,,,,Changed my mind
C1472,2026-08-11 05:49:00,product_discovery,P010,success,website,,,,,,
C1472,2026-08-11 05:53:00,product_view,P010,success,website,,,,,,
C1472,2026-08-11 06:02:00,cart_add,P010,success,website,,,,,,
C1472,2026-08-11 06:10:00,cart_add,P010,abandoned,website,,,,,,Technical issue at checkout
C1473,2026-08-12 15:03:00,product_discovery,P004,success,mobile_app,,,,,,
C1473,2026-08-12 15:07:00,product_view,P004,success,mobile_app,,,,,,
C1474,2026-08-04 08:59:00,product_discovery,P032,success,website,,,,,,
C1474,2026-08-04 09:01:00,product_view,P032,success,website,,,,,,
C1475,2026-08-02 01:21:00,product_discovery,P036,success,website,,,,,,
C1475,2026-08-02 01:24:00,product_view,P036,success,website,,,,,,
C1475,2026-08-02 01:30:00,cart_add,P036,success,website,,,,,,
C1475,2026-08-02 01:40:00,checkout_start,P036,success,website,,,,,,
C1475,2026-08-02 01:47:00,payment_attempt,P036,success,website,TXNC14752632,,,,,
C1475,2026-08-02 01:51:00,payment_success,P036,success,website,TXNC14752632,,,,,
C1475,2026-08-02 01:53:00,order_confirmation,P036,success,website,TXNC14752632,ORDC14755646,,,,
C1475,2026-08-08 02:53:00,delivery,P036,success,website,,ORDC14755646,,,,
C1475,2026-08-22 02:53:00,review,P036,success,website,,ORDC14755646,,,,
C1475,2026-08-22 02:53:00,purchase_reason_recorded,P036,info,website,TXNC14752632,ORDC14755646,Fast delivery promised,5.0,5.0,
C1476,2026-08-14 10:00:00,product_discovery,P012,success,website,,,,,,
C1476,2026-08-14 10:04:00,product_view,P012,success,website,,,,,,
C1477,2026-08-20 21:02:00,product_discovery,P032,success,website,,,,,,
C1477,2026-08-20 21:07:00,product_view,P032,success,website,,,,,,
C1478,2026-08-18 21:35:00,product_discovery,P005,success,mobile_app,,,,,,
C1478,2026-08-18 21:37:00,product_view,P005,success,mobile_app,,,,,,
C1478,2026-08-18 21:43:00,cart_add,P005,success,mobile_app,,,,,,
C1478,2026-08-18 21:47:00,cart_add,P005,abandoned,mobile_app,,,,,,Found a better deal elsewhere
C1479,2026-08-13 14:26:00,product_discovery,P034,success,mobile_app,,,,,,
C1479,2026-08-13 14:27:00,product_view,P034,success,mobile_app,,,,,,
C1480,2026-08-10 06:58:00,product_discovery,P011,success,mobile_app,,,,,,
C1480,2026-08-10 06:59:00,product_view,P011,success,mobile_app,,,,,,
C1480,2026-08-10 07:00:00,cart_add,P011,success,mobile_app,,,,,,
C1480,2026-08-10 07:15:00,cart_add,P011,abandoned,mobile_app,,,,,,Delivery cost too high
C1481,2026-08-01 12:28:00,product_discovery,P005,success,mobile_app,,,,,,
C1481,2026-08-01 12:29:00,product_view,P005,success,mobile_app,,,,,,
C1482,2026-08-13 23:23:00,product_discovery,P037,success,website,,,,,,
C1482,2026-08-13 23:28:00,product_view,P037,success,website,,,,,,
C1482,2026-08-13 23:32:00,cart_add,P037,success,website,,,,,,
C1482,2026-08-13 23:34:00,checkout_start,P037,success,website,,,,,,
C1482,2026-08-13 23:36:00,payment_attempt,P037,success,website,TXNC14821226,,,,,
C1482,2026-08-13 23:38:00,payment_success,P037,success,website,TXNC14821226,,,,,
C1482,2026-08-13 23:39:00,order_confirmation,P037,success,website,TXNC14821226,ORDC14821353,,,,
C1482,2026-08-18 03:39:00,delivery,P037,success,website,,ORDC14821353,,,,
C1482,2026-08-18 03:39:00,purchase_reason_recorded,P037,info,website,TXNC14821226,ORDC14821353,Product reviews,3.0,5.0,
C1483,2026-08-10 14:26:00,product_discovery,P007,success,mobile_app,,,,,,
C1483,2026-08-10 14:28:00,product_view,P007,success,mobile_app,,,,,,
C1484,2026-08-03 19:42:00,product_discovery,P015,success,mobile_app,,,,,,
C1484,2026-08-03 19:43:00,product_view,P015,success,mobile_app,,,,,,
C1485,2026-08-13 03:41:00,product_discovery,P023,success,mobile_app,,,,,,
C1485,2026-08-13 03:44:00,product_view,P023,success,mobile_app,,,,,,
C1485,2026-08-13 03:50:00,cart_add,P023,success,mobile_app,,,,,,
C1485,2026-08-13 04:02:00,checkout_start,P023,success,mobile_app,,,,,,
C1486,2026-08-02 10:40:00,product_discovery,P028,success,website,,,,,,
C1486,2026-08-02 10:41:00,product_view,P028,success,website,,,,,,
C1487,2026-08-20 18:59:00,product_discovery,P031,success,website,,,,,,
C1487,2026-08-20 19:03:00,product_view,P031,success,website,,,,,,
C1488,2026-08-16 07:02:00,product_discovery,P030,success,website,,,,,,
C1488,2026-08-16 07:04:00,product_view,P030,success,website,,,,,,
C1488,2026-08-16 07:12:00,cart_add,P030,success,website,,,,,,
C1488,2026-08-16 07:23:00,checkout_start,P030,success,website,,,,,,
C1488,2026-08-16 07:28:00,payment_attempt,P030,success,website,TXNC14887560,,,,,
C1488,2026-08-16 07:29:00,payment_success,P030,success,website,TXNC14887560,,,,,
C1488,2026-08-16 07:32:00,order_confirmation,P030,success,website,TXNC14887560,ORDC14888365,,,,
C1488,2026-08-21 08:32:00,delivery,P030,success,website,,ORDC14888365,,,,
C1488,2026-08-31 08:32:00,return,P030,success,website,,ORDC14888365,,,,
C1488,2026-08-31 08:32:00,purchase_reason_recorded,P030,info,website,TXNC14887560,ORDC14888365,Good price,2.0,4.0,
C1489,2026-08-16 02:52:00,product_discovery,P026,success,mobile_app,,,,,,
C1489,2026-08-16 02:54:00,product_view,P026,success,mobile_app,,,,,,
C1490,2026-08-04 09:10:00,product_discovery,P033,success,mobile_app,,,,,,
C1490,2026-08-04 09:13:00,product_view,P033,success,mobile_app,,,,,,
C1491,2026-08-01 21:26:00,product_discovery,P002,success,website,,,,,,
C1491,2026-08-01 21:27:00,product_view,P002,success,website,,,,,,
C1491,2026-08-01 21:35:00,cart_add,P002,success,website,,,,,,
C1491,2026-08-01 21:44:00,cart_add,P002,abandoned,website,,,,,,Technical issue at checkout
C1492,2026-08-11 22:36:00,product_discovery,P034,success,mobile_app,,,,,,
C1492,2026-08-11 22:40:00,product_view,P034,success,mobile_app,,,,,,
C1493,2026-08-17 14:47:00,product_discovery,P031,success,mobile_app,,,,,,
C1493,2026-08-17 14:52:00,product_view,P031,success,mobile_app,,,,,,
C1493,2026-08-17 15:01:00,cart_add,P031,success,mobile_app,,,,,,
C1493,2026-08-17 15:09:00,cart_add,P031,abandoned,mobile_app,,,,,,Technical issue at checkout
C1494,2026-08-17 02:41:00,product_discovery,P032,success,website,,,,,,
C1494,2026-08-17 02:46:00,product_view,P032,success,website,,,,,,
C1494,2026-08-17 02:55:00,cart_add,P032,success,website,,,,,,
C1494,2026-08-17 03:02:00,checkout_start,P032,success,website,,,,,,
C1494,2026-08-17 03:03:00,payment_attempt,P032,success,website,TXNC14948729,,,,,
C1494,2026-08-17 03:06:00,payment_success,P032,success,website,TXNC14948729,,,,,
C1494,2026-08-17 03:08:00,order_confirmation,P032,success,website,TXNC14948729,ORDC14941449,,,,
C1494,2026-08-21 04:08:00,delivery,P032,success,website,,ORDC14941449,,,,
C1494,2026-08-27 04:08:00,return,P032,success,website,,ORDC14941449,,,,
C1494,2026-08-27 04:08:00,purchase_reason_recorded,P032,info,website,TXNC14948729,ORDC14941449,Product reviews,3.0,5.0,
C1495,2026-08-08 02:32:00,product_discovery,P020,success,website,,,,,,
C1495,2026-08-08 02:33:00,product_view,P020,success,website,,,,,,
C1496,2026-08-01 15:37:00,product_discovery,P021,success,mobile_app,,,,,,
C1496,2026-08-01 15:38:00,product_view,P021,success,mobile_app,,,,,,
C1496,2026-08-01 15:45:00,cart_add,P021,success,mobile_app,,,,,,
C1496,2026-08-01 16:00:00,cart_add,P021,abandoned,mobile_app,,,,,,Changed my mind
C1497,2026-08-08 21:59:00,product_discovery,P032,success,website,,,,,,
C1497,2026-08-08 22:02:00,product_view,P032,success,website,,,,,,
C1497,2026-08-08 22:10:00,cart_add,P032,success,website,,,,,,
C1497,2026-08-08 22:16:00,cart_add,P032,abandoned,website,,,,,,Technical issue at checkout
C1498,2026-08-12 16:51:00,product_discovery,P020,success,mobile_app,,,,,,
C1498,2026-08-12 16:56:00,product_view,P020,success,mobile_app,,,,,,
C1499,2026-08-16 17:51:00,product_discovery,P019,success,website,,,,,,
C1499,2026-08-16 17:54:00,product_view,P019,success,website,,,,,,
C1500,2026-08-13 10:45:00,product_discovery,P005,success,website,,,,,,
C1500,2026-08-13 10:50:00,product_view,P005,success,website,,,,,,
C1501,2026-08-14 18:44:00,product_discovery,P024,success,website,,,,,,
C1501,2026-08-14 18:47:00,product_view,P024,success,website,,,,,,
C1501,2026-08-14 18:55:00,cart_add,P024,success,website,,,,,,
C1501,2026-08-14 19:10:00,checkout_start,P024,success,website,,,,,,
C1501,2026-08-14 19:15:00,payment_attempt,P024,success,website,TXNC15018414,,,,,
C1501,2026-08-14 19:20:00,payment_success,P024,success,website,TXNC15018414,,,,,
C1501,2026-08-14 19:21:00,order_confirmation,P024,success,website,TXNC15018414,ORDC15015779,,,,
C1501,2026-08-19 22:21:00,delivery,P024,success,website,,ORDC15015779,,,,
C1501,2026-08-19 22:21:00,purchase_reason_recorded,P024,info,website,TXNC15018414,ORDC15015779,Product reviews,4.0,3.0,
C1502,2026-08-15 15:17:00,product_discovery,P015,success,mobile_app,,,,,,
C1502,2026-08-15 15:22:00,product_view,P015,success,mobile_app,,,,,,
C1503,2026-08-07 16:37:00,product_discovery,P032,success,website,,,,,,
C1503,2026-08-07 16:41:00,product_view,P032,success,website,,,,,,
C1504,2026-08-07 16:46:00,product_discovery,P036,success,mobile_app,,,,,,
C1504,2026-08-07 16:47:00,product_view,P036,success,mobile_app,,,,,,
C1505,2026-08-03 10:12:00,product_discovery,P006,success,mobile_app,,,,,,
C1505,2026-08-03 10:13:00,product_view,P006,success,mobile_app,,,,,,
C1506,2026-08-05 08:04:00,product_discovery,P002,success,mobile_app,,,,,,
C1506,2026-08-05 08:07:00,product_view,P002,success,mobile_app,,,,,,
C1507,2026-08-05 19:31:00,product_discovery,P006,success,website,,,,,,
C1507,2026-08-05 19:33:00,product_view,P006,success,website,,,,,,
C1508,2026-08-12 08:04:00,product_discovery,P029,success,website,,,,,,
C1508,2026-08-12 08:06:00,product_view,P029,success,website,,,,,,
C1508,2026-08-12 08:10:00,cart_add,P029,success,website,,,,,,
C1508,2026-08-12 08:24:00,cart_add,P029,abandoned,website,,,,,,Just browsing
C1509,2026-08-13 08:13:00,product_discovery,P003,success,website,,,,,,
C1509,2026-08-13 08:14:00,product_view,P003,success,website,,,,,,
C1510,2026-08-21 07:26:00,product_discovery,P004,success,mobile_app,,,,,,
C1510,2026-08-21 07:29:00,product_view,P004,success,mobile_app,,,,,,
C1510,2026-08-21 07:37:00,cart_add,P004,success,mobile_app,,,,,,
C1510,2026-08-21 07:50:00,cart_add,P004,abandoned,mobile_app,,,,,,Delivery cost too high
C1511,2026-08-05 10:43:00,product_discovery,P036,success,website,,,,,,
C1511,2026-08-05 10:45:00,product_view,P036,success,website,,,,,,
C1511,2026-08-05 10:47:00,cart_add,P036,success,website,,,,,,
C1511,2026-08-05 11:01:00,cart_add,P036,abandoned,website,,,,,,Delivery cost too high
C1512,2026-08-15 15:11:00,product_discovery,P010,success,website,,,,,,
C1512,2026-08-15 15:14:00,product_view,P010,success,website,,,,,,
C1513,2026-08-01 23:50:00,product_discovery,P016,success,website,,,,,,
C1513,2026-08-01 23:54:00,product_view,P016,success,website,,,,,,
C1513,2026-08-02 00:03:00,cart_add,P016,success,website,,,,,,
C1513,2026-08-02 00:08:00,cart_add,P016,abandoned,website,,,,,,Technical issue at checkout
C1514,2026-08-19 16:31:00,product_discovery,P032,success,mobile_app,,,,,,
C1514,2026-08-19 16:32:00,product_view,P032,success,mobile_app,,,,,,
C1515,2026-08-19 05:08:00,product_discovery,P002,success,mobile_app,,,,,,
C1515,2026-08-19 05:09:00,product_view,P002,success,mobile_app,,,,,,
C1515,2026-08-19 05:14:00,cart_add,P002,success,mobile_app,,,,,,
C1515,2026-08-19 05:24:00,checkout_start,P002,success,mobile_app,,,,,,
C1515,2026-08-19 05:30:00,payment_attempt,P002,success,mobile_app,TXNC15159879,,,,,
C1515,2026-08-19 05:34:00,payment_success,P002,success,mobile_app,TXNC15159879,,,,,
C1515,2026-08-19 05:35:00,order_confirmation,P002,success,mobile_app,TXNC15159879,ORDC15152269,,,,
C1515,2026-08-26 08:35:00,delivery,P002,success,mobile_app,,ORDC15152269,,,,
C1515,2026-08-26 08:35:00,purchase_reason_recorded,P002,info,mobile_app,TXNC15159879,ORDC15152269,Product reviews,2.0,3.0,
C1516,2026-08-12 05:17:00,product_discovery,P010,success,website,,,,,,
C1516,2026-08-12 05:21:00,product_view,P010,success,website,,,,,,
C1516,2026-08-12 05:26:00,cart_add,P010,success,website,,,,,,
C1516,2026-08-12 05:28:00,cart_add,P010,abandoned,website,,,,,,Changed my mind
C1517,2026-08-01 08:31:00,product_discovery,P032,success,mobile_app,,,,,,
C1517,2026-08-01 08:33:00,product_view,P032,success,mobile_app,,,,,,
C1518,2026-08-02 21:17:00,product_discovery,P035,success,mobile_app,,,,,,
C1518,2026-08-02 21:21:00,product_view,P035,success,mobile_app,,,,,,
C1519,2026-08-15 06:23:00,product_discovery,P039,success,mobile_app,,,,,,
C1519,2026-08-15 06:25:00,product_view,P039,success,mobile_app,,,,,,
C1519,2026-08-15 06:27:00,cart_add,P039,success,mobile_app,,,,,,
C1519,2026-08-15 06:31:00,cart_add,P039,abandoned,mobile_app,,,,,,Delivery cost too high
C1520,2026-08-02 20:31:00,product_discovery,P010,success,mobile_app,,,,,,
C1520,2026-08-02 20:34:00,product_view,P010,success,mobile_app,,,,,,
C1521,2026-08-04 11:25:00,product_discovery,P003,success,website,,,,,,
C1521,2026-08-04 11:28:00,product_view,P003,success,website,,,,,,
C1522,2026-08-05 16:56:00,product_discovery,P034,success,website,,,,,,
C1522,2026-08-05 16:57:00,product_view,P034,success,website,,,,,,
C1523,2026-08-02 08:11:00,product_discovery,P031,success,website,,,,,,
C1523,2026-08-02 08:15:00,product_view,P031,success,website,,,,,,
C1524,2026-08-11 10:56:00,product_discovery,P031,success,mobile_app,,,,,,
C1524,2026-08-11 10:58:00,product_view,P031,success,mobile_app,,,,,,
C1525,2026-08-17 20:52:00,product_discovery,P018,success,website,,,,,,
C1525,2026-08-17 20:54:00,product_view,P018,success,website,,,,,,
C1526,2026-08-17 14:13:00,product_discovery,P030,success,mobile_app,,,,,,
C1526,2026-08-17 14:18:00,product_view,P030,success,mobile_app,,,,,,
C1527,2026-08-04 17:36:00,product_discovery,P037,success,mobile_app,,,,,,
C1528,2026-08-03 17:49:00,product_discovery,P002,success,website,,,,,,
C1528,2026-08-03 17:52:00,product_view,P002,success,website,,,,,,
C1528,2026-08-03 17:59:00,cart_add,P002,success,website,,,,,,
C1528,2026-08-03 18:00:00,checkout_start,P002,success,website,,,,,,
C1529,2026-08-12 18:54:00,product_discovery,P028,success,mobile_app,,,,,,
C1529,2026-08-12 18:56:00,product_view,P028,success,mobile_app,,,,,,
C1530,2026-08-03 12:06:00,product_discovery,P016,success,mobile_app,,,,,,
C1530,2026-08-03 12:11:00,product_view,P016,success,mobile_app,,,,,,
C1531,2026-08-08 06:01:00,product_discovery,P024,success,website,,,,,,
C1531,2026-08-08 06:04:00,product_view,P024,success,website,,,,,,
C1532,2026-08-19 02:23:00,product_discovery,P033,success,mobile_app,,,,,,
C1532,2026-08-19 02:27:00,product_view,P033,success,mobile_app,,,,,,
C1532,2026-08-19 02:32:00,cart_add,P033,success,mobile_app,,,,,,
C1532,2026-08-19 02:34:00,checkout_start,P033,success,mobile_app,,,,,,
C1532,2026-08-19 02:38:00,payment_attempt,P033,success,mobile_app,TXNC15323029,,,,,
C1532,2026-08-19 02:43:00,payment_failure,P033,failed,mobile_app,TXNC15323029,,,,,
C1533,2026-08-06 18:40:00,product_discovery,P020,success,website,,,,,,
C1533,2026-08-06 18:43:00,product_view,P020,success,website,,,,,,
C1534,2026-08-15 18:38:00,product_discovery,P016,success,website,,,,,,
C1535,2026-08-19 03:17:00,product_discovery,P026,success,mobile_app,,,,,,
C1535,2026-08-19 03:22:00,product_view,P026,success,mobile_app,,,,,,
C1535,2026-08-19 03:29:00,cart_add,P026,success,mobile_app,,,,,,
C1535,2026-08-19 03:30:00,cart_add,P026,abandoned,mobile_app,,,,,,Found a better deal elsewhere
C1536,2026-08-01 20:36:00,product_discovery,P039,success,mobile_app,,,,,,
C1536,2026-08-01 20:41:00,product_view,P039,success,mobile_app,,,,,,
C1537,2026-08-17 16:07:00,product_discovery,P008,success,website,,,,,,
C1537,2026-08-17 16:09:00,product_view,P008,success,website,,,,,,
C1537,2026-08-17 16:18:00,cart_add,P008,success,website,,,,,,
C1537,2026-08-17 16:27:00,cart_add,P008,abandoned,website,,,,,,Technical issue at checkout
C1538,2026-08-12 09:04:00,product_discovery,P013,success,website,,,,,,
C1538,2026-08-12 09:08:00,product_view,P013,success,website,,,,,,
C1539,2026-08-07 06:06:00,product_discovery,P026,success,mobile_app,,,,,,
C1540,2026-08-02 18:15:00,product_discovery,P001,success,website,,,,,,
C1540,2026-08-02 18:19:00,product_view,P001,success,website,,,,,,
C1541,2026-08-06 01:41:00,product_discovery,P025,success,mobile_app,,,,,,
C1541,2026-08-06 01:45:00,product_view,P025,success,mobile_app,,,,,,
C1542,2026-08-08 09:44:00,product_discovery,P037,success,mobile_app,,,,,,
C1542,2026-08-08 09:45:00,product_view,P037,success,mobile_app,,,,,,
C1542,2026-08-08 09:52:00,cart_add,P037,success,mobile_app,,,,,,
C1542,2026-08-08 10:07:00,checkout_start,P037,success,mobile_app,,,,,,
C1542,2026-08-08 10:12:00,payment_attempt,P037,success,mobile_app,TXNC15423080,,,,,
C1542,2026-08-08 10:13:00,payment_success,P037,success,mobile_app,TXNC15423080,,,,,
C1542,2026-08-08 10:16:00,order_confirmation,P037,success,mobile_app,TXNC15423080,ORDC15424205,,,,
C1542,2026-08-13 13:16:00,delivery,P037,success,mobile_app,,ORDC15424205,,,,
C1542,2026-08-13 13:16:00,purchase_reason_recorded,P037,info,mobile_app,TXNC15423080,ORDC15424205,Good price,2.0,4.0,
C1543,2026-08-04 20:05:00,product_discovery,P006,success,mobile_app,,,,,,
C1543,2026-08-04 20:10:00,product_view,P006,success,mobile_app,,,,,,
C1543,2026-08-04 20:19:00,cart_add,P006,success,mobile_app,,,,,,
C1543,2026-08-04 20:21:00,cart_add,P006,abandoned,mobile_app,,,,,,Technical issue at checkout
C1544,2026-08-04 11:11:00,product_discovery,P010,success,website,,,,,,
C1544,2026-08-04 11:15:00,product_view,P010,success,website,,,,,,
C1544,2026-08-04 11:16:00,cart_add,P010,success,website,,,,,,
C1544,2026-08-04 11:26:00,checkout_start,P010,success,website,,,,,,
C1545,2026-08-16 20:21:00,product_discovery,P006,success,mobile_app,,,,,,
C1545,2026-08-16 20:22:00,product_view,P006,success,mobile_app,,,,,,
C1546,2026-08-01 11:54:00,product_discovery,P010,success,mobile_app,,,,,,
C1546,2026-08-01 11:55:00,product_view,P010,success,mobile_app,,,,,,
C1547,2026-08-13 12:29:00,product_discovery,P012,success,mobile_app,,,,,,
C1547,2026-08-13 12:30:00,product_view,P012,success,mobile_app,,,,,,
C1548,2026-08-13 10:14:00,product_discovery,P030,success,mobile_app,,,,,,
C1548,2026-08-13 10:16:00,product_view,P030,success,mobile_app,,,,,,
C1548,2026-08-13 10:24:00,cart_add,P030,success,mobile_app,,,,,,
C1548,2026-08-13 10:39:00,checkout_start,P030,success,mobile_app,,,,,,
C1548,2026-08-13 10:46:00,payment_attempt,P030,success,mobile_app,TXNC15488748,,,,,
C1548,2026-08-13 10:49:00,payment_success,P030,success,mobile_app,TXNC15488748,,,,,
C1548,2026-08-13 10:51:00,order_confirmation,P030,success,mobile_app,TXNC15488748,ORDC15483404,,,,
C1548,2026-08-19 12:51:00,delivery,P030,success,mobile_app,,ORDC15483404,,,,
C1548,2026-08-19 12:51:00,purchase_reason_recorded,P030,info,mobile_app,TXNC15488748,ORDC15483404,Product reviews,3.0,4.0,
C1549,2026-08-09 01:55:00,product_discovery,P037,success,mobile_app,,,,,,
C1549,2026-08-09 01:57:00,product_view,P037,success,mobile_app,,,,,,
C1550,2026-08-03 14:15:00,product_discovery,P031,success,website,,,,,,
C1551,2026-08-08 21:35:00,product_discovery,P027,success,mobile_app,,,,,,
C1551,2026-08-08 21:38:00,product_view,P027,success,mobile_app,,,,,,
C1551,2026-08-08 21:47:00,cart_add,P027,success,mobile_app,,,,,,
C1551,2026-08-08 21:48:00,checkout_start,P027,success,mobile_app,,,,,,
C1551,2026-08-08 21:52:00,payment_attempt,P027,success,mobile_app,TXNC15516098,,,,,
C1551,2026-08-08 21:53:00,payment_success,P027,success,mobile_app,TXNC15516098,,,,,
C1551,2026-08-08 21:54:00,order_confirmation,P027,success,mobile_app,TXNC15516098,ORDC15517217,,,,
C1551,2026-08-15 23:54:00,delivery,P027,success,mobile_app,,ORDC15517217,,,,
C1551,2026-08-15 23:54:00,purchase_reason_recorded,P027,info,mobile_app,TXNC15516098,ORDC15517217,Good price,4.0,2.0,
C1552,2026-08-06 13:26:00,product_discovery,P024,success,mobile_app,,,,,,
C1552,2026-08-06 13:29:00,product_view,P024,success,mobile_app,,,,,,
C1553,2026-08-04 07:38:00,product_discovery,P005,success,website,,,,,,
C1553,2026-08-04 07:40:00,product_view,P005,success,website,,,,,,
C1554,2026-08-14 13:23:00,product_discovery,P020,success,mobile_app,,,,,,
C1554,2026-08-14 13:27:00,product_view,P020,success,mobile_app,,,,,,
C1554,2026-08-14 13:30:00,cart_add,P020,success,mobile_app,,,,,,
C1554,2026-08-14 13:45:00,cart_add,P020,abandoned,mobile_app,,,,,,Price too high
C1555,2026-08-04 11:25:00,product_discovery,P002,success,mobile_app,,,,,,
C1555,2026-08-04 11:26:00,product_view,P002,success,mobile_app,,,,,,
C1556,2026-08-11 17:46:00,product_discovery,P024,success,mobile_app,,,,,,
C1556,2026-08-11 17:47:00,product_view,P024,success,mobile_app,,,,,,
C1556,2026-08-11 17:57:00,cart_add,P024,success,mobile_app,,,,,,
C1556,2026-08-11 18:12:00,checkout_start,P024,success,mobile_app,,,,,,
C1556,2026-08-11 18:17:00,payment_attempt,P024,success,mobile_app,TXNC15566086,,,,,
C1556,2026-08-11 18:21:00,payment_success,P024,success,mobile_app,TXNC15566086,,,,,
C1556,2026-08-11 18:24:00,order_confirmation,P024,success,mobile_app,TXNC15566086,ORDC15565865,,,,
C1556,2026-08-14 21:24:00,delivery,P024,success,mobile_app,,ORDC15565865,,,,
C1556,2026-08-22 21:24:00,review,P024,success,mobile_app,,ORDC15565865,,,,
C1556,2026-08-22 21:24:00,purchase_reason_recorded,P024,info,mobile_app,TXNC15566086,ORDC15565865,Trusted brand,3.0,3.0,
C1557,2026-08-02 03:56:00,product_discovery,P015,success,website,,,,,,
C1557,2026-08-02 03:57:00,product_view,P015,success,website,,,,,,
C1557,2026-08-02 04:06:00,cart_add,P015,success,website,,,,,,
C1557,2026-08-02 04:21:00,cart_add,P015,abandoned,website,,,,,,Just browsing
C1558,2026-08-06 09:43:00,product_discovery,P015,success,mobile_app,,,,,,
C1558,2026-08-06 09:44:00,product_view,P015,success,mobile_app,,,,,,
C1558,2026-08-06 09:51:00,cart_add,P015,success,mobile_app,,,,,,
C1558,2026-08-06 10:00:00,checkout_start,P015,success,mobile_app,,,,,,
C1558,2026-08-06 10:04:00,payment_attempt,P015,success,mobile_app,TXNC15589950,,,,,
C1558,2026-08-06 10:08:00,payment_success,P015,success,mobile_app,TXNC15589950,,,,,
C1558,2026-08-06 10:09:00,order_confirmation,P015,success,mobile_app,TXNC15589950,ORDC15585021,,,,
C1558,2026-08-10 13:09:00,delivery,P015,success,mobile_app,,ORDC15585021,,,,
C1558,2026-08-10 13:09:00,purchase_reason_recorded,P015,info,mobile_app,TXNC15589950,ORDC15585021,Needed it urgently,2.0,3.0,
C1559,2026-08-13 15:32:00,product_discovery,P024,success,website,,,,,,
C1559,2026-08-13 15:34:00,product_view,P024,success,website,,,,,,
C1560,2026-08-20 02:54:00,product_discovery,P035,success,website,,,,,,
C1560,2026-08-20 02:57:00,product_view,P035,success,website,,,,,,
C1560,2026-08-20 02:59:00,cart_add,P035,success,website,,,,,,
C1560,2026-08-20 03:03:00,checkout_start,P035,success,website,,,,,,
C1560,2026-08-20 03:06:00,payment_attempt,P035,success,website,TXNC15603305,,,,,
C1560,2026-08-20 03:10:00,payment_success,P035,success,website,TXNC15603305,,,,,
C1560,2026-08-20 03:12:00,order_confirmation,P035,success,website,TXNC15603305,ORDC15607166,,,,
C1561,2026-08-07 18:17:00,product_discovery,P007,success,website,,,,,,
C1561,2026-08-07 18:18:00,product_view,P007,success,website,,,,,,
C1562,2026-08-04 13:34:00,product_discovery,P007,success,website,,,,,,
C1562,2026-08-04 13:38:00,product_view,P007,success,website,,,,,,
C1563,2026-08-09 04:09:00,product_discovery,P025,success,mobile_app,,,,,,
C1563,2026-08-09 04:13:00,product_view,P025,success,mobile_app,,,,,,
C1563,2026-08-09 04:16:00,cart_add,P025,success,mobile_app,,,,,,
C1563,2026-08-09 04:28:00,checkout_start,P025,success,mobile_app,,,,,,
C1563,2026-08-09 04:29:00,payment_attempt,P025,success,mobile_app,TXNC15632888,,,,,
C1563,2026-08-09 04:30:00,payment_success,P025,success,mobile_app,TXNC15632888,,,,,
C1563,2026-08-09 04:31:00,order_confirmation,P025,success,mobile_app,TXNC15632888,ORDC15635440,,,,
C1563,2026-08-13 07:31:00,delivery,P025,success,mobile_app,,ORDC15635440,,,,
C1563,2026-08-14 07:31:00,review,P025,success,mobile_app,,ORDC15635440,,,,
C1563,2026-08-14 07:31:00,purchase_reason_recorded,P025,info,mobile_app,TXNC15632888,ORDC15635440,Trusted brand,2.0,2.0,
C1563,2026-08-20 07:31:00,return,P025,success,mobile_app,,ORDC15635440,,,,
C1564,2026-08-15 12:59:00,product_discovery,P014,success,mobile_app,,,,,,
C1564,2026-08-15 13:01:00,product_view,P014,success,mobile_app,,,,,,
C1565,2026-08-04 21:36:00,product_discovery,P005,success,website,,,,,,
C1565,2026-08-04 21:39:00,product_view,P005,success,website,,,,,,
C1565,2026-08-04 21:46:00,cart_add,P005,success,website,,,,,,
C1565,2026-08-04 21:53:00,cart_add,P005,abandoned,website,,,,,,Just browsing
C1566,2026-08-08 12:30:00,product_discovery,P005,success,website,,,,,,
C1567,2026-08-16 20:57:00,product_discovery,P034,success,website,,,,,,
C1568,2026-08-12 01:51:00,product_discovery,P030,success,website,,,,,,
C1568,2026-08-12 01:52:00,product_view,P030,success,website,,,,,,
C1569,2026-08-06 22:40:00,product_discovery,P030,success,website,,,,,,
C1569,2026-08-06 22:45:00,product_view,P030,success,website,,,,,,
C1569,2026-08-06 22:53:00,cart_add,P030,success,website,,,,,,
C1569,2026-08-06 22:59:00,checkout_start,P030,success,website,,,,,,
C1569,2026-08-06 23:01:00,payment_attempt,P030,success,website,TXNC15691139,,,,,
C1569,2026-08-06 23:02:00,payment_success,P030,success,website,TXNC15691139,,,,,
C1569,2026-08-06 23:05:00,order_confirmation,P030,success,website,TXNC15691139,ORDC15696251,,,,
C1569,2026-08-14 01:05:00,delivery,P030,success,website,,ORDC15696251,,,,
C1569,2026-08-21 01:05:00,review,P030,success,website,,ORDC15696251,,,,
C1569,2026-08-21 01:05:00,purchase_reason_recorded,P030,info,website,TXNC15691139,ORDC15696251,Good price,2.0,3.0,
C1570,2026-08-08 08:03:00,product_discovery,P018,success,mobile_app,,,,,,
C1570,2026-08-08 08:05:00,product_view,P018,success,mobile_app,,,,,,
C1570,2026-08-08 08:13:00,cart_add,P018,success,mobile_app,,,,,,
C1570,2026-08-08 08:18:00,cart_add,P018,abandoned,mobile_app,,,,,,Technical issue at checkout
C1571,2026-08-16 15:00:00,product_discovery,P030,success,mobile_app,,,,,,
C1571,2026-08-16 15:02:00,product_view,P030,success,mobile_app,,,,,,
C1571,2026-08-16 15:07:00,cart_add,P030,success,mobile_app,,,,,,
C1571,2026-08-16 15:11:00,checkout_start,P030,success,mobile_app,,,,,,
C1571,2026-08-16 15:15:00,payment_attempt,P030,success,mobile_app,TXNC15713953,,,,,
C1571,2026-08-16 15:20:00,payment_success,P030,success,mobile_app,TXNC15713953,,,,,
C1571,2026-08-16 15:22:00,order_confirmation,P030,success,mobile_app,TXNC15713953,ORDC15714163,,,,
C1571,2026-08-19 19:22:00,delivery,P030,success,mobile_app,,ORDC15714163,,,,
C1571,2026-08-27 19:22:00,review,P030,success,mobile_app,,ORDC15714163,,,,
C1571,2026-08-27 19:22:00,purchase_reason_recorded,P030,info,mobile_app,TXNC15713953,ORDC15714163,Trusted brand,2.0,2.0,
C1572,2026-08-05 01:04:00,product_discovery,P022,success,website,,,,,,
C1572,2026-08-05 01:08:00,product_view,P022,success,website,,,,,,
C1572,2026-08-05 01:09:00,cart_add,P022,success,website,,,,,,
C1572,2026-08-05 01:23:00,checkout_start,P022,success,website,,,,,,
C1572,2026-08-05 01:28:00,payment_attempt,P022,success,website,TXNC15729794,,,,,
C1572,2026-08-05 01:30:00,payment_success,P022,success,website,TXNC15729794,,,,,
C1572,2026-08-05 01:31:00,order_confirmation,P022,success,website,TXNC15729794,ORDC15727252,,,,
C1572,2026-08-09 04:31:00,delivery,P022,success,website,,ORDC15727252,,,,
C1572,2026-08-09 04:31:00,purchase_reason_recorded,P022,info,website,TXNC15729794,ORDC15727252,Good price,4.0,5.0,
C1573,2026-08-05 10:56:00,product_discovery,P012,success,website,,,,,,
C1573,2026-08-05 11:00:00,product_view,P012,success,website,,,,,,
C1573,2026-08-05 11:01:00,cart_add,P012,success,website,,,,,,
C1573,2026-08-05 11:05:00,checkout_start,P012,success,website,,,,,,
C1573,2026-08-05 11:06:00,payment_attempt,P012,success,website,TXNC15739840,,,,,
C1573,2026-08-05 11:07:00,payment_success,P012,success,website,TXNC15739840,,,,,
C1573,2026-08-05 11:10:00,order_confirmation,P012,success,website,TXNC15739840,ORDC15736402,,,,
C1573,2026-08-07 12:10:00,delivery,P012,success,website,,ORDC15736402,,,,
C1573,2026-08-20 12:10:00,review,P012,success,website,,ORDC15736402,,,,
C1573,2026-08-20 12:10:00,purchase_reason_recorded,P012,info,website,TXNC15739840,ORDC15736402,Good price,3.0,5.0,
C1574,2026-08-03 09:24:00,product_discovery,P004,success,mobile_app,,,,,,
C1574,2026-08-03 09:26:00,product_view,P004,success,mobile_app,,,,,,
C1574,2026-08-03 09:30:00,cart_add,P004,success,mobile_app,,,,,,
C1574,2026-08-03 09:41:00,cart_add,P004,abandoned,mobile_app,,,,,,Just browsing
C1575,2026-08-20 15:19:00,product_discovery,P018,success,website,,,,,,
C1575,2026-08-20 15:21:00,product_view,P018,success,website,,,,,,
C1576,2026-08-13 18:25:00,product_discovery,P038,success,mobile_app,,,,,,
C1576,2026-08-13 18:26:00,product_view,P038,success,mobile_app,,,,,,
C1576,2026-08-13 18:34:00,cart_add,P038,success,mobile_app,,,,,,
C1576,2026-08-13 18:40:00,checkout_start,P038,success,mobile_app,,,,,,
C1577,2026-08-03 11:14:00,product_discovery,P010,success,website,,,,,,
C1577,2026-08-03 11:15:00,product_view,P010,success,website,,,,,,
C1578,2026-08-15 10:49:00,product_discovery,P018,success,mobile_app,,,,,,
C1578,2026-08-15 10:52:00,product_view,P018,success,mobile_app,,,,,,
C1579,2026-08-12 23:47:00,product_discovery,P013,success,website,,,,,,
C1579,2026-08-12 23:52:00,product_view,P013,success,website,,,,,,
C1579,2026-08-12 23:55:00,cart_add,P013,success,website,,,,,,
C1579,2026-08-13 00:00:00,cart_add,P013,abandoned,website,,,,,,Technical issue at checkout
C1580,2026-08-17 19:15:00,product_discovery,P020,success,mobile_app,,,,,,
C1580,2026-08-17 19:16:00,product_view,P020,success,mobile_app,,,,,,
C1580,2026-08-17 19:20:00,cart_add,P020,success,mobile_app,,,,,,
C1580,2026-08-17 19:23:00,cart_add,P020,abandoned,mobile_app,,,,,,Changed my mind
C1581,2026-08-12 20:51:00,product_discovery,P035,success,mobile_app,,,,,,
C1581,2026-08-12 20:56:00,product_view,P035,success,mobile_app,,,,,,
C1581,2026-08-12 20:58:00,cart_add,P035,success,mobile_app,,,,,,
C1581,2026-08-12 21:13:00,cart_add,P035,abandoned,mobile_app,,,,,,Changed my mind
C1582,2026-08-13 11:08:00,product_discovery,P006,success,website,,,,,,
C1582,2026-08-13 11:11:00,product_view,P006,success,website,,,,,,
C1582,2026-08-13 11:17:00,cart_add,P006,success,website,,,,,,
C1582,2026-08-13 11:31:00,checkout_start,P006,success,website,,,,,,
C1582,2026-08-13 11:37:00,payment_attempt,P006,success,website,TXNC15824840,,,,,
C1582,2026-08-13 11:40:00,payment_success,P006,success,website,TXNC15824840,,,,,
C1582,2026-08-13 11:42:00,order_confirmation,P006,success,website,TXNC15824840,ORDC15827119,,,,
C1582,2026-08-15 14:42:00,delivery,P006,success,website,,ORDC15827119,,,,
C1582,2026-08-24 14:42:00,review,P006,success,website,,ORDC15827119,,,,
C1582,2026-08-24 14:42:00,purchase_reason_recorded,P006,info,website,TXNC15824840,ORDC15827119,Good price,4.0,5.0,
C1583,2026-08-14 11:11:00,product_discovery,P032,success,website,,,,,,
C1583,2026-08-14 11:12:00,product_view,P032,success,website,,,,,,
C1583,2026-08-14 11:13:00,cart_add,P032,success,website,,,,,,
C1583,2026-08-14 11:16:00,checkout_start,P032,success,website,,,,,,
C1583,2026-08-14 11:22:00,payment_attempt,P032,success,website,TXNC15835644,,,,,
C1583,2026-08-14 11:25:00,payment_success,P032,success,website,TXNC15835644,,,,,
C1583,2026-08-14 11:26:00,order_confirmation,P032,success,website,TXNC15835644,ORDC15839502,,,,
C1583,2026-08-20 13:26:00,delivery,P032,success,website,,ORDC15839502,,,,
C1583,2026-08-27 13:26:00,review,P032,success,website,,ORDC15839502,,,,
C1583,2026-08-27 13:26:00,purchase_reason_recorded,P032,info,website,TXNC15835644,ORDC15839502,Product reviews,4.0,5.0,
C1584,2026-08-03 05:48:00,product_discovery,P003,success,website,,,,,,
C1584,2026-08-03 05:53:00,product_view,P003,success,website,,,,,,
C1585,2026-08-19 17:17:00,product_discovery,P022,success,website,,,,,,
C1586,2026-08-02 07:58:00,product_discovery,P007,success,mobile_app,,,,,,
C1586,2026-08-02 08:02:00,product_view,P007,success,mobile_app,,,,,,
C1586,2026-08-02 08:04:00,cart_add,P007,success,mobile_app,,,,,,
C1586,2026-08-02 08:13:00,checkout_start,P007,success,mobile_app,,,,,,
C1586,2026-08-02 08:18:00,payment_attempt,P007,success,mobile_app,TXNC15865981,,,,,
C1586,2026-08-02 08:19:00,payment_success,P007,success,mobile_app,TXNC15865981,,,,,
C1586,2026-08-02 08:22:00,order_confirmation,P007,success,mobile_app,TXNC15865981,ORDC15861913,,,,
C1586,2026-08-04 12:22:00,delivery,P007,success,mobile_app,,ORDC15861913,,,,
C1586,2026-08-12 12:22:00,review,P007,success,mobile_app,,ORDC15861913,,,,
C1586,2026-08-12 12:22:00,purchase_reason_recorded,P007,info,mobile_app,TXNC15865981,ORDC15861913,Needed it urgently,4.0,5.0,
C1587,2026-08-12 15:47:00,product_discovery,P002,success,website,,,,,,
C1587,2026-08-12 15:52:00,product_view,P002,success,website,,,,,,
C1588,2026-08-07 08:29:00,product_discovery,P015,success,mobile_app,,,,,,
C1588,2026-08-07 08:30:00,product_view,P015,success,mobile_app,,,,,,
C1588,2026-08-07 08:32:00,cart_add,P015,success,mobile_app,,,,,,
C1588,2026-08-07 08:45:00,checkout_start,P015,success,mobile_app,,,,,,
C1588,2026-08-07 08:46:00,payment_attempt,P015,success,mobile_app,TXNC15882853,,,,,
C1588,2026-08-07 08:50:00,payment_success,P015,success,mobile_app,TXNC15882853,,,,,
C1588,2026-08-07 08:51:00,order_confirmation,P015,success,mobile_app,TXNC15882853,ORDC15888391,,,,
C1588,2026-08-09 12:51:00,delivery,P015,success,mobile_app,,ORDC15888391,,,,
C1588,2026-08-10 12:51:00,review,P015,success,mobile_app,,ORDC15888391,,,,
C1588,2026-08-10 12:51:00,purchase_reason_recorded,P015,info,mobile_app,TXNC15882853,ORDC15888391,Needed it urgently,5.0,4.0,
C1589,2026-08-07 20:19:00,product_discovery,P031,success,website,,,,,,
C1589,2026-08-07 20:24:00,product_view,P031,success,website,,,,,,
C1590,2026-08-10 13:19:00,product_discovery,P015,success,mobile_app,,,,,,
C1590,2026-08-10 13:23:00,product_view,P015,success,mobile_app,,,,,,
C1590,2026-08-10 13:33:00,cart_add,P015,success,mobile_app,,,,,,
C1590,2026-08-10 13:47:00,cart_add,P015,abandoned,mobile_app,,,,,,Found a better deal elsewhere
C1591,2026-08-11 01:46:00,product_discovery,P037,success,website,,,,,,
C1591,2026-08-11 01:51:00,product_view,P037,success,website,,,,,,
C1591,2026-08-11 01:54:00,cart_add,P037,success,website,,,,,,
C1591,2026-08-11 02:03:00,cart_add,P037,abandoned,website,,,,,,Delivery cost too high
C1592,2026-08-05 15:17:00,product_discovery,P007,success,mobile_app,,,,,,
C1592,2026-08-05 15:20:00,product_view,P007,success,mobile_app,,,,,,
C1593,2026-08-12 23:33:00,product_discovery,P009,success,mobile_app,,,,,,
C1593,2026-08-12 23:36:00,product_view,P009,success,mobile_app,,,,,,
C1594,2026-08-11 09:12:00,product_discovery,P026,success,mobile_app,,,,,,
C1595,2026-08-18 01:13:00,product_discovery,P004,success,website,,,,,,
C1595,2026-08-18 01:17:00,product_view,P004,success,website,,,,,,
C1595,2026-08-18 01:27:00,cart_add,P004,success,website,,,,,,
C1595,2026-08-18 01:40:00,cart_add,P004,abandoned,website,,,,,,Technical issue at checkout
C1596,2026-08-06 02:40:00,product_discovery,P002,success,mobile_app,,,,,,
C1596,2026-08-06 02:41:00,product_view,P002,success,mobile_app,,,,,,
C1596,2026-08-06 02:46:00,cart_add,P002,success,mobile_app,,,,,,
C1596,2026-08-06 03:00:00,checkout_start,P002,success,mobile_app,,,,,,
C1596,2026-08-06 03:08:00,payment_attempt,P002,success,mobile_app,TXNC15966765,,,,,
C1596,2026-08-06 03:12:00,payment_success,P002,success,mobile_app,TXNC15966765,,,,,
C1596,2026-08-06 03:15:00,order_confirmation,P002,success,mobile_app,TXNC15966765,ORDC15962931,,,,
C1596,2026-08-10 05:15:00,delivery,P002,success,mobile_app,,ORDC15962931,,,,
C1596,2026-08-19 05:15:00,review,P002,success,mobile_app,,ORDC15962931,,,,
C1596,2026-08-19 05:15:00,purchase_reason_recorded,P002,info,mobile_app,TXNC15966765,ORDC15962931,Product reviews,2.0,5.0,
C1597,2026-08-09 19:59:00,product_discovery,P023,success,mobile_app,,,,,,
C1597,2026-08-09 20:03:00,product_view,P023,success,mobile_app,,,,,,
C1597,2026-08-09 20:09:00,cart_add,P023,success,mobile_app,,,,,,
C1597,2026-08-09 20:16:00,cart_add,P023,abandoned,mobile_app,,,,,,Found a better deal elsewhere
C1598,2026-08-19 12:58:00,product_discovery,P002,success,mobile_app,,,,,,
C1599,2026-08-06 19:50:00,product_discovery,P036,success,website,,,,,,
C1599,2026-08-06 19:54:00,product_view,P036,success,website,,,,,,
C1600,2026-08-07 19:04:00,product_discovery,P035,success,mobile_app,,,,,,
C1600,2026-08-07 19:08:00,product_view,P035,success,mobile_app,,,,,,
