customer_id,timestamp,event,product_id,status,channel,transaction_id,order_id
C0001,2026-08-15 21:12:00,product_discovery,P008,success,website,,
C0001,2026-08-15 21:15:00,product_view,P008,success,website,,
C0001,2026-08-15 21:18:00,cart_add,P008,success,website,,
C0001,2026-08-15 21:29:00,checkout_start,P008,success,website,,
C0001,2026-08-15 21:31:00,payment_attempt,P008,success,website,TXNC00011520,
C0001,2026-08-15 21:32:00,payment_success,P008,success,website,TXNC00011520,
C0001,2026-08-15 21:33:00,order_confirmation,P008,success,website,TXNC00011520,ORDC00011434
C0001,2026-08-22 23:33:00,delivery,P008,success,website,,ORDC00011434
C0001,2026-09-01 23:33:00,review,P008,success,website,,ORDC00011434
C0002,2026-08-07 15:55:00,product_discovery,P001,success,website,,
C0002,2026-08-07 15:59:00,product_view,P001,success,website,,
C0003,2026-08-18 16:58:00,product_discovery,P022,success,website,,
C0003,2026-08-18 16:59:00,product_view,P022,success,website,,
C0003,2026-08-18 17:05:00,cart_add,P022,success,website,,
C0004,2026-08-02 07:43:00,product_discovery,P030,success,website,,
C0005,2026-08-08 00:06:00,product_discovery,P040,success,mobile_app,,
C0005,2026-08-08 00:11:00,product_view,P040,success,mobile_app,,
C0006,2026-08-06 12:27:00,product_discovery,P019,success,website,,
C0006,2026-08-06 12:29:00,product_view,P019,success,website,,
C0007,2026-08-15 19:10:00,product_discovery,P024,success,website,,
C0007,2026-08-15 19:13:00,product_view,P024,success,website,,
C0007,2026-08-15 19:18:00,cart_add,P024,success,website,,
C0007,2026-08-15 19:29:00,checkout_start,P024,success,website,,
C0007,2026-08-15 19:32:00,payment_attempt,P024,success,website,TXNC00075010,
C0007,2026-08-15 19:34:00,payment_success,P024,success,website,TXNC00075010,
C0007,2026-08-15 19:36:00,order_confirmation,P024,success,website,TXNC00075010,ORDC00074598
C0007,2026-08-17 22:36:00,delivery,P024,success,website,,ORDC00074598
C0007,2026-08-23 22:36:00,review,P024,success,website,,ORDC00074598
C0008,2026-08-10 11:05:00,product_discovery,P018,success,website,,
C0008,2026-08-10 11:07:00,product_view,P018,success,website,,
C0008,2026-08-10 11:17:00,cart_add,P018,success,website,,
C0009,2026-08-12 16:38:00,product_discovery,P026,success,mobile_app,,
C0009,2026-08-12 16:40:00,product_view,P026,success,mobile_app,,
C0009,2026-08-12 16:44:00,cart_add,P026,success,mobile_app,,
C0010,2026-08-14 15:15:00,product_discovery,P028,success,mobile_app,,
C0010,2026-08-14 15:18:00,product_view,P028,success,mobile_app,,
C0011,2026-08-03 09:38:00,product_discovery,P004,success,website,,
C0011,2026-08-03 09:40:00,product_view,P004,success,website,,
C0011,2026-08-03 09:47:00,cart_add,P004,success,website,,
C0012,2026-08-11 23:37:00,product_discovery,P034,success,mobile_app,,
C0012,2026-08-11 23:42:00,product_view,P034,success,mobile_app,,
C0012,2026-08-11 23:43:00,cart_add,P034,success,mobile_app,,
C0012,2026-08-11 23:45:00,checkout_start,P034,success,mobile_app,,
C0012,2026-08-11 23:50:00,payment_attempt,P034,success,mobile_app,TXNC00126573,
C0012,2026-08-11 23:51:00,payment_success,P034,success,mobile_app,TXNC00126573,
C0012,2026-08-11 23:52:00,order_confirmation,P034,success,mobile_app,TXNC00126573,ORDC00125315
C0012,2026-08-14 01:52:00,delivery,P034,success,mobile_app,,ORDC00125315
C0012,2026-08-25 01:52:00,review,P034,success,mobile_app,,ORDC00125315
C0013,2026-08-12 21:15:00,product_discovery,P039,success,website,,
C0013,2026-08-12 21:17:00,product_view,P039,success,website,,
C0014,2026-08-19 01:14:00,product_discovery,P034,success,website,,
C0014,2026-08-19 01:19:00,product_view,P034,success,website,,
C0015,2026-08-09 14:14:00,product_discovery,P020,success,website,,
C0015,2026-08-09 14:15:00,product_view,P020,success,website,,
C0015,2026-08-09 14:25:00,cart_add,P020,success,website,,
C0015,2026-08-09 14:27:00,checkout_start,P020,success,website,,
C0015,2026-08-09 14:29:00,payment_attempt,P020,success,website,TXNC00159727,
C0015,2026-08-09 14:31:00,payment_success,P020,success,website,TXNC00159727,
C0015,2026-08-09 14:33:00,order_confirmation,P020,success,website,TXNC00159727,ORDC00153705
C0015,2026-08-15 17:33:00,delivery,P020,success,website,,ORDC00153705
C0015,2026-08-24 17:33:00,review,P020,success,website,,ORDC00153705
C0016,2026-08-18 12:28:00,product_discovery,P013,success,mobile_app,,
C0016,2026-08-18 12:32:00,product_view,P013,success,mobile_app,,
C0017,2026-08-13 02:39:00,product_discovery,P029,success,website,,
C0017,2026-08-13 02:41:00,product_view,P029,success,website,,
C0018,2026-08-13 22:30:00,product_discovery,P015,success,website,,
C0019,2026-08-15 16:39:00,product_discovery,P004,success,website,,
C0019,2026-08-15 16:40:00,product_view,P004,success,website,,
C0020,2026-08-06 17:58:00,product_discovery,P018,success,mobile_app,,
C0020,2026-08-06 18:00:00,product_view,P018,success,mobile_app,,
C0021,2026-08-06 20:42:00,product_discovery,P031,success,mobile_app,,
C0022,2026-08-16 07:53:00,product_discovery,P028,success,mobile_app,,
C0022,2026-08-16 07:57:00,product_view,P028,success,mobile_app,,
C0022,2026-08-16 07:58:00,cart_add,P028,success,mobile_app,,
C0023,2026-08-10 11:53:00,product_discovery,P022,success,website,,
C0023,2026-08-10 11:55:00,product_view,P022,success,website,,
C0024,2026-08-10 22:24:00,product_discovery,P012,success,mobile_app,,
C0024,2026-08-10 22:28:00,product_view,P012,success,mobile_app,,
C0025,2026-08-20 22:24:00,product_discovery,P036,success,website,,
C0025,2026-08-20 22:25:00,product_view,P036,success,website,,
C0025,2026-08-20 22:34:00,cart_add,P036,success,website,,
C0025,2026-08-20 22:36:00,checkout_start,P036,success,website,,
C0025,2026-08-20 22:40:00,payment_attempt,P036,success,website,TXNC00258956,
C0025,2026-08-20 22:44:00,payment_success,P036,success,website,TXNC00258956,
C0025,2026-08-20 22:46:00,order_confirmation,P036,success,website,TXNC00258956,ORDC00253697
C0026,2026-08-10 05:13:00,product_discovery,P017,success,mobile_app,,
C0026,2026-08-10 05:16:00,product_view,P017,success,mobile_app,,
C0026,2026-08-10 05:25:00,cart_add,P017,success,mobile_app,,
C0027,2026-08-08 02:02:00,product_discovery,P014,success,website,,
C0027,2026-08-08 02:07:00,product_view,P014,success,website,,
C0027,2026-08-08 02:08:00,cart_add,P014,success,website,,
C0028,2026-08-12 04:23:00,product_discovery,P033,success,website,,
C0028,2026-08-12 04:24:00,product_view,P033,success,website,,
C0028,2026-08-12 04:26:00,cart_add,P033,success,website,,
C0028,2026-08-12 04:28:00,checkout_start,P033,success,website,,
C0028,2026-08-12 04:32:00,payment_attempt,P033,success,website,TXNC00285033,
C0028,2026-08-12 04:37:00,payment_success,P033,success,website,TXNC00285033,
C0028,2026-08-12 04:40:00,order_confirmation,P033,success,website,TXNC00285033,ORDC00289565
C0028,2026-08-15 07:40:00,delivery,P033,success,website,,ORDC00289565
C0028,2026-08-20 07:40:00,review,P033,success,website,,ORDC00289565
C0029,2026-08-10 08:09:00,product_discovery,P009,success,mobile_app,,
C0029,2026-08-10 08:13:00,product_view,P009,success,mobile_app,,
C0030,2026-08-15 11:14:00,product_discovery,P037,success,website,,
C0030,2026-08-15 11:15:00,product_view,P037,success,website,,
C0031,2026-08-09 06:36:00,product_discovery,P005,success,website,,
C0031,2026-08-09 06:39:00,product_view,P005,success,website,,
C0031,2026-08-09 06:47:00,cart_add,P005,success,website,,
C0032,2026-08-19 16:47:00,product_discovery,P034,success,website,,
C0032,2026-08-19 16:52:00,product_view,P034,success,website,,
C0032,2026-08-19 16:54:00,cart_add,P034,success,website,,
C0033,2026-08-03 18:27:00,product_discovery,P036,success,website,,
C0033,2026-08-03 18:30:00,product_view,P036,success,website,,
C0033,2026-08-03 18:34:00,cart_add,P036,success,website,,
C0033,2026-08-03 18:38:00,checkout_start,P036,success,website,,
C0033,2026-08-03 18:43:00,payment_attempt,P036,success,website,TXNC00335114,
C0033,2026-08-03 18:44:00,payment_success,P036,success,website,TXNC00335114,
C0033,2026-08-03 18:46:00,order_confirmation,P036,success,website,TXNC00335114,ORDC00331722
C0033,2026-08-06 19:46:00,delivery,P036,success,website,,ORDC00331722
C0033,2026-08-18 19:46:00,review,P036,success,website,,ORDC00331722
C0034,2026-08-11 09:18:00,product_discovery,P036,success,mobile_app,,
C0035,2026-08-03 01:05:00,product_discovery,P010,success,website,,
C0035,2026-08-03 01:08:00,product_view,P010,success,website,,
C0036,2026-08-02 06:50:00,product_discovery,P020,success,mobile_app,,
C0036,2026-08-02 06:51:00,product_view,P020,success,mobile_app,,
C0036,2026-08-02 06:55:00,cart_add,P020,success,mobile_app,,
C0037,2026-08-19 02:02:00,product_discovery,P036,success,mobile_app,,
C0037,2026-08-19 02:07:00,product_view,P036,success,mobile_app,,
C0037,2026-08-19 02:11:00,cart_add,P036,success,mobile_app,,
C0037,2026-08-19 02:24:00,checkout_start,P036,success,mobile_app,,
C0038,2026-08-18 02:15:00,product_discovery,P022,success,mobile_app,,
C0038,2026-08-18 02:17:00,product_view,P022,success,mobile_app,,
C0039,2026-08-02 05:08:00,product_discovery,P031,success,website,,
C0039,2026-08-02 05:10:00,product_view,P031,success,website,,
C0040,2026-08-20 00:07:00,product_discovery,P015,success,website,,
C0040,2026-08-20 00:08:00,product_view,P015,success,website,,
C0041,2026-08-21 00:03:00,product_discovery,P005,success,mobile_app,,
C0041,2026-08-21 00:06:00,product_view,P005,success,mobile_app,,
C0041,2026-08-21 00:13:00,cart_add,P005,success,mobile_app,,
C0041,2026-08-21 00:27:00,checkout_start,P005,success,mobile_app,,
C0041,2026-08-21 00:28:00,payment_attempt,P005,success,mobile_app,TXNC00415279,
C0041,2026-08-21 00:30:00,payment_success,P005,success,mobile_app,TXNC00415279,
C0041,2026-08-21 00:32:00,order_confirmation,P005,success,mobile_app,TXNC00415279,ORDC00418119
C0041,2026-08-25 03:32:00,delivery,P005,success,mobile_app,,ORDC00418119
C0042,2026-08-03 23:09:00,product_discovery,P025,success,website,,
C0043,2026-08-11 06:08:00,product_discovery,P001,success,website,,
C0043,2026-08-11 06:11:00,product_view,P001,success,website,,
C0043,2026-08-11 06:17:00,cart_add,P001,success,website,,
C0043,2026-08-11 06:28:00,checkout_start,P001,success,website,,
C0043,2026-08-11 06:33:00,payment_attempt,P001,success,website,TXNC00437691,
C0043,2026-08-11 06:36:00,payment_success,P001,success,website,TXNC00437691,
C0043,2026-08-11 06:38:00,order_confirmation,P001,success,website,TXNC00437691,ORDC00434143
C0043,2026-08-16 10:38:00,delivery,P001,success,website,,ORDC00434143
C0044,2026-08-15 08:09:00,product_discovery,P037,success,mobile_app,,
C0044,2026-08-15 08:13:00,product_view,P037,success,mobile_app,,
C0045,2026-08-06 02:47:00,product_discovery,P028,success,mobile_app,,
C0045,2026-08-06 02:51:00,product_view,P028,success,mobile_app,,
C0046,2026-08-19 09:29:00,product_discovery,P011,success,website,,
C0046,2026-08-19 09:32:00,product_view,P011,success,website,,
C0047,2026-08-19 22:58:00,product_discovery,P016,success,mobile_app,,
C0047,2026-08-19 23:00:00,product_view,P016,success,mobile_app,,
C0048,2026-08-06 21:43:00,product_discovery,P031,success,website,,
C0048,2026-08-06 21:47:00,product_view,P031,success,website,,
C0049,2026-08-17 04:18:00,product_discovery,P025,success,mobile_app,,
C0049,2026-08-17 04:22:00,product_view,P025,success,mobile_app,,
C0049,2026-08-17 04:23:00,cart_add,P025,success,mobile_app,,
C0049,2026-08-17 04:37:00,checkout_start,P025,success,mobile_app,,
C0049,2026-08-17 04:39:00,payment_attempt,P025,success,mobile_app,TXNC00494585,
C0049,2026-08-17 04:41:00,payment_success,P025,success,mobile_app,TXNC00494585,
C0049,2026-08-17 04:44:00,order_confirmation,P025,success,mobile_app,TXNC00494585,ORDC00491822
C0049,2026-08-19 06:44:00,delivery,P025,success,mobile_app,,ORDC00491822
C0050,2026-08-16 12:35:00,product_discovery,P034,success,mobile_app,,
C0050,2026-08-16 12:39:00,product_view,P034,success,mobile_app,,
C0051,2026-08-13 19:12:00,product_discovery,P029,success,website,,
C0051,2026-08-13 19:16:00,product_view,P029,success,website,,
C0051,2026-08-13 19:20:00,cart_add,P029,success,website,,
C0051,2026-08-13 19:25:00,checkout_start,P029,success,website,,
C0051,2026-08-13 19:33:00,payment_attempt,P029,success,website,TXNC00515499,
C0051,2026-08-13 19:37:00,payment_failure,P029,failed,website,TXNC00515499,
C0052,2026-08-07 20:02:00,product_discovery,P016,success,mobile_app,,
C0052,2026-08-07 20:05:00,product_view,P016,success,mobile_app,,
C0053,2026-08-04 18:22:00,product_discovery,P015,success,mobile_app,,
C0053,2026-08-04 18:24:00,product_view,P015,success,mobile_app,,
C0054,2026-08-08 20:42:00,product_discovery,P035,success,mobile_app,,
C0055,2026-08-20 06:52:00,product_discovery,P027,success,mobile_app,,
C0055,2026-08-20 06:57:00,product_view,P027,success,mobile_app,,
C0055,2026-08-20 06:58:00,cart_add,P027,success,mobile_app,,
C0055,2026-08-20 07:11:00,checkout_start,P027,success,mobile_app,,
C0056,2026-08-09 08:06:00,product_discovery,P020,success,mobile_app,,
C0056,2026-08-09 08:10:00,product_view,P020,success,mobile_app,,
C0056,2026-08-09 08:19:00,cart_add,P020,success,mobile_app,,
C0057,2026-08-06 07:50:00,product_discovery,P018,success,mobile_app,,
C0058,2026-08-08 23:34:00,product_discovery,P026,success,website,,
C0058,2026-08-08 23:38:00,product_view,P026,success,website,,
C0059,2026-08-10 07:11:00,product_discovery,P038,success,website,,
C0059,2026-08-10 07:12:00,product_view,P038,success,website,,
C0059,2026-08-10 07:15:00,cart_add,P038,success,website,,
C0060,2026-08-09 23:02:00,product_discovery,P021,success,website,,
C0060,2026-08-09 23:06:00,product_view,P021,success,website,,
C0061,2026-08-20 06:20:00,product_discovery,P027,success,mobile_app,,
C0061,2026-08-20 06:21:00,product_view,P027,success,mobile_app,,
C0062,2026-08-09 07:07:00,product_discovery,P015,success,website,,
C0062,2026-08-09 07:08:00,product_view,P015,success,website,,
C0063,2026-08-01 19:07:00,product_discovery,P040,success,website,,
C0063,2026-08-01 19:09:00,product_view,P040,success,website,,
C0064,2026-08-06 07:02:00,product_discovery,P030,success,mobile_app,,
C0064,2026-08-06 07:05:00,product_view,P030,success,mobile_app,,
C0064,2026-08-06 07:15:00,cart_add,P030,success,mobile_app,,
C0065,2026-08-19 23:26:00,product_discovery,P011,success,mobile_app,,
C0065,2026-08-19 23:27:00,product_view,P011,success,mobile_app,,
C0066,2026-08-09 20:58:00,product_discovery,P026,success,website,,
C0066,2026-08-09 20:59:00,product_view,P026,success,website,,
C0067,2026-08-18 21:52:00,product_discovery,P020,success,website,,
C0067,2026-08-18 21:57:00,product_view,P020,success,website,,
C0068,2026-08-16 09:16:00,product_discovery,P024,success,website,,
C0068,2026-08-16 09:21:00,product_view,P024,success,website,,
C0068,2026-08-16 09:22:00,cart_add,P024,success,website,,
C0069,2026-08-11 04:45:00,product_discovery,P024,success,mobile_app,,
C0069,2026-08-11 04:47:00,product_view,P024,success,mobile_app,,
C0069,2026-08-11 04:56:00,cart_add,P024,success,mobile_app,,
C0069,2026-08-11 05:01:00,checkout_start,P024,success,mobile_app,,
C0069,2026-08-11 05:09:00,payment_attempt,P024,success,mobile_app,TXNC00695397,
C0069,2026-08-11 05:12:00,payment_success,P024,success,mobile_app,TXNC00695397,
C0069,2026-08-11 05:13:00,order_confirmation,P024,success,mobile_app,TXNC00695397,ORDC00698385
C0069,2026-08-17 07:13:00,delivery,P024,success,mobile_app,,ORDC00698385
C0070,2026-08-01 23:40:00,product_discovery,P032,success,mobile_app,,
C0070,2026-08-01 23:42:00,product_view,P032,success,mobile_app,,
C0070,2026-08-01 23:48:00,cart_add,P032,success,mobile_app,,
C0071,2026-08-14 21:34:00,product_discovery,P018,success,website,,
C0071,2026-08-14 21:39:00,product_view,P018,success,website,,
C0072,2026-08-10 13:57:00,product_discovery,P032,success,website,,
C0072,2026-08-10 14:01:00,product_view,P032,success,website,,
C0073,2026-08-01 17:25:00,product_discovery,P006,success,mobile_app,,
C0073,2026-08-01 17:27:00,product_view,P006,success,mobile_app,,
C0074,2026-08-14 13:36:00,product_discovery,P024,success,mobile_app,,
C0074,2026-08-14 13:41:00,product_view,P024,success,mobile_app,,
C0074,2026-08-14 13:48:00,cart_add,P024,success,mobile_app,,
C0075,2026-08-17 07:51:00,product_discovery,P030,success,mobile_app,,
C0075,2026-08-17 07:54:00,product_view,P030,success,mobile_app,,
C0075,2026-08-17 07:56:00,cart_add,P030,success,mobile_app,,
C0076,2026-08-13 12:39:00,product_discovery,P012,success,website,,
C0076,2026-08-13 12:41:00,product_view,P012,success,website,,
C0076,2026-08-13 12:46:00,cart_add,P012,success,website,,
C0076,2026-08-13 12:59:00,checkout_start,P012,success,website,,
C0076,2026-08-13 13:04:00,payment_attempt,P012,success,website,TXNC00764180,
C0076,2026-08-13 13:07:00,payment_success,P012,success,website,TXNC00764180,
C0076,2026-08-13 13:08:00,order_confirmation,P012,success,website,TXNC00764180,ORDC00769751
C0076,2026-08-15 15:08:00,delivery,P012,success,website,,ORDC00769751
C0077,2026-08-04 04:57:00,product_discovery,P032,success,website,,
C0077,2026-08-04 04:58:00,product_view,P032,success,website,,
C0078,2026-08-09 02:04:00,product_discovery,P012,success,website,,
C0078,2026-08-09 02:07:00,product_view,P012,success,website,,
C0079,2026-08-02 19:41:00,product_discovery,P026,success,mobile_app,,
C0079,2026-08-02 19:42:00,product_view,P026,success,mobile_app,,
C0080,2026-08-19 18:59:00,product_discovery,P037,success,mobile_app,,
C0080,2026-08-19 19:00:00,product_view,P037,success,mobile_app,,
C0081,2026-08-10 19:17:00,product_discovery,P039,success,website,,
C0081,2026-08-10 19:22:00,product_view,P039,success,website,,
C0082,2026-08-14 17:24:00,product_discovery,P028,success,mobile_app,,
C0082,2026-08-14 17:29:00,product_view,P028,success,mobile_app,,
C0082,2026-08-14 17:39:00,cart_add,P028,success,mobile_app,,
C0082,2026-08-14 17:41:00,checkout_start,P028,success,mobile_app,,
C0082,2026-08-14 17:45:00,payment_attempt,P028,success,mobile_app,TXNC00825335,
C0082,2026-08-14 17:46:00,payment_success,P028,success,mobile_app,TXNC00825335,
C0082,2026-08-14 17:47:00,order_confirmation,P028,success,mobile_app,TXNC00825335,ORDC00823564
C0082,2026-08-21 18:47:00,delivery,P028,success,mobile_app,,ORDC00823564
C0082,2026-08-25 18:47:00,review,P028,success,mobile_app,,ORDC00823564
C0083,2026-08-07 21:20:00,product_discovery,P019,success,mobile_app,,
C0083,2026-08-07 21:21:00,product_view,P019,success,mobile_app,,
C0083,2026-08-07 21:26:00,cart_add,P019,success,mobile_app,,
C0083,2026-08-07 21:37:00,checkout_start,P019,success,mobile_app,,
C0083,2026-08-07 21:41:00,payment_attempt,P019,success,mobile_app,TXNC00839922,
C0083,2026-08-07 21:43:00,payment_success,P019,success,mobile_app,TXNC00839922,
C0083,2026-08-07 21:45:00,order_confirmation,P019,success,mobile_app,TXNC00839922,ORDC00832169
C0083,2026-08-11 22:45:00,delivery,P019,success,mobile_app,,ORDC00832169
C0084,2026-08-07 21:37:00,product_discovery,P029,success,website,,
C0084,2026-08-07 21:41:00,product_view,P029,success,website,,
C0084,2026-08-07 21:48:00,cart_add,P029,success,website,,
C0084,2026-08-07 21:57:00,checkout_start,P029,success,website,,
C0085,2026-08-02 05:46:00,product_discovery,P028,success,mobile_app,,
C0085,2026-08-02 05:51:00,product_view,P028,success,mobile_app,,
C0086,2026-08-16 16:15:00,product_discovery,P037,success,website,,
C0086,2026-08-16 16:18:00,product_view,P037,success,website,,
C0087,2026-08-16 03:48:00,product_discovery,P029,success,mobile_app,,
C0087,2026-08-16 03:50:00,product_view,P029,success,mobile_app,,
C0087,2026-08-16 03:57:00,cart_add,P029,success,mobile_app,,
C0087,2026-08-16 04:05:00,checkout_start,P029,success,mobile_app,,
C0087,2026-08-16 04:13:00,payment_attempt,P029,success,mobile_app,TXNC00876460,
C0087,2026-08-16 04:16:00,payment_success,P029,success,mobile_app,TXNC00876460,
C0087,2026-08-16 04:17:00,order_confirmation,P029,success,mobile_app,TXNC00876460,ORDC00879117
C0087,2026-08-21 07:17:00,delivery,P029,success,mobile_app,,ORDC00879117
C0088,2026-08-11 16:23:00,product_discovery,P006,success,mobile_app,,
C0088,2026-08-11 16:26:00,product_view,P006,success,mobile_app,,
C0088,2026-08-11 16:33:00,cart_add,P006,success,mobile_app,,
C0088,2026-08-11 16:47:00,checkout_start,P006,success,mobile_app,,
C0088,2026-08-11 16:55:00,payment_attempt,P006,success,mobile_app,TXNC00884073,
C0088,2026-08-11 17:00:00,payment_success,P006,success,mobile_app,TXNC00884073,
C0088,2026-08-11 17:02:00,order_confirmation,P006,success,mobile_app,TXNC00884073,ORDC00881845
C0088,2026-08-14 19:02:00,delivery,P006,success,mobile_app,,ORDC00881845
C0089,2026-08-17 05:20:00,product_discovery,P032,success,website,,
C0089,2026-08-17 05:21:00,product_view,P032,success,website,,
C0089,2026-08-17 05:31:00,cart_add,P032,success,website,,
C0090,2026-08-13 20:49:00,product_discovery,P001,success,mobile_app,,
C0090,2026-08-13 20:50:00,product_view,P001,success,mobile_app,,
C0091,2026-08-04 00:09:00,product_discovery,P010,success,mobile_app,,
C0091,2026-08-04 00:12:00,product_view,P010,success,mobile_app,,
C0092,2026-08-12 07:30:00,product_discovery,P031,success,website,,
C0092,2026-08-12 07:34:00,product_view,P031,success,website,,
C0093,2026-08-14 23:20:00,product_discovery,P033,success,website,,
C0093,2026-08-14 23:21:00,product_view,P033,success,website,,
C0094,2026-08-19 06:11:00,product_discovery,P033,success,mobile_app,,
C0094,2026-08-19 06:12:00,product_view,P033,success,mobile_app,,
C0094,2026-08-19 06:17:00,cart_add,P033,success,mobile_app,,
C0094,2026-08-19 06:27:00,checkout_start,P033,success,mobile_app,,
C0094,2026-08-19 06:35:00,payment_attempt,P033,success,mobile_app,TXNC00948316,
C0094,2026-08-19 06:40:00,payment_success,P033,success,mobile_app,TXNC00948316,
C0094,2026-08-19 06:42:00,order_confirmation,P033,success,mobile_app,TXNC00948316,ORDC00949903
C0094,2026-08-23 10:42:00,delivery,P033,success,mobile_app,,ORDC00949903
C0095,2026-08-06 18:25:00,product_discovery,P037,success,mobile_app,,
C0095,2026-08-06 18:27:00,product_view,P037,success,mobile_app,,
C0096,2026-08-18 06:42:00,product_discovery,P031,success,mobile_app,,
C0096,2026-08-18 06:46:00,product_view,P031,success,mobile_app,,
C0097,2026-08-02 04:13:00,product_discovery,P009,success,mobile_app,,
C0097,2026-08-02 04:14:00,product_view,P009,success,mobile_app,,
C0098,2026-08-11 17:32:00,product_discovery,P001,success,website,,
C0098,2026-08-11 17:36:00,product_view,P001,success,website,,
C0099,2026-08-19 02:49:00,product_discovery,P017,success,mobile_app,,
C0099,2026-08-19 02:54:00,product_view,P017,success,mobile_app,,
C0099,2026-08-19 02:56:00,cart_add,P017,success,mobile_app,,
C0099,2026-08-19 03:10:00,checkout_start,P017,success,mobile_app,,
C0099,2026-08-19 03:17:00,payment_attempt,P017,success,mobile_app,TXNC00998994,
C0099,2026-08-19 03:22:00,payment_failure,P017,failed,mobile_app,TXNC00998994,
C0100,2026-08-02 21:22:00,product_discovery,P016,success,mobile_app,,
C0100,2026-08-02 21:24:00,product_view,P016,success,mobile_app,,
C0100,2026-08-02 21:31:00,cart_add,P016,success,mobile_app,,
C0100,2026-08-02 21:44:00,checkout_start,P016,success,mobile_app,,
C0100,2026-08-02 21:46:00,payment_attempt,P016,success,mobile_app,TXNC01005906,
C0100,2026-08-02 21:47:00,payment_failure,P016,failed,mobile_app,TXNC01005906,
C0101,2026-08-19 10:48:00,product_discovery,P004,success,mobile_app,,
C0101,2026-08-19 10:51:00,product_view,P004,success,mobile_app,,
C0102,2026-08-10 17:02:00,product_discovery,P037,success,website,,
C0102,2026-08-10 17:04:00,product_view,P037,success,website,,
C0102,2026-08-10 17:14:00,cart_add,P037,success,website,,
C0102,2026-08-10 17:24:00,checkout_start,P037,success,website,,
C0102,2026-08-10 17:32:00,payment_attempt,P037,success,website,TXNC01023344,
C0102,2026-08-10 17:34:00,payment_success,P037,success,website,TXNC01023344,
C0102,2026-08-10 17:36:00,order_confirmation,P037,success,website,TXNC01023344,ORDC01021153
C0102,2026-08-17 21:36:00,delivery,P037,success,website,,ORDC01021153
C0102,2026-08-23 21:36:00,review,P037,success,website,,ORDC01021153
C0103,2026-08-14 16:53:00,product_discovery,P020,success,mobile_app,,
C0103,2026-08-14 16:56:00,product_view,P020,success,mobile_app,,
C0104,2026-08-10 02:05:00,product_discovery,P031,success,website,,
C0104,2026-08-10 02:07:00,product_view,P031,success,website,,
C0105,2026-08-17 05:53:00,product_discovery,P019,success,website,,
C0105,2026-08-17 05:57:00,product_view,P019,success,website,,
C0105,2026-08-17 06:07:00,cart_add,P019,success,website,,
C0105,2026-08-17 06:20:00,checkout_start,P019,success,website,,
C0105,2026-08-17 06:21:00,payment_attempt,P019,success,website,TXNC01059138,
C0105,2026-08-17 06:24:00,payment_success,P019,success,website,TXNC01059138,
C0105,2026-08-17 06:25:00,order_confirmation,P019,success,website,TXNC01059138,ORDC01056772
C0105,2026-08-23 08:25:00,delivery,P019,success,website,,ORDC01056772
C0106,2026-08-18 19:08:00,product_discovery,P009,success,website,,
C0106,2026-08-18 19:09:00,product_view,P009,success,website,,
C0107,2026-08-09 15:15:00,product_discovery,P009,success,website,,
C0107,2026-08-09 15:18:00,product_view,P009,success,website,,
C0108,2026-08-04 08:10:00,product_discovery,P035,success,mobile_app,,
C0108,2026-08-04 08:15:00,product_view,P035,success,mobile_app,,
C0108,2026-08-04 08:20:00,cart_add,P035,success,mobile_app,,
C0108,2026-08-04 08:25:00,checkout_start,P035,success,mobile_app,,
C0108,2026-08-04 08:33:00,payment_attempt,P035,success,mobile_app,TXNC01085835,
C0108,2026-08-04 08:36:00,payment_success,P035,success,mobile_app,TXNC01085835,
C0108,2026-08-04 08:38:00,order_confirmation,P035,success,mobile_app,TXNC01085835,ORDC01083306
C0108,2026-08-11 10:38:00,delivery,P035,success,mobile_app,,ORDC01083306
C0109,2026-08-20 13:53:00,product_discovery,P036,success,mobile_app,,
C0109,2026-08-20 13:54:00,product_view,P036,success,mobile_app,,
C0110,2026-08-04 03:29:00,product_discovery,P030,success,mobile_app,,
C0110,2026-08-04 03:32:00,product_view,P030,success,mobile_app,,
C0111,2026-08-06 15:41:00,product_discovery,P031,success,website,,
C0111,2026-08-06 15:46:00,product_view,P031,success,website,,
C0112,2026-08-15 05:11:00,product_discovery,P015,success,website,,
C0112,2026-08-15 05:15:00,product_view,P015,success,website,,
C0112,2026-08-15 05:20:00,cart_add,P015,success,website,,
C0113,2026-08-02 04:19:00,product_discovery,P020,success,mobile_app,,
C0114,2026-08-13 13:34:00,product_discovery,P009,success,mobile_app,,
C0114,2026-08-13 13:38:00,product_view,P009,success,mobile_app,,
C0115,2026-08-18 05:22:00,product_discovery,P010,success,mobile_app,,
C0115,2026-08-18 05:23:00,product_view,P010,success,mobile_app,,
C0116,2026-08-07 16:46:00,product_discovery,P003,success,mobile_app,,
C0116,2026-08-07 16:48:00,product_view,P003,success,mobile_app,,
C0116,2026-08-07 16:52:00,cart_add,P003,success,mobile_app,,
C0116,2026-08-07 16:54:00,checkout_start,P003,success,mobile_app,,
C0116,2026-08-07 17:00:00,payment_attempt,P003,success,mobile_app,TXNC01166876,
C0116,2026-08-07 17:01:00,payment_success,P003,success,mobile_app,TXNC01166876,
C0116,2026-08-07 17:02:00,order_confirmation,P003,success,mobile_app,TXNC01166876,ORDC01168450
C0116,2026-08-14 18:02:00,delivery,P003,success,mobile_app,,ORDC01168450
C0117,2026-08-02 11:37:00,product_discovery,P022,success,website,,
C0117,2026-08-02 11:39:00,product_view,P022,success,website,,
C0118,2026-08-18 17:52:00,product_discovery,P036,success,website,,
C0118,2026-08-18 17:57:00,product_view,P036,success,website,,
C0119,2026-08-04 16:35:00,product_discovery,P039,success,website,,
C0119,2026-08-04 16:38:00,product_view,P039,success,website,,
C0119,2026-08-04 16:41:00,cart_add,P039,success,website,,
C0120,2026-08-05 07:17:00,product_discovery,P008,success,website,,
C0121,2026-08-19 07:26:00,product_discovery,P016,success,mobile_app,,
C0121,2026-08-19 07:27:00,product_view,P016,success,mobile_app,,
C0122,2026-08-10 21:54:00,product_discovery,P034,success,website,,
C0122,2026-08-10 21:55:00,product_view,P034,success,website,,
C0123,2026-08-03 19:33:00,product_discovery,P029,success,website,,
C0124,2026-08-19 03:44:00,product_discovery,P034,success,mobile_app,,
C0124,2026-08-19 03:48:00,product_view,P034,success,mobile_app,,
C0125,2026-08-12 05:35:00,product_discovery,P026,success,mobile_app,,
C0125,2026-08-12 05:36:00,product_view,P026,success,mobile_app,,
C0126,2026-08-03 04:07:00,product_discovery,P021,success,website,,
C0126,2026-08-03 04:08:00,product_view,P021,success,website,,
C0126,2026-08-03 04:18:00,cart_add,P021,success,website,,
C0126,2026-08-03 04:27:00,checkout_start,P021,success,website,,
C0126,2026-08-03 04:34:00,payment_attempt,P021,success,website,TXNC01269692,
C0126,2026-08-03 04:37:00,payment_success,P021,success,website,TXNC01269692,
C0126,2026-08-03 04:40:00,order_confirmation,P021,success,website,TXNC01269692,ORDC01262874
C0126,2026-08-06 06:40:00,delivery,P021,success,website,,ORDC01262874
C0127,2026-08-10 09:45:00,product_discovery,P027,success,website,,
C0127,2026-08-10 09:48:00,product_view,P027,success,website,,
C0128,2026-08-04 19:21:00,product_discovery,P031,success,website,,
C0128,2026-08-04 19:22:00,product_view,P031,success,website,,
C0129,2026-08-18 06:38:00,product_discovery,P024,success,website,,
C0130,2026-08-14 02:42:00,product_discovery,P036,success,mobile_app,,
C0130,2026-08-14 02:43:00,product_view,P036,success,mobile_app,,
C0130,2026-08-14 02:50:00,cart_add,P036,success,mobile_app,,
C0131,2026-08-07 21:05:00,product_discovery,P039,success,mobile_app,,
C0131,2026-08-07 21:08:00,product_view,P039,success,mobile_app,,
C0132,2026-08-16 06:39:00,product_discovery,P031,success,website,,
C0132,2026-08-16 06:40:00,product_view,P031,success,website,,
C0133,2026-08-18 16:29:00,product_discovery,P018,success,website,,
C0133,2026-08-18 16:33:00,product_view,P018,success,website,,
C0133,2026-08-18 16:43:00,cart_add,P018,success,website,,
C0133,2026-08-18 16:54:00,checkout_start,P018,success,website,,
C0134,2026-08-07 13:14:00,product_discovery,P020,success,mobile_app,,
C0135,2026-08-21 03:03:00,product_discovery,P010,success,mobile_app,,
C0135,2026-08-21 03:04:00,product_view,P010,success,mobile_app,,
C0136,2026-08-13 09:42:00,product_discovery,P014,success,mobile_app,,
C0136,2026-08-13 09:46:00,product_view,P014,success,mobile_app,,
C0137,2026-08-17 18:05:00,product_discovery,P021,success,website,,
C0137,2026-08-17 18:06:00,product_view,P021,success,website,,
C0138,2026-08-03 04:33:00,product_discovery,P018,success,mobile_app,,
C0138,2026-08-03 04:37:00,product_view,P018,success,mobile_app,,
C0139,2026-08-06 05:43:00,product_discovery,P033,success,website,,
C0139,2026-08-06 05:46:00,product_view,P033,success,website,,
C0139,2026-08-06 05:51:00,cart_add,P033,success,website,,
C0140,2026-08-16 12:20:00,product_discovery,P020,success,website,,
C0140,2026-08-16 12:22:00,product_view,P020,success,website,,
C0141,2026-08-05 23:38:00,product_discovery,P020,success,website,,
C0141,2026-08-05 23:40:00,product_view,P020,success,website,,
C0142,2026-08-01 12:13:00,product_discovery,P032,success,mobile_app,,
C0142,2026-08-01 12:15:00,product_view,P032,success,mobile_app,,
C0142,2026-08-01 12:24:00,cart_add,P032,success,mobile_app,,
C0142,2026-08-01 12:33:00,checkout_start,P032,success,mobile_app,,
C0143,2026-08-20 22:38:00,product_discovery,P003,success,mobile_app,,
C0143,2026-08-20 22:39:00,product_view,P003,success,mobile_app,,
C0143,2026-08-20 22:41:00,cart_add,P003,success,mobile_app,,
C0144,2026-08-10 12:52:00,product_discovery,P027,success,mobile_app,,
C0144,2026-08-10 12:53:00,product_view,P027,success,mobile_app,,
C0145,2026-08-15 09:34:00,product_discovery,P030,success,mobile_app,,
C0145,2026-08-15 09:35:00,product_view,P030,success,mobile_app,,
C0146,2026-08-14 17:36:00,product_discovery,P026,success,website,,
C0146,2026-08-14 17:40:00,product_view,P026,success,website,,
C0147,2026-08-19 01:30:00,product_discovery,P011,success,website,,
C0147,2026-08-19 01:35:00,product_view,P011,success,website,,
C0148,2026-08-18 23:55:00,product_discovery,P023,success,mobile_app,,
C0148,2026-08-18 23:57:00,product_view,P023,success,mobile_app,,
C0149,2026-08-05 06:45:00,product_discovery,P039,success,website,,
C0149,2026-08-05 06:46:00,product_view,P039,success,website,,
C0150,2026-08-14 03:52:00,product_discovery,P038,success,mobile_app,,
C0150,2026-08-14 03:57:00,product_view,P038,success,mobile_app,,
C0151,2026-08-15 14:32:00,product_discovery,P021,success,website,,
C0152,2026-08-11 09:30:00,product_discovery,P020,success,mobile_app,,
C0153,2026-08-12 21:04:00,product_discovery,P005,success,mobile_app,,
C0153,2026-08-12 21:08:00,product_view,P005,success,mobile_app,,
C0154,2026-08-07 20:46:00,product_discovery,P005,success,website,,
C0154,2026-08-07 20:51:00,product_view,P005,success,website,,
C0155,2026-08-13 22:43:00,product_discovery,P003,success,mobile_app,,
C0155,2026-08-13 22:48:00,product_view,P003,success,mobile_app,,
C0155,2026-08-13 22:54:00,cart_add,P003,success,mobile_app,,
C0156,2026-08-02 17:47:00,product_discovery,P029,success,website,,
C0156,2026-08-02 17:50:00,product_view,P029,success,website,,
C0157,2026-08-05 06:14:00,product_discovery,P003,success,website,,
C0157,2026-08-05 06:18:00,product_view,P003,success,website,,
C0158,2026-08-04 22:41:00,product_discovery,P024,success,mobile_app,,
C0158,2026-08-04 22:44:00,product_view,P024,success,mobile_app,,
C0158,2026-08-04 22:50:00,cart_add,P024,success,mobile_app,,
C0158,2026-08-04 22:51:00,checkout_start,P024,success,mobile_app,,
C0159,2026-08-03 11:36:00,product_discovery,P036,success,mobile_app,,
C0159,2026-08-03 11:39:00,product_view,P036,success,mobile_app,,
C0159,2026-08-03 11:49:00,cart_add,P036,success,mobile_app,,
C0160,2026-08-16 10:25:00,product_discovery,P010,success,mobile_app,,
C0160,2026-08-16 10:28:00,product_view,P010,success,mobile_app,,
C0161,2026-08-17 11:07:00,product_discovery,P006,success,mobile_app,,
C0161,2026-08-17 11:12:00,product_view,P006,success,mobile_app,,
C0161,2026-08-17 11:18:00,cart_add,P006,success,mobile_app,,
C0161,2026-08-17 11:29:00,checkout_start,P006,success,mobile_app,,
C0161,2026-08-17 11:31:00,payment_attempt,P006,success,mobile_app,TXNC01617937,
C0161,2026-08-17 11:36:00,payment_success,P006,success,mobile_app,TXNC01617937,
C0161,2026-08-17 11:38:00,order_confirmation,P006,success,mobile_app,TXNC01617937,ORDC01614509
C0161,2026-08-22 14:38:00,delivery,P006,success,mobile_app,,ORDC01614509
C0162,2026-08-04 20:37:00,product_discovery,P005,success,mobile_app,,
C0162,2026-08-04 20:38:00,product_view,P005,success,mobile_app,,
C0162,2026-08-04 20:47:00,cart_add,P005,success,mobile_app,,
C0162,2026-08-04 21:02:00,checkout_start,P005,success,mobile_app,,
C0162,2026-08-04 21:08:00,payment_attempt,P005,success,mobile_app,TXNC01623147,
C0162,2026-08-04 21:13:00,payment_success,P005,success,mobile_app,TXNC01623147,
C0162,2026-08-04 21:14:00,order_confirmation,P005,success,mobile_app,TXNC01623147,ORDC01623712
C0163,2026-08-09 14:57:00,product_discovery,P016,success,mobile_app,,
C0163,2026-08-09 15:02:00,product_view,P016,success,mobile_app,,
C0164,2026-08-06 18:37:00,product_discovery,P020,success,mobile_app,,
C0164,2026-08-06 18:39:00,product_view,P020,success,mobile_app,,
C0164,2026-08-06 18:49:00,cart_add,P020,success,mobile_app,,
C0164,2026-08-06 18:57:00,checkout_start,P020,success,mobile_app,,
C0164,2026-08-06 19:04:00,payment_attempt,P020,success,mobile_app,TXNC01647859,
C0164,2026-08-06 19:06:00,payment_success,P020,success,mobile_app,TXNC01647859,
C0164,2026-08-06 19:09:00,order_confirmation,P020,success,mobile_app,TXNC01647859,ORDC01645096
C0164,2026-08-10 20:09:00,delivery,P020,success,mobile_app,,ORDC01645096
C0164,2026-08-24 20:09:00,review,P020,success,mobile_app,,ORDC01645096
C0165,2026-08-13 01:45:00,product_discovery,P008,success,mobile_app,,
C0165,2026-08-13 01:46:00,product_view,P008,success,mobile_app,,
C0166,2026-08-13 00:21:00,product_discovery,P010,success,mobile_app,,
C0166,2026-08-13 00:22:00,product_view,P010,success,mobile_app,,
C0166,2026-08-13 00:26:00,cart_add,P010,success,mobile_app,,
C0167,2026-08-01 22:33:00,product_discovery,P027,success,website,,
C0167,2026-08-01 22:37:00,product_view,P027,success,website,,
C0168,2026-08-03 04:34:00,product_discovery,P024,success,website,,
C0168,2026-08-03 04:35:00,product_view,P024,success,website,,
C0168,2026-08-03 04:37:00,cart_add,P024,success,website,,
C0169,2026-08-04 15:45:00,product_discovery,P009,success,website,,
C0169,2026-08-04 15:48:00,product_view,P009,success,website,,
C0169,2026-08-04 15:56:00,cart_add,P009,success,website,,
C0169,2026-08-04 15:59:00,checkout_start,P009,success,website,,
C0169,2026-08-04 16:07:00,payment_attempt,P009,success,website,TXNC01691086,
C0169,2026-08-04 16:08:00,payment_failure,P009,failed,website,TXNC01691086,
C0170,2026-08-06 05:46:00,product_discovery,P010,success,mobile_app,,
C0170,2026-08-06 05:47:00,product_view,P010,success,mobile_app,,
C0171,2026-08-02 10:04:00,product_discovery,P016,success,mobile_app,,
C0171,2026-08-02 10:09:00,product_view,P016,success,mobile_app,,
C0171,2026-08-02 10:11:00,cart_add,P016,success,mobile_app,,
C0171,2026-08-02 10:19:00,checkout_start,P016,success,mobile_app,,
C0171,2026-08-02 10:20:00,payment_attempt,P016,success,mobile_app,TXNC01714963,
C0171,2026-08-02 10:22:00,payment_success,P016,success,mobile_app,TXNC01714963,
C0171,2026-08-02 10:23:00,order_confirmation,P016,success,mobile_app,TXNC01714963,ORDC01714941
C0171,2026-08-09 14:23:00,delivery,P016,success,mobile_app,,ORDC01714941
C0171,2026-08-15 14:23:00,return,P016,success,mobile_app,,ORDC01714941
C0171,2026-08-18 14:23:00,review,P016,success,mobile_app,,ORDC01714941
C0172,2026-08-13 17:08:00,product_discovery,P033,success,website,,
C0172,2026-08-13 17:12:00,product_view,P033,success,website,,
C0172,2026-08-13 17:13:00,cart_add,P033,success,website,,
C0173,2026-08-01 16:52:00,product_discovery,P023,success,website,,
C0173,2026-08-01 16:55:00,product_view,P023,success,website,,
C0173,2026-08-01 16:57:00,cart_add,P023,success,website,,
C0173,2026-08-01 17:09:00,checkout_start,P023,success,website,,
C0174,2026-08-13 18:11:00,product_discovery,P022,success,website,,
C0174,2026-08-13 18:15:00,product_view,P022,success,website,,
C0174,2026-08-13 18:23:00,cart_add,P022,success,website,,
C0175,2026-08-17 15:03:00,product_discovery,P030,success,website,,
C0175,2026-08-17 15:06:00,product_view,P030,success,website,,
C0175,2026-08-17 15:10:00,cart_add,P030,success,website,,
C0175,2026-08-17 15:16:00,checkout_start,P030,success,website,,
C0175,2026-08-17 15:23:00,payment_attempt,P030,success,website,TXNC01759897,
C0175,2026-08-17 15:27:00,payment_success,P030,success,website,TXNC01759897,
C0175,2026-08-17 15:30:00,order_confirmation,P030,success,website,TXNC01759897,ORDC01756848
C0175,2026-08-21 16:30:00,delivery,P030,success,website,,ORDC01756848
C0176,2026-08-11 06:38:00,product_discovery,P026,success,mobile_app,,
C0176,2026-08-11 06:42:00,product_view,P026,success,mobile_app,,
C0177,2026-08-12 15:42:00,product_discovery,P024,success,mobile_app,,
C0177,2026-08-12 15:43:00,product_view,P024,success,mobile_app,,
C0178,2026-08-20 01:06:00,product_discovery,P012,success,mobile_app,,
C0178,2026-08-20 01:09:00,product_view,P012,success,mobile_app,,
C0178,2026-08-20 01:15:00,cart_add,P012,success,mobile_app,,
C0179,2026-08-17 15:56:00,product_discovery,P028,success,website,,
C0179,2026-08-17 16:00:00,product_view,P028,success,website,,
C0179,2026-08-17 16:01:00,cart_add,P028,success,website,,
C0180,2026-08-11 05:32:00,product_discovery,P018,success,website,,
C0180,2026-08-11 05:33:00,product_view,P018,success,website,,
C0181,2026-08-19 13:30:00,product_discovery,P011,success,website,,
C0181,2026-08-19 13:32:00,product_view,P011,success,website,,
C0182,2026-08-02 20:43:00,product_discovery,P016,success,mobile_app,,
C0182,2026-08-02 20:46:00,product_view,P016,success,mobile_app,,
C0183,2026-08-04 19:47:00,product_discovery,P029,success,mobile_app,,
C0183,2026-08-04 19:50:00,product_view,P029,success,mobile_app,,
C0184,2026-08-13 09:09:00,product_discovery,P024,success,mobile_app,,
C0184,2026-08-13 09:12:00,product_view,P024,success,mobile_app,,
C0184,2026-08-13 09:16:00,cart_add,P024,success,mobile_app,,
C0184,2026-08-13 09:17:00,checkout_start,P024,success,mobile_app,,
C0184,2026-08-13 09:25:00,payment_attempt,P024,success,mobile_app,TXNC01842929,
C0184,2026-08-13 09:28:00,payment_success,P024,success,mobile_app,TXNC01842929,
C0184,2026-08-13 09:31:00,order_confirmation,P024,success,mobile_app,TXNC01842929,ORDC01845678
C0184,2026-08-16 13:31:00,delivery,P024,success,mobile_app,,ORDC01845678
C0185,2026-08-17 13:35:00,product_discovery,P029,success,website,,
C0185,2026-08-17 13:38:00,product_view,P029,success,website,,
C0186,2026-08-07 22:34:00,product_discovery,P020,success,website,,
C0186,2026-08-07 22:36:00,product_view,P020,success,website,,
C0187,2026-08-05 21:45:00,product_discovery,P009,success,website,,
C0188,2026-08-13 22:34:00,product_discovery,P037,success,mobile_app,,
C0188,2026-08-13 22:38:00,product_view,P037,success,mobile_app,,
C0189,2026-08-03 07:05:00,product_discovery,P005,success,mobile_app,,
C0189,2026-08-03 07:09:00,product_view,P005,success,mobile_app,,
C0190,2026-08-18 20:03:00,product_discovery,P027,success,website,,
C0190,2026-08-18 20:05:00,product_view,P027,success,website,,
C0191,2026-08-16 19:25:00,product_discovery,P034,success,mobile_app,,
C0191,2026-08-16 19:27:00,product_view,P034,success,mobile_app,,
C0191,2026-08-16 19:36:00,cart_add,P034,success,mobile_app,,
C0191,2026-08-16 19:39:00,checkout_start,P034,success,mobile_app,,
C0191,2026-08-16 19:42:00,payment_attempt,P034,success,mobile_app,TXNC01911907,
C0191,2026-08-16 19:43:00,payment_success,P034,success,mobile_app,TXNC01911907,
C0191,2026-08-16 19:45:00,order_confirmation,P034,success,mobile_app,TXNC01911907,ORDC01916286
C0191,2026-08-22 21:45:00,delivery,P034,success,mobile_app,,ORDC01916286
C0192,2026-08-07 00:51:00,product_discovery,P013,success,mobile_app,,
C0192,2026-08-07 00:53:00,product_view,P013,success,mobile_app,,
C0193,2026-08-12 18:28:00,product_discovery,P011,success,website,,
C0193,2026-08-12 18:30:00,product_view,P011,success,website,,
C0194,2026-08-14 03:48:00,product_discovery,P003,success,website,,
C0195,2026-08-15 22:19:00,product_discovery,P037,success,mobile_app,,
C0195,2026-08-15 22:21:00,product_view,P037,success,mobile_app,,
C0195,2026-08-15 22:28:00,cart_add,P037,success,mobile_app,,
C0196,2026-08-15 14:30:00,product_discovery,P035,success,mobile_app,,
C0196,2026-08-15 14:33:00,product_view,P035,success,mobile_app,,
C0197,2026-08-02 23:51:00,product_discovery,P004,success,website,,
C0197,2026-08-02 23:55:00,product_view,P004,success,website,,
C0198,2026-08-15 03:19:00,product_discovery,P010,success,mobile_app,,
C0198,2026-08-15 03:22:00,product_view,P010,success,mobile_app,,
C0198,2026-08-15 03:28:00,cart_add,P010,success,mobile_app,,
C0198,2026-08-15 03:31:00,checkout_start,P010,success,mobile_app,,
C0198,2026-08-15 03:33:00,payment_attempt,P010,success,mobile_app,TXNC01988642,
C0198,2026-08-15 03:34:00,payment_success,P010,success,mobile_app,TXNC01988642,
C0198,2026-08-15 03:35:00,order_confirmation,P010,success,mobile_app,TXNC01988642,ORDC01981829
C0198,2026-08-21 06:35:00,delivery,P010,success,mobile_app,,ORDC01981829
C0199,2026-08-04 23:13:00,product_discovery,P021,success,mobile_app,,
C0199,2026-08-04 23:15:00,product_view,P021,success,mobile_app,,
C0199,2026-08-04 23:23:00,cart_add,P021,success,mobile_app,,
C0200,2026-08-08 08:30:00,product_discovery,P032,success,website,,
C0200,2026-08-08 08:31:00,product_view,P032,success,website,,
C0201,2026-08-06 19:28:00,product_discovery,P014,success,mobile_app,,
C0202,2026-08-12 14:16:00,product_discovery,P039,success,mobile_app,,
C0202,2026-08-12 14:19:00,product_view,P039,success,mobile_app,,
C0203,2026-08-07 08:26:00,product_discovery,P024,success,mobile_app,,
C0204,2026-08-02 11:56:00,product_discovery,P037,success,website,,
C0204,2026-08-02 11:59:00,product_view,P037,success,website,,
C0205,2026-08-11 13:57:00,product_discovery,P036,success,mobile_app,,
C0205,2026-08-11 14:02:00,product_view,P036,success,mobile_app,,
C0206,2026-08-03 12:48:00,product_discovery,P026,success,mobile_app,,
C0206,2026-08-03 12:51:00,product_view,P026,success,mobile_app,,
C0206,2026-08-03 12:57:00,cart_add,P026,success,mobile_app,,
C0206,2026-08-03 13:01:00,checkout_start,P026,success,mobile_app,,
C0206,2026-08-03 13:08:00,payment_attempt,P026,success,mobile_app,TXNC02061742,
C0206,2026-08-03 13:09:00,payment_success,P026,success,mobile_app,TXNC02061742,
C0206,2026-08-03 13:11:00,order_confirmation,P026,success,mobile_app,TXNC02061742,ORDC02069508
C0206,2026-08-09 17:11:00,delivery,P026,success,mobile_app,,ORDC02069508
C0207,2026-08-08 13:57:00,product_discovery,P011,success,mobile_app,,
C0207,2026-08-08 14:02:00,product_view,P011,success,mobile_app,,
C0207,2026-08-08 14:07:00,cart_add,P011,success,mobile_app,,
C0207,2026-08-08 14:16:00,checkout_start,P011,success,mobile_app,,
C0207,2026-08-08 14:24:00,payment_attempt,P011,success,mobile_app,TXNC02075911,
C0207,2026-08-08 14:28:00,payment_success,P011,success,mobile_app,TXNC02075911,
C0207,2026-08-08 14:30:00,order_confirmation,P011,success,mobile_app,TXNC02075911,ORDC02072795
C0207,2026-08-15 18:30:00,delivery,P011,success,mobile_app,,ORDC02072795
C0208,2026-08-14 21:59:00,product_discovery,P031,success,mobile_app,,
C0208,2026-08-14 22:04:00,product_view,P031,success,mobile_app,,
C0208,2026-08-14 22:05:00,cart_add,P031,success,mobile_app,,
C0208,2026-08-14 22:08:00,checkout_start,P031,success,mobile_app,,
C0208,2026-08-14 22:15:00,payment_attempt,P031,success,mobile_app,TXNC02084968,
C0208,2026-08-14 22:16:00,payment_success,P031,success,mobile_app,TXNC02084968,
C0208,2026-08-14 22:19:00,order_confirmation,P031,success,mobile_app,TXNC02084968,ORDC02081310
C0208,2026-08-18 02:19:00,delivery,P031,success,mobile_app,,ORDC02081310
C0208,2026-08-27 02:19:00,review,P031,success,mobile_app,,ORDC02081310
C0209,2026-08-18 23:14:00,product_discovery,P040,success,mobile_app,,
C0209,2026-08-18 23:15:00,product_view,P040,success,mobile_app,,
C0210,2026-08-08 17:31:00,product_discovery,P031,success,mobile_app,,
C0210,2026-08-08 17:34:00,product_view,P031,success,mobile_app,,
C0210,2026-08-08 17:42:00,cart_add,P031,success,mobile_app,,
C0210,2026-08-08 17:48:00,checkout_start,P031,success,mobile_app,,
C0210,2026-08-08 17:53:00,payment_attempt,P031,success,mobile_app,TXNC02104150,
C0210,2026-08-08 17:55:00,payment_success,P031,success,mobile_app,TXNC02104150,
C0210,2026-08-08 17:57:00,order_confirmation,P031,success,mobile_app,TXNC02104150,ORDC02105876
C0210,2026-08-15 20:57:00,delivery,P031,success,mobile_app,,ORDC02105876
C0210,2026-08-21 20:57:00,review,P031,success,mobile_app,,ORDC02105876
C0211,2026-08-14 02:06:00,product_discovery,P018,success,mobile_app,,
C0211,2026-08-14 02:07:00,product_view,P018,success,mobile_app,,
C0212,2026-08-10 07:28:00,product_discovery,P023,success,website,,
C0213,2026-08-17 14:00:00,product_discovery,P006,success,mobile_app,,
C0213,2026-08-17 14:04:00,product_view,P006,success,mobile_app,,
C0214,2026-08-20 04:10:00,product_discovery,P035,success,mobile_app,,
C0214,2026-08-20 04:15:00,product_view,P035,success,mobile_app,,
C0215,2026-08-18 04:37:00,product_discovery,P038,success,website,,
C0216,2026-08-13 10:01:00,product_discovery,P015,success,website,,
C0216,2026-08-13 10:02:00,product_view,P015,success,website,,
C0216,2026-08-13 10:08:00,cart_add,P015,success,website,,
C0216,2026-08-13 10:10:00,checkout_start,P015,success,website,,
C0217,2026-08-13 20:33:00,product_discovery,P011,success,mobile_app,,
C0217,2026-08-13 20:37:00,product_view,P011,success,mobile_app,,
C0217,2026-08-13 20:41:00,cart_add,P011,success,mobile_app,,
C0218,2026-08-16 00:44:00,product_discovery,P004,success,website,,
C0218,2026-08-16 00:49:00,product_view,P004,success,website,,
C0218,2026-08-16 00:50:00,cart_add,P004,success,website,,
C0219,2026-08-20 09:26:00,product_discovery,P012,success,website,,
C0219,2026-08-20 09:30:00,product_view,P012,success,website,,
C0219,2026-08-20 09:33:00,cart_add,P012,success,website,,
C0219,2026-08-20 09:47:00,checkout_start,P012,success,website,,
C0220,2026-08-14 06:10:00,product_discovery,P039,success,website,,
C0220,2026-08-14 06:13:00,product_view,P039,success,website,,
C0221,2026-08-04 09:17:00,product_discovery,P033,success,mobile_app,,
C0221,2026-08-04 09:20:00,product_view,P033,success,mobile_app,,
C0222,2026-08-17 23:17:00,product_discovery,P030,success,mobile_app,,
C0223,2026-08-09 00:06:00,product_discovery,P019,success,website,,
C0223,2026-08-09 00:08:00,product_view,P019,success,website,,
C0223,2026-08-09 00:15:00,cart_add,P019,success,website,,
C0224,2026-08-10 10:54:00,product_discovery,P007,success,website,,
C0224,2026-08-10 10:56:00,product_view,P007,success,website,,
C0225,2026-08-10 01:28:00,product_discovery,P016,success,mobile_app,,
C0225,2026-08-10 01:31:00,product_view,P016,success,mobile_app,,
C0225,2026-08-10 01:36:00,cart_add,P016,success,mobile_app,,
C0226,2026-08-16 04:59:00,product_discovery,P024,success,website,,
C0226,2026-08-16 05:00:00,product_view,P024,success,website,,
C0227,2026-08-10 13:24:00,product_discovery,P033,success,mobile_app,,
C0227,2026-08-10 13:25:00,product_view,P033,success,mobile_app,,
C0228,2026-08-06 08:36:00,product_discovery,P015,success,website,,
C0228,2026-08-06 08:40:00,product_view,P015,success,website,,
C0229,2026-08-17 07:21:00,product_discovery,P036,success,mobile_app,,
C0229,2026-08-17 07:26:00,product_view,P036,success,mobile_app,,
C0229,2026-08-17 07:30:00,cart_add,P036,success,mobile_app,,
C0229,2026-08-17 07:41:00,checkout_start,P036,success,mobile_app,,
C0229,2026-08-17 07:43:00,payment_attempt,P036,success,mobile_app,TXNC02299653,
C0229,2026-08-17 07:46:00,payment_failure,P036,failed,mobile_app,TXNC02299653,
C0230,2026-08-14 04:06:00,product_discovery,P008,success,website,,
C0230,2026-08-14 04:11:00,product_view,P008,success,website,,
C0231,2026-08-04 17:50:00,product_discovery,P011,success,mobile_app,,
C0231,2026-08-04 17:55:00,product_view,P011,success,mobile_app,,
C0231,2026-08-04 17:59:00,cart_add,P011,success,mobile_app,,
C0232,2026-08-12 22:43:00,product_discovery,P029,success,website,,
C0232,2026-08-12 22:47:00,product_view,P029,success,website,,
C0233,2026-08-02 15:31:00,product_discovery,P036,success,mobile_app,,
C0233,2026-08-02 15:34:00,product_view,P036,success,mobile_app,,
C0234,2026-08-01 09:38:00,product_discovery,P014,success,website,,
C0234,2026-08-01 09:39:00,product_view,P014,success,website,,
C0235,2026-08-02 16:54:00,product_discovery,P005,success,mobile_app,,
C0235,2026-08-02 16:55:00,product_view,P005,success,mobile_app,,
C0235,2026-08-02 16:58:00,cart_add,P005,success,mobile_app,,
C0235,2026-08-02 17:11:00,checkout_start,P005,success,mobile_app,,
C0235,2026-08-02 17:18:00,payment_attempt,P005,success,mobile_app,TXNC02357266,
C0235,2026-08-02 17:22:00,payment_success,P005,success,mobile_app,TXNC02357266,
C0235,2026-08-02 17:24:00,order_confirmation,P005,success,mobile_app,TXNC02357266,ORDC02359835
C0235,2026-08-06 19:24:00,delivery,P005,success,mobile_app,,ORDC02359835
C0235,2026-08-15 19:24:00,return,P005,success,mobile_app,,ORDC02359835
C0236,2026-08-04 05:32:00,product_discovery,P015,success,website,,
C0236,2026-08-04 05:33:00,product_view,P015,success,website,,
C0236,2026-08-04 05:41:00,cart_add,P015,success,website,,
C0237,2026-08-09 23:08:00,product_discovery,P015,success,website,,
C0237,2026-08-09 23:12:00,product_view,P015,success,website,,
C0238,2026-08-21 05:58:00,product_discovery,P008,success,website,,
C0238,2026-08-21 06:02:00,product_view,P008,success,website,,
C0239,2026-08-02 20:44:00,product_discovery,P007,success,website,,
C0239,2026-08-02 20:48:00,product_view,P007,success,website,,
C0240,2026-08-02 08:09:00,product_discovery,P026,success,mobile_app,,
C0240,2026-08-02 08:11:00,product_view,P026,success,mobile_app,,
C0241,2026-08-07 21:58:00,product_discovery,P015,success,mobile_app,,
C0241,2026-08-07 22:03:00,product_view,P015,success,mobile_app,,
C0242,2026-08-21 06:33:00,product_discovery,P010,success,website,,
C0242,2026-08-21 06:37:00,product_view,P010,success,website,,
C0243,2026-08-14 19:07:00,product_discovery,P012,success,mobile_app,,
C0243,2026-08-14 19:12:00,product_view,P012,success,mobile_app,,
C0243,2026-08-14 19:18:00,cart_add,P012,success,mobile_app,,
C0244,2026-08-13 06:25:00,product_discovery,P021,success,mobile_app,,
C0244,2026-08-13 06:29:00,product_view,P021,success,mobile_app,,
C0245,2026-08-13 13:46:00,product_discovery,P031,success,website,,
C0245,2026-08-13 13:48:00,product_view,P031,success,website,,
C0245,2026-08-13 13:51:00,cart_add,P031,success,website,,
C0246,2026-08-10 17:22:00,product_discovery,P027,success,website,,
C0246,2026-08-10 17:26:00,product_view,P027,success,website,,
C0247,2026-08-03 03:10:00,product_discovery,P029,success,mobile_app,,
C0247,2026-08-03 03:11:00,product_view,P029,success,mobile_app,,
C0248,2026-08-09 21:59:00,product_discovery,P039,success,website,,
C0248,2026-08-09 22:00:00,product_view,P039,success,website,,
C0248,2026-08-09 22:10:00,cart_add,P039,success,website,,
C0249,2026-08-06 02:04:00,product_discovery,P022,success,mobile_app,,
C0249,2026-08-06 02:05:00,product_view,P022,success,mobile_app,,
C0249,2026-08-06 02:09:00,cart_add,P022,success,mobile_app,,
C0249,2026-08-06 02:11:00,checkout_start,P022,success,mobile_app,,
C0249,2026-08-06 02:19:00,payment_attempt,P022,success,mobile_app,TXNC02494350,
C0249,2026-08-06 02:23:00,payment_success,P022,success,mobile_app,TXNC02494350,
C0249,2026-08-06 02:26:00,order_confirmation,P022,success,mobile_app,TXNC02494350,ORDC02495637
C0249,2026-08-13 06:26:00,delivery,P022,success,mobile_app,,ORDC02495637
C0249,2026-08-22 06:26:00,review,P022,success,mobile_app,,ORDC02495637
C0250,2026-08-12 15:34:00,product_discovery,P030,success,website,,
C0250,2026-08-12 15:38:00,product_view,P030,success,website,,
C0250,2026-08-12 15:44:00,cart_add,P030,success,website,,
C0251,2026-08-02 08:58:00,product_discovery,P037,success,website,,
C0252,2026-08-13 22:10:00,product_discovery,P038,success,mobile_app,,
C0252,2026-08-13 22:13:00,product_view,P038,success,mobile_app,,
C0253,2026-08-14 07:10:00,product_discovery,P016,success,mobile_app,,
C0253,2026-08-14 07:15:00,product_view,P016,success,mobile_app,,
C0254,2026-08-20 00:41:00,product_discovery,P032,success,mobile_app,,
C0254,2026-08-20 00:45:00,product_view,P032,success,mobile_app,,
C0255,2026-08-17 17:23:00,product_discovery,P035,success,mobile_app,,
C0255,2026-08-17 17:25:00,product_view,P035,success,mobile_app,,
C0255,2026-08-17 17:34:00,cart_add,P035,success,mobile_app,,
C0255,2026-08-17 17:35:00,checkout_start,P035,success,mobile_app,,
C0255,2026-08-17 17:37:00,payment_attempt,P035,success,mobile_app,TXNC02551794,
C0255,2026-08-17 17:38:00,payment_success,P035,success,mobile_app,TXNC02551794,
C0255,2026-08-17 17:41:00,order_confirmation,P035,success,mobile_app,TXNC02551794,ORDC02553474
C0255,2026-08-22 18:41:00,delivery,P035,success,mobile_app,,ORDC02553474
C0256,2026-08-16 12:08:00,product_discovery,P040,success,mobile_app,,
C0257,2026-08-13 10:39:00,product_discovery,P036,success,mobile_app,,
C0258,2026-08-17 18:24:00,product_discovery,P018,success,mobile_app,,
C0258,2026-08-17 18:25:00,product_view,P018,success,mobile_app,,
C0258,2026-08-17 18:32:00,cart_add,P018,success,mobile_app,,
C0259,2026-08-03 12:36:00,product_discovery,P034,success,website,,
C0259,2026-08-03 12:38:00,product_view,P034,success,website,,
C0260,2026-08-09 09:34:00,product_discovery,P018,success,mobile_app,,
C0260,2026-08-09 09:35:00,product_view,P018,success,mobile_app,,
C0261,2026-08-06 20:49:00,product_discovery,P015,success,mobile_app,,
C0261,2026-08-06 20:50:00,product_view,P015,success,mobile_app,,
C0262,2026-08-09 23:07:00,product_discovery,P025,success,mobile_app,,
C0262,2026-08-09 23:08:00,product_view,P025,success,mobile_app,,
C0263,2026-08-20 13:39:00,product_discovery,P028,success,mobile_app,,
C0263,2026-08-20 13:44:00,product_view,P028,success,mobile_app,,
C0263,2026-08-20 13:46:00,cart_add,P028,success,mobile_app,,
C0264,2026-08-06 03:27:00,product_discovery,P037,success,mobile_app,,
C0265,2026-08-03 00:36:00,product_discovery,P018,success,website,,
C0265,2026-08-03 00:38:00,product_view,P018,success,website,,
C0266,2026-08-06 01:08:00,product_discovery,P038,success,website,,
C0266,2026-08-06 01:12:00,product_view,P038,success,website,,
C0267,2026-08-06 19:19:00,product_discovery,P037,success,mobile_app,,
C0267,2026-08-06 19:24:00,product_view,P037,success,mobile_app,,
C0267,2026-08-06 19:27:00,cart_add,P037,success,mobile_app,,
C0267,2026-08-06 19:39:00,checkout_start,P037,success,mobile_app,,
C0268,2026-08-11 06:42:00,product_discovery,P015,success,website,,
C0268,2026-08-11 06:45:00,product_view,P015,success,website,,
C0268,2026-08-11 06:55:00,cart_add,P015,success,website,,
C0268,2026-08-11 07:02:00,checkout_start,P015,success,website,,
C0269,2026-08-07 13:16:00,product_discovery,P029,success,mobile_app,,
C0269,2026-08-07 13:18:00,product_view,P029,success,mobile_app,,
C0270,2026-08-16 19:12:00,product_discovery,P038,success,mobile_app,,
C0270,2026-08-16 19:13:00,product_view,P038,success,mobile_app,,
C0270,2026-08-16 19:18:00,cart_add,P038,success,mobile_app,,
C0271,2026-08-07 10:20:00,product_discovery,P010,success,mobile_app,,
C0271,2026-08-07 10:22:00,product_view,P010,success,mobile_app,,
C0272,2026-08-03 09:58:00,product_discovery,P001,success,mobile_app,,
C0272,2026-08-03 10:02:00,product_view,P001,success,mobile_app,,
C0273,2026-08-03 07:40:00,product_discovery,P012,success,mobile_app,,
C0273,2026-08-03 07:44:00,product_view,P012,success,mobile_app,,
C0274,2026-08-01 22:20:00,product_discovery,P006,success,mobile_app,,
C0275,2026-08-14 22:36:00,product_discovery,P021,success,mobile_app,,
C0275,2026-08-14 22:37:00,product_view,P021,success,mobile_app,,
C0275,2026-08-14 22:44:00,cart_add,P021,success,mobile_app,,
C0275,2026-08-14 22:56:00,checkout_start,P021,success,mobile_app,,
C0275,2026-08-14 23:00:00,payment_attempt,P021,success,mobile_app,TXNC02753778,
C0275,2026-08-14 23:04:00,payment_success,P021,success,mobile_app,TXNC02753778,
C0275,2026-08-14 23:06:00,order_confirmation,P021,success,mobile_app,TXNC02753778,ORDC02759079
C0276,2026-08-11 05:23:00,product_discovery,P018,success,mobile_app,,
C0276,2026-08-11 05:26:00,product_view,P018,success,mobile_app,,
C0277,2026-08-06 22:40:00,product_discovery,P032,success,website,,
C0277,2026-08-06 22:44:00,product_view,P032,success,website,,
C0278,2026-08-10 08:06:00,product_discovery,P022,success,mobile_app,,
C0278,2026-08-10 08:09:00,product_view,P022,success,mobile_app,,
C0278,2026-08-10 08:16:00,cart_add,P022,success,mobile_app,,
C0278,2026-08-10 08:30:00,checkout_start,P022,success,mobile_app,,
C0278,2026-08-10 08:33:00,payment_attempt,P022,success,mobile_app,TXNC02784290,
C0278,2026-08-10 08:37:00,payment_success,P022,success,mobile_app,TXNC02784290,
C0278,2026-08-10 08:39:00,order_confirmation,P022,success,mobile_app,TXNC02784290,ORDC02785775
C0278,2026-08-13 12:39:00,delivery,P022,success,mobile_app,,ORDC02785775
C0278,2026-08-26 12:39:00,review,P022,success,mobile_app,,ORDC02785775
C0279,2026-08-10 06:35:00,product_discovery,P024,success,website,,
C0279,2026-08-10 06:40:00,product_view,P024,success,website,,
C0280,2026-08-18 19:13:00,product_discovery,P036,success,website,,
C0280,2026-08-18 19:17:00,product_view,P036,success,website,,
C0281,2026-08-07 23:06:00,product_discovery,P005,success,mobile_app,,
C0281,2026-08-07 23:10:00,product_view,P005,success,mobile_app,,
C0282,2026-08-16 07:43:00,product_discovery,P010,success,mobile_app,,
C0283,2026-08-14 22:33:00,product_discovery,P031,success,mobile_app,,
C0283,2026-08-14 22:38:00,product_view,P031,success,mobile_app,,
C0284,2026-08-19 07:50:00,product_discovery,P024,success,website,,
C0284,2026-08-19 07:51:00,product_view,P024,success,website,,
C0285,2026-08-15 06:36:00,product_discovery,P003,success,mobile_app,,
C0285,2026-08-15 06:39:00,product_view,P003,success,mobile_app,,
C0286,2026-08-03 13:51:00,product_discovery,P017,success,website,,
C0286,2026-08-03 13:56:00,product_view,P017,success,website,,
C0286,2026-08-03 14:05:00,cart_add,P017,success,website,,
C0287,2026-08-09 20:19:00,product_discovery,P026,success,mobile_app,,
C0287,2026-08-09 20:24:00,product_view,P026,success,mobile_app,,
C0288,2026-08-01 21:24:00,product_discovery,P031,success,website,,
C0288,2026-08-01 21:27:00,product_view,P031,success,website,,
C0289,2026-08-17 22:45:00,product_discovery,P010,success,mobile_app,,
C0289,2026-08-17 22:48:00,product_view,P010,success,mobile_app,,
C0290,2026-08-09 06:13:00,product_discovery,P031,success,website,,
C0290,2026-08-09 06:17:00,product_view,P031,success,website,,
C0291,2026-08-08 03:59:00,product_discovery,P003,success,website,,
C0291,2026-08-08 04:00:00,product_view,P003,success,website,,
C0291,2026-08-08 04:02:00,cart_add,P003,success,website,,
C0291,2026-08-08 04:05:00,checkout_start,P003,success,website,,
C0291,2026-08-08 04:09:00,payment_attempt,P003,success,website,TXNC02913623,
C0291,2026-08-08 04:12:00,payment_success,P003,success,website,TXNC02913623,
C0291,2026-08-08 04:14:00,order_confirmation,P003,success,website,TXNC02913623,ORDC02917636
C0291,2026-08-15 06:14:00,delivery,P003,success,website,,ORDC02917636
C0291,2026-08-25 06:14:00,review,P003,success,website,,ORDC02917636
C0292,2026-08-05 19:45:00,product_discovery,P029,success,mobile_app,,
C0293,2026-08-06 05:18:00,product_discovery,P014,success,mobile_app,,
C0293,2026-08-06 05:19:00,product_view,P014,success,mobile_app,,
C0294,2026-08-08 18:01:00,product_discovery,P013,success,mobile_app,,
C0294,2026-08-08 18:02:00,product_view,P013,success,mobile_app,,
C0295,2026-08-15 21:02:00,product_discovery,P021,success,mobile_app,,
C0295,2026-08-15 21:07:00,product_view,P021,success,mobile_app,,
C0296,2026-08-20 13:45:00,product_discovery,P030,success,website,,
C0296,2026-08-20 13:48:00,product_view,P030,success,website,,
C0297,2026-08-04 09:09:00,product_discovery,P021,success,website,,
C0297,2026-08-04 09:11:00,product_view,P021,success,website,,
C0298,2026-08-04 13:12:00,product_discovery,P033,success,mobile_app,,
C0298,2026-08-04 13:16:00,product_view,P033,success,mobile_app,,
C0299,2026-08-05 13:26:00,product_discovery,P032,success,website,,
C0299,2026-08-05 13:31:00,product_view,P032,success,website,,
C0300,2026-08-08 11:48:00,product_discovery,P029,success,website,,
C0300,2026-08-08 11:51:00,product_view,P029,success,website,,
C0301,2026-08-19 21:12:00,product_discovery,P025,success,mobile_app,,
C0301,2026-08-19 21:16:00,product_view,P025,success,mobile_app,,
C0301,2026-08-19 21:23:00,cart_add,P025,success,mobile_app,,
C0302,2026-08-03 05:08:00,product_discovery,P037,success,website,,
C0302,2026-08-03 05:10:00,product_view,P037,success,website,,
C0303,2026-08-07 21:39:00,product_discovery,P011,success,mobile_app,,
C0303,2026-08-07 21:44:00,product_view,P011,success,mobile_app,,
C0304,2026-08-03 21:49:00,product_discovery,P037,success,website,,
C0304,2026-08-03 21:52:00,product_view,P037,success,website,,
C0305,2026-08-18 13:18:00,product_discovery,P003,success,mobile_app,,
C0305,2026-08-18 13:23:00,product_view,P003,success,mobile_app,,
C0306,2026-08-20 05:19:00,product_discovery,P016,success,mobile_app,,
C0306,2026-08-20 05:20:00,product_view,P016,success,mobile_app,,
C0306,2026-08-20 05:26:00,cart_add,P016,success,mobile_app,,
C0307,2026-08-04 00:06:00,product_discovery,P016,success,website,,
C0307,2026-08-04 00:11:00,product_view,P016,success,website,,
C0307,2026-08-04 00:21:00,cart_add,P016,success,website,,
C0307,2026-08-04 00:24:00,checkout_start,P016,success,website,,
C0307,2026-08-04 00:28:00,payment_attempt,P016,success,website,TXNC03071972,
C0307,2026-08-04 00:33:00,payment_success,P016,success,website,TXNC03071972,
C0307,2026-08-04 00:35:00,order_confirmation,P016,success,website,TXNC03071972,ORDC03073758
C0307,2026-08-08 03:35:00,delivery,P016,success,website,,ORDC03073758
C0307,2026-08-22 03:35:00,review,P016,success,website,,ORDC03073758
C0308,2026-08-13 00:56:00,product_discovery,P007,success,website,,
C0308,2026-08-13 01:00:00,product_view,P007,success,website,,
C0308,2026-08-13 01:05:00,cart_add,P007,success,website,,
C0308,2026-08-13 01:08:00,checkout_start,P007,success,website,,
C0308,2026-08-13 01:11:00,payment_attempt,P007,success,website,TXNC03086277,
C0308,2026-08-13 01:13:00,payment_success,P007,success,website,TXNC03086277,
C0308,2026-08-13 01:16:00,order_confirmation,P007,success,website,TXNC03086277,ORDC03083329
C0308,2026-08-18 04:16:00,delivery,P007,success,website,,ORDC03083329
C0309,2026-08-18 19:54:00,product_discovery,P006,success,mobile_app,,
C0309,2026-08-18 19:59:00,product_view,P006,success,mobile_app,,
C0310,2026-08-12 10:32:00,product_discovery,P021,success,website,,
C0310,2026-08-12 10:33:00,product_view,P021,success,website,,
C0310,2026-08-12 10:41:00,cart_add,P021,success,website,,
C0311,2026-08-02 18:35:00,product_discovery,P035,success,mobile_app,,
C0311,2026-08-02 18:37:00,product_view,P035,success,mobile_app,,
C0312,2026-08-08 16:19:00,product_discovery,P019,success,mobile_app,,
C0312,2026-08-08 16:24:00,product_view,P019,success,mobile_app,,
C0312,2026-08-08 16:34:00,cart_add,P019,success,mobile_app,,
C0313,2026-08-16 20:45:00,product_discovery,P004,success,website,,
C0313,2026-08-16 20:46:00,product_view,P004,success,website,,
C0314,2026-08-20 20:23:00,product_discovery,P011,success,mobile_app,,
C0315,2026-08-11 01:38:00,product_discovery,P013,success,website,,
C0315,2026-08-11 01:41:00,product_view,P013,success,website,,
C0316,2026-08-09 12:50:00,product_discovery,P017,success,website,,
C0316,2026-08-09 12:53:00,product_view,P017,success,website,,
C0317,2026-08-15 13:39:00,product_discovery,P020,success,website,,
C0317,2026-08-15 13:43:00,product_view,P020,success,website,,
C0318,2026-08-12 04:24:00,product_discovery,P005,success,website,,
C0318,2026-08-12 04:29:00,product_view,P005,success,website,,
C0319,2026-08-17 03:53:00,product_discovery,P022,success,website,,
C0319,2026-08-17 03:57:00,product_view,P022,success,website,,
C0320,2026-08-10 01:12:00,product_discovery,P006,success,website,,
C0320,2026-08-10 01:13:00,product_view,P006,success,website,,
C0321,2026-08-18 22:24:00,product_discovery,P009,success,website,,
C0321,2026-08-18 22:25:00,product_view,P009,success,website,,
C0321,2026-08-18 22:26:00,cart_add,P009,success,website,,
C0322,2026-08-17 18:32:00,product_discovery,P014,success,website,,
C0322,2026-08-17 18:36:00,product_view,P014,success,website,,
C0322,2026-08-17 18:44:00,cart_add,P014,success,website,,
C0322,2026-08-17 18:46:00,checkout_start,P014,success,website,,
C0322,2026-08-17 18:49:00,payment_attempt,P014,success,website,TXNC03227291,
C0322,2026-08-17 18:52:00,payment_success,P014,success,website,TXNC03227291,
C0322,2026-08-17 18:54:00,order_confirmation,P014,success,website,TXNC03227291,ORDC03225059
C0322,2026-08-20 21:54:00,delivery,P014,success,website,,ORDC03225059
C0323,2026-08-15 03:49:00,product_discovery,P019,success,website,,
C0323,2026-08-15 03:52:00,product_view,P019,success,website,,
C0324,2026-08-18 08:25:00,product_discovery,P026,success,mobile_app,,
C0324,2026-08-18 08:26:00,product_view,P026,success,mobile_app,,
C0325,2026-08-03 21:34:00,product_discovery,P016,success,mobile_app,,
C0326,2026-08-01 14:35:00,product_discovery,P024,success,mobile_app,,
C0326,2026-08-01 14:37:00,product_view,P024,success,mobile_app,,
C0327,2026-08-13 18:23:00,product_discovery,P012,success,mobile_app,,
C0328,2026-08-02 20:52:00,product_discovery,P001,success,mobile_app,,
C0329,2026-08-02 17:01:00,product_discovery,P026,success,mobile_app,,
C0329,2026-08-02 17:06:00,product_view,P026,success,mobile_app,,
C0329,2026-08-02 17:13:00,cart_add,P026,success,mobile_app,,
C0329,2026-08-02 17:15:00,checkout_start,P026,success,mobile_app,,
C0329,2026-08-02 17:18:00,payment_attempt,P026,success,mobile_app,TXNC03296077,
C0329,2026-08-02 17:19:00,payment_success,P026,success,mobile_app,TXNC03296077,
C0329,2026-08-02 17:20:00,order_confirmation,P026,success,mobile_app,TXNC03296077,ORDC03293545
C0329,2026-08-09 20:20:00,delivery,P026,success,mobile_app,,ORDC03293545
C0330,2026-08-15 23:14:00,product_discovery,P005,success,mobile_app,,
C0330,2026-08-15 23:18:00,product_view,P005,success,mobile_app,,
C0331,2026-08-03 07:05:00,product_discovery,P028,success,website,,
C0331,2026-08-03 07:09:00,product_view,P028,success,website,,
C0332,2026-08-18 05:03:00,product_discovery,P012,success,website,,
C0332,2026-08-18 05:04:00,product_view,P012,success,website,,
C0333,2026-08-09 05:20:00,product_discovery,P034,success,mobile_app,,
C0333,2026-08-09 05:22:00,product_view,P034,success,mobile_app,,
C0333,2026-08-09 05:27:00,cart_add,P034,success,mobile_app,,
C0333,2026-08-09 05:29:00,checkout_start,P034,success,mobile_app,,
C0333,2026-08-09 05:30:00,payment_attempt,P034,success,mobile_app,TXNC03338034,
C0333,2026-08-09 05:33:00,payment_success,P034,success,mobile_app,TXNC03338034,
C0333,2026-08-09 05:35:00,order_confirmation,P034,success,mobile_app,TXNC03338034,ORDC03332262
C0333,2026-08-13 09:35:00,delivery,P034,success,mobile_app,,ORDC03332262
C0333,2026-08-16 09:35:00,review,P034,success,mobile_app,,ORDC03332262
C0333,2026-08-23 09:35:00,return,P034,success,mobile_app,,ORDC03332262
C0334,2026-08-07 03:19:00,product_discovery,P007,success,website,,
C0334,2026-08-07 03:21:00,product_view,P007,success,website,,
C0335,2026-08-20 23:16:00,product_discovery,P001,success,website,,
C0335,2026-08-20 23:17:00,product_view,P001,success,website,,
C0335,2026-08-20 23:24:00,cart_add,P001,success,website,,
C0335,2026-08-20 23:27:00,checkout_start,P001,success,website,,
C0335,2026-08-20 23:28:00,payment_attempt,P001,success,website,TXNC03357870,
C0335,2026-08-20 23:30:00,payment_success,P001,success,website,TXNC03357870,
C0335,2026-08-20 23:32:00,order_confirmation,P001,success,website,TXNC03357870,ORDC03356241
C0335,2026-08-27 02:32:00,delivery,P001,success,website,,ORDC03356241
C0336,2026-08-02 12:45:00,product_discovery,P012,success,website,,
C0336,2026-08-02 12:50:00,product_view,P012,success,website,,
C0337,2026-08-11 22:00:00,product_discovery,P019,success,mobile_app,,
C0338,2026-08-11 17:26:00,product_discovery,P001,success,mobile_app,,
C0338,2026-08-11 17:28:00,product_view,P001,success,mobile_app,,
C0338,2026-08-11 17:33:00,cart_add,P001,success,mobile_app,,
C0339,2026-08-14 19:08:00,product_discovery,P032,success,website,,
C0339,2026-08-14 19:13:00,product_view,P032,success,website,,
C0340,2026-08-10 15:56:00,product_discovery,P002,success,website,,
C0340,2026-08-10 16:01:00,product_view,P002,success,website,,
C0340,2026-08-10 16:02:00,cart_add,P002,success,website,,
C0340,2026-08-10 16:03:00,checkout_start,P002,success,website,,
C0340,2026-08-10 16:10:00,payment_attempt,P002,success,website,TXNC03406038,
C0340,2026-08-10 16:11:00,payment_success,P002,success,website,TXNC03406038,
C0340,2026-08-10 16:12:00,order_confirmation,P002,success,website,TXNC03406038,ORDC03401981
C0340,2026-08-12 18:12:00,delivery,P002,success,website,,ORDC03401981
C0340,2026-08-16 18:12:00,return,P002,success,website,,ORDC03401981
C0341,2026-08-13 03:51:00,product_discovery,P027,success,mobile_app,,
C0341,2026-08-13 03:55:00,product_view,P027,success,mobile_app,,
C0341,2026-08-13 03:57:00,cart_add,P027,success,mobile_app,,
C0342,2026-08-19 23:48:00,product_discovery,P026,success,website,,
C0342,2026-08-19 23:53:00,product_view,P026,success,website,,
C0342,2026-08-20 00:00:00,cart_add,P026,success,website,,
C0343,2026-08-07 06:32:00,product_discovery,P021,success,mobile_app,,
C0343,2026-08-07 06:35:00,product_view,P021,success,mobile_app,,
C0344,2026-08-05 22:42:00,product_discovery,P009,success,website,,
C0344,2026-08-05 22:44:00,product_view,P009,success,website,,
C0345,2026-08-10 14:00:00,product_discovery,P008,success,mobile_app,,
C0345,2026-08-10 14:02:00,product_view,P008,success,mobile_app,,
C0346,2026-08-04 01:29:00,product_discovery,P006,success,website,,
C0346,2026-08-04 01:32:00,product_view,P006,success,website,,
C0347,2026-08-20 08:31:00,product_discovery,P021,success,website,,
C0347,2026-08-20 08:32:00,product_view,P021,success,website,,
C0348,2026-08-02 10:44:00,product_discovery,P020,success,mobile_app,,
C0349,2026-08-10 12:51:00,product_discovery,P029,success,website,,
C0349,2026-08-10 12:52:00,product_view,P029,success,website,,
C0350,2026-08-02 17:40:00,product_discovery,P015,success,website,,
C0350,2026-08-02 17:42:00,product_view,P015,success,website,,
C0350,2026-08-02 17:48:00,cart_add,P015,success,website,,
C0351,2026-08-14 16:05:00,product_discovery,P017,success,website,,
C0351,2026-08-14 16:06:00,product_view,P017,success,website,,
C0351,2026-08-14 16:10:00,cart_add,P017,success,website,,
C0351,2026-08-14 16:18:00,checkout_start,P017,success,website,,
C0351,2026-08-14 16:20:00,payment_attempt,P017,success,website,TXNC03516432,
C0351,2026-08-14 16:21:00,payment_failure,P017,failed,website,TXNC03516432,
C0352,2026-08-11 19:45:00,product_discovery,P004,success,website,,
C0352,2026-08-11 19:50:00,product_view,P004,success,website,,
C0353,2026-08-10 01:01:00,product_discovery,P028,success,website,,
C0353,2026-08-10 01:04:00,product_view,P028,success,website,,
C0354,2026-08-11 11:34:00,product_discovery,P010,success,website,,
C0354,2026-08-11 11:39:00,product_view,P010,success,website,,
C0354,2026-08-11 11:43:00,cart_add,P010,success,website,,
C0355,2026-08-13 20:44:00,product_discovery,P031,success,website,,
C0355,2026-08-13 20:45:00,product_view,P031,success,website,,
C0356,2026-08-15 22:58:00,product_discovery,P034,success,website,,
C0356,2026-08-15 23:03:00,product_view,P034,success,website,,
C0356,2026-08-15 23:10:00,cart_add,P034,success,website,,
C0357,2026-08-19 02:46:00,product_discovery,P032,success,mobile_app,,
C0357,2026-08-19 02:51:00,product_view,P032,success,mobile_app,,
C0358,2026-08-01 22:14:00,product_discovery,P021,success,website,,
C0358,2026-08-01 22:15:00,product_view,P021,success,website,,
C0359,2026-08-12 01:36:00,product_discovery,P034,success,mobile_app,,
C0359,2026-08-12 01:41:00,product_view,P034,success,mobile_app,,
C0360,2026-08-16 06:44:00,product_discovery,P016,success,mobile_app,,
C0360,2026-08-16 06:49:00,product_view,P016,success,mobile_app,,
C0360,2026-08-16 06:50:00,cart_add,P016,success,mobile_app,,
C0360,2026-08-16 06:54:00,checkout_start,P016,success,mobile_app,,
C0360,2026-08-16 07:01:00,payment_attempt,P016,success,mobile_app,TXNC03603846,
C0360,2026-08-16 07:03:00,payment_success,P016,success,mobile_app,TXNC03603846,
C0360,2026-08-16 07:05:00,order_confirmation,P016,success,mobile_app,TXNC03603846,ORDC03606878
C0360,2026-08-20 08:05:00,delivery,P016,success,mobile_app,,ORDC03606878
C0361,2026-08-14 03:31:00,product_discovery,P013,success,mobile_app,,
C0361,2026-08-14 03:36:00,product_view,P013,success,mobile_app,,
C0362,2026-08-02 14:40:00,product_discovery,P015,success,website,,
C0362,2026-08-02 14:41:00,product_view,P015,success,website,,
C0363,2026-08-15 07:23:00,product_discovery,P013,success,website,,
C0363,2026-08-15 07:26:00,product_view,P013,success,website,,
C0364,2026-08-04 16:40:00,product_discovery,P038,success,website,,
C0364,2026-08-04 16:41:00,product_view,P038,success,website,,
C0364,2026-08-04 16:47:00,cart_add,P038,success,website,,
C0364,2026-08-04 16:53:00,checkout_start,P038,success,website,,
C0364,2026-08-04 17:00:00,payment_attempt,P038,success,website,TXNC03646514,
C0364,2026-08-04 17:03:00,payment_success,P038,success,website,TXNC03646514,
C0364,2026-08-04 17:04:00,order_confirmation,P038,success,website,TXNC03646514,ORDC03648157
C0364,2026-08-07 21:04:00,delivery,P038,success,website,,ORDC03648157
C0365,2026-08-15 07:10:00,product_discovery,P023,success,website,,
C0365,2026-08-15 07:15:00,product_view,P023,success,website,,
C0366,2026-08-17 00:00:00,product_discovery,P019,success,website,,
C0366,2026-08-17 00:02:00,product_view,P019,success,website,,
C0367,2026-08-18 20:58:00,product_discovery,P037,success,website,,
C0367,2026-08-18 21:00:00,product_view,P037,success,website,,
C0368,2026-08-14 04:51:00,product_discovery,P007,success,mobile_app,,
C0368,2026-08-14 04:53:00,product_view,P007,success,mobile_app,,
C0369,2026-08-08 14:29:00,product_discovery,P011,success,website,,
C0369,2026-08-08 14:32:00,product_view,P011,success,website,,
C0370,2026-08-17 02:33:00,product_discovery,P005,success,mobile_app,,
C0370,2026-08-17 02:36:00,product_view,P005,success,mobile_app,,
C0371,2026-08-11 07:19:00,product_discovery,P027,success,website,,
C0371,2026-08-11 07:23:00,product_view,P027,success,website,,
C0372,2026-08-09 20:59:00,product_discovery,P007,success,mobile_app,,
C0372,2026-08-09 21:04:00,product_view,P007,success,mobile_app,,
C0373,2026-08-03 00:15:00,product_discovery,P003,success,mobile_app,,
C0373,2026-08-03 00:16:00,product_view,P003,success,mobile_app,,
C0374,2026-08-05 04:54:00,product_discovery,P025,success,website,,
C0374,2026-08-05 04:55:00,product_view,P025,success,website,,
C0375,2026-08-15 07:07:00,product_discovery,P031,success,website,,
C0375,2026-08-15 07:11:00,product_view,P031,success,website,,
C0375,2026-08-15 07:14:00,cart_add,P031,success,website,,
C0376,2026-08-03 15:18:00,product_discovery,P022,success,website,,
C0376,2026-08-03 15:20:00,product_view,P022,success,website,,
C0376,2026-08-03 15:29:00,cart_add,P022,success,website,,
C0376,2026-08-03 15:41:00,checkout_start,P022,success,website,,
C0376,2026-08-03 15:46:00,payment_attempt,P022,success,website,TXNC03762571,
C0376,2026-08-03 15:47:00,payment_success,P022,success,website,TXNC03762571,
C0376,2026-08-03 15:50:00,order_confirmation,P022,success,website,TXNC03762571,ORDC03763516
C0376,2026-08-08 16:50:00,delivery,P022,success,website,,ORDC03763516
C0376,2026-08-18 16:50:00,return,P022,success,website,,ORDC03763516
C0377,2026-08-03 12:58:00,product_discovery,P002,success,website,,
C0377,2026-08-03 13:00:00,product_view,P002,success,website,,
C0378,2026-08-03 23:04:00,product_discovery,P020,success,mobile_app,,
C0378,2026-08-03 23:08:00,product_view,P020,success,mobile_app,,
C0379,2026-08-13 17:09:00,product_discovery,P025,success,website,,
C0379,2026-08-13 17:12:00,product_view,P025,success,website,,
C0380,2026-08-02 08:22:00,product_discovery,P017,success,mobile_app,,
C0380,2026-08-02 08:26:00,product_view,P017,success,mobile_app,,
C0381,2026-08-04 18:32:00,product_discovery,P007,success,website,,
C0381,2026-08-04 18:35:00,product_view,P007,success,website,,
C0381,2026-08-04 18:42:00,cart_add,P007,success,website,,
C0382,2026-08-02 17:18:00,product_discovery,P025,success,mobile_app,,
C0382,2026-08-02 17:23:00,product_view,P025,success,mobile_app,,
C0383,2026-08-06 16:41:00,product_discovery,P031,success,mobile_app,,
C0383,2026-08-06 16:42:00,product_view,P031,success,mobile_app,,
C0384,2026-08-13 02:15:00,product_discovery,P037,success,website,,
C0384,2026-08-13 02:16:00,product_view,P037,success,website,,
C0385,2026-08-05 03:17:00,product_discovery,P014,success,website,,
C0386,2026-08-03 02:47:00,product_discovery,P028,success,website,,
C0386,2026-08-03 02:49:00,product_view,P028,success,website,,
C0387,2026-08-17 21:05:00,product_discovery,P005,success,website,,
C0387,2026-08-17 21:09:00,product_view,P005,success,website,,
C0388,2026-08-07 14:50:00,product_discovery,P034,success,mobile_app,,
C0388,2026-08-07 14:51:00,product_view,P034,success,mobile_app,,
C0388,2026-08-07 15:01:00,cart_add,P034,success,mobile_app,,
C0389,2026-08-10 18:20:00,product_discovery,P010,success,website,,
C0389,2026-08-10 18:25:00,product_view,P010,success,website,,
C0389,2026-08-10 18:27:00,cart_add,P010,success,website,,
C0389,2026-08-10 18:37:00,checkout_start,P010,success,website,,
C0389,2026-08-10 18:42:00,payment_attempt,P010,success,website,TXNC03896633,
C0389,2026-08-10 18:46:00,payment_success,P010,success,website,TXNC03896633,
C0389,2026-08-10 18:49:00,order_confirmation,P010,success,website,TXNC03896633,ORDC03898750
C0389,2026-08-15 19:49:00,delivery,P010,success,website,,ORDC03898750
C0390,2026-08-17 02:49:00,product_discovery,P026,success,website,,
C0390,2026-08-17 02:53:00,product_view,P026,success,website,,
C0390,2026-08-17 02:59:00,cart_add,P026,success,website,,
C0390,2026-08-17 03:00:00,checkout_start,P026,success,website,,
C0390,2026-08-17 03:05:00,payment_attempt,P026,success,website,TXNC03901331,
C0390,2026-08-17 03:08:00,payment_success,P026,success,website,TXNC03901331,
C0390,2026-08-17 03:10:00,order_confirmation,P026,success,website,TXNC03901331,ORDC03909054
C0390,2026-08-20 04:10:00,delivery,P026,success,website,,ORDC03909054
C0391,2026-08-11 09:59:00,product_discovery,P021,success,mobile_app,,
C0391,2026-08-11 10:03:00,product_view,P021,success,mobile_app,,
C0392,2026-08-06 03:26:00,product_discovery,P027,success,mobile_app,,
C0392,2026-08-06 03:31:00,product_view,P027,success,mobile_app,,
C0393,2026-08-04 22:49:00,product_discovery,P005,success,mobile_app,,
C0393,2026-08-04 22:54:00,product_view,P005,success,mobile_app,,
C0393,2026-08-04 23:03:00,cart_add,P005,success,mobile_app,,
C0394,2026-08-21 05:57:00,product_discovery,P013,success,website,,
C0395,2026-08-02 11:36:00,product_discovery,P024,success,website,,
C0395,2026-08-02 11:39:00,product_view,P024,success,website,,
C0396,2026-08-15 19:01:00,product_discovery,P008,success,website,,
C0396,2026-08-15 19:03:00,product_view,P008,success,website,,
C0397,2026-08-21 03:23:00,product_discovery,P031,success,mobile_app,,
C0397,2026-08-21 03:26:00,product_view,P031,success,mobile_app,,
C0397,2026-08-21 03:31:00,cart_add,P031,success,mobile_app,,
C0398,2026-08-01 22:59:00,product_discovery,P025,success,website,,
C0398,2026-08-01 23:01:00,product_view,P025,success,website,,
C0398,2026-08-01 23:05:00,cart_add,P025,success,website,,
C0399,2026-08-06 00:54:00,product_discovery,P018,success,mobile_app,,
C0400,2026-08-19 02:08:00,product_discovery,P001,success,mobile_app,,
C0400,2026-08-19 02:10:00,product_view,P001,success,mobile_app,,
C0400,2026-08-19 02:20:00,cart_add,P001,success,mobile_app,,
C0401,2026-08-19 15:41:00,product_discovery,P020,success,mobile_app,,
C0401,2026-08-19 15:45:00,product_view,P020,success,mobile_app,,
C0402,2026-08-06 07:10:00,product_discovery,P030,success,mobile_app,,
C0402,2026-08-06 07:15:00,product_view,P030,success,mobile_app,,
C0402,2026-08-06 07:22:00,cart_add,P030,success,mobile_app,,
C0402,2026-08-06 07:23:00,checkout_start,P030,success,mobile_app,,
C0402,2026-08-06 07:29:00,payment_attempt,P030,success,mobile_app,TXNC04025631,
C0402,2026-08-06 07:32:00,payment_success,P030,success,mobile_app,TXNC04025631,
C0402,2026-08-06 07:34:00,order_confirmation,P030,success,mobile_app,TXNC04025631,ORDC04025529
C0402,2026-08-10 10:34:00,delivery,P030,success,mobile_app,,ORDC04025529
C0403,2026-08-16 03:47:00,product_discovery,P020,success,website,,
C0403,2026-08-16 03:49:00,product_view,P020,success,website,,
C0403,2026-08-16 03:53:00,cart_add,P020,success,website,,
C0403,2026-08-16 04:06:00,checkout_start,P020,success,website,,
C0403,2026-08-16 04:13:00,payment_attempt,P020,success,website,TXNC04033292,
C0403,2026-08-16 04:14:00,payment_success,P020,success,website,TXNC04033292,
C0403,2026-08-16 04:16:00,order_confirmation,P020,success,website,TXNC04033292,ORDC04037857
C0403,2026-08-18 08:16:00,delivery,P020,success,website,,ORDC04037857
C0404,2026-08-19 21:39:00,product_discovery,P013,success,mobile_app,,
C0404,2026-08-19 21:41:00,product_view,P013,success,mobile_app,,
C0404,2026-08-19 21:49:00,cart_add,P013,success,mobile_app,,
C0405,2026-08-08 03:56:00,product_discovery,P011,success,website,,
C0406,2026-08-04 05:52:00,product_discovery,P017,success,website,,
C0406,2026-08-04 05:55:00,product_view,P017,success,website,,
C0407,2026-08-18 06:26:00,product_discovery,P020,success,mobile_app,,
C0407,2026-08-18 06:29:00,product_view,P020,success,mobile_app,,
C0408,2026-08-20 16:52:00,product_discovery,P008,success,mobile_app,,
C0408,2026-08-20 16:53:00,product_view,P008,success,mobile_app,,
C0408,2026-08-20 17:03:00,cart_add,P008,success,mobile_app,,
C0409,2026-08-05 18:14:00,product_discovery,P033,success,website,,
C0409,2026-08-05 18:18:00,product_view,P033,success,website,,
C0410,2026-08-20 18:31:00,product_discovery,P010,success,website,,
C0410,2026-08-20 18:33:00,product_view,P010,success,website,,
C0410,2026-08-20 18:43:00,cart_add,P010,success,website,,
C0411,2026-08-20 22:58:00,product_discovery,P012,success,website,,
C0411,2026-08-20 23:02:00,product_view,P012,success,website,,
C0412,2026-08-02 15:40:00,product_discovery,P001,success,mobile_app,,
C0412,2026-08-02 15:43:00,product_view,P001,success,mobile_app,,
C0413,2026-08-04 22:31:00,product_discovery,P032,success,website,,
C0413,2026-08-04 22:33:00,product_view,P032,success,website,,
C0414,2026-08-12 04:43:00,product_discovery,P025,success,website,,
C0414,2026-08-12 04:44:00,product_view,P025,success,website,,
C0414,2026-08-12 04:50:00,cart_add,P025,success,website,,
C0415,2026-08-20 07:03:00,product_discovery,P034,success,website,,
C0415,2026-08-20 07:04:00,product_view,P034,success,website,,
C0416,2026-08-21 06:57:00,product_discovery,P023,success,mobile_app,,
C0416,2026-08-21 06:59:00,product_view,P023,success,mobile_app,,
C0416,2026-08-21 07:08:00,cart_add,P023,success,mobile_app,,
C0417,2026-08-02 08:58:00,product_discovery,P020,success,mobile_app,,
C0417,2026-08-02 09:02:00,product_view,P020,success,mobile_app,,
C0418,2026-08-11 04:50:00,product_discovery,P009,success,mobile_app,,
C0418,2026-08-11 04:54:00,product_view,P009,success,mobile_app,,
C0419,2026-08-19 19:27:00,product_discovery,P026,success,website,,
C0419,2026-08-19 19:29:00,product_view,P026,success,website,,
C0420,2026-08-01 19:58:00,product_discovery,P038,success,website,,
C0420,2026-08-01 19:59:00,product_view,P038,success,website,,
C0421,2026-08-15 21:42:00,product_discovery,P017,success,website,,
C0421,2026-08-15 21:47:00,product_view,P017,success,website,,
C0421,2026-08-15 21:49:00,cart_add,P017,success,website,,
C0422,2026-08-03 23:14:00,product_discovery,P027,success,mobile_app,,
C0422,2026-08-03 23:18:00,product_view,P027,success,mobile_app,,
C0423,2026-08-04 19:37:00,product_discovery,P014,success,website,,
C0423,2026-08-04 19:40:00,product_view,P014,success,website,,
C0423,2026-08-04 19:42:00,cart_add,P014,success,website,,
C0423,2026-08-04 19:47:00,checkout_start,P014,success,website,,
C0423,2026-08-04 19:50:00,payment_attempt,P014,success,website,TXNC04232718,
C0423,2026-08-04 19:55:00,payment_success,P014,success,website,TXNC04232718,
C0423,2026-08-04 19:56:00,order_confirmation,P014,success,website,TXNC04232718,ORDC04232741
C0423,2026-08-07 23:56:00,delivery,P014,success,website,,ORDC04232741
C0424,2026-08-05 22:08:00,product_discovery,P023,success,mobile_app,,
C0424,2026-08-05 22:11:00,product_view,P023,success,mobile_app,,
C0425,2026-08-06 01:25:00,product_discovery,P031,success,mobile_app,,
C0426,2026-08-16 14:48:00,product_discovery,P006,success,website,,
C0426,2026-08-16 14:53:00,product_view,P006,success,website,,
C0426,2026-08-16 14:56:00,cart_add,P006,success,website,,
C0426,2026-08-16 15:09:00,checkout_start,P006,success,website,,
C0426,2026-08-16 15:11:00,payment_attempt,P006,success,website,TXNC04264787,
C0426,2026-08-16 15:15:00,payment_success,P006,success,website,TXNC04264787,
C0426,2026-08-16 15:17:00,order_confirmation,P006,success,website,TXNC04264787,ORDC04261820
C0426,2026-08-18 16:17:00,delivery,P006,success,website,,ORDC04261820
C0427,2026-08-16 17:36:00,product_discovery,P021,success,mobile_app,,
C0428,2026-08-18 14:04:00,product_discovery,P003,success,website,,
C0428,2026-08-18 14:06:00,product_view,P003,success,website,,
C0429,2026-08-11 07:03:00,product_discovery,P040,success,mobile_app,,
C0429,2026-08-11 07:04:00,product_view,P040,success,mobile_app,,
C0430,2026-08-10 10:52:00,product_discovery,P026,success,mobile_app,,
C0430,2026-08-10 10:55:00,product_view,P026,success,mobile_app,,
C0430,2026-08-10 11:03:00,cart_add,P026,success,mobile_app,,
C0430,2026-08-10 11:14:00,checkout_start,P026,success,mobile_app,,
C0430,2026-08-10 11:17:00,payment_attempt,P026,success,mobile_app,TXNC04301960,
C0430,2026-08-10 11:19:00,payment_success,P026,success,mobile_app,TXNC04301960,
C0430,2026-08-10 11:22:00,order_confirmation,P026,success,mobile_app,TXNC04301960,ORDC04308178
C0430,2026-08-14 13:22:00,delivery,P026,success,mobile_app,,ORDC04308178
C0431,2026-08-20 09:57:00,product_discovery,P009,success,mobile_app,,
C0431,2026-08-20 10:01:00,product_view,P009,success,mobile_app,,
C0432,2026-08-02 18:35:00,product_discovery,P017,success,mobile_app,,
C0432,2026-08-02 18:36:00,product_view,P017,success,mobile_app,,
C0432,2026-08-02 18:45:00,cart_add,P017,success,mobile_app,,
C0432,2026-08-02 18:55:00,checkout_start,P017,success,mobile_app,,
C0432,2026-08-02 18:59:00,payment_attempt,P017,success,mobile_app,TXNC04326542,
C0432,2026-08-02 19:04:00,payment_success,P017,success,mobile_app,TXNC04326542,
C0432,2026-08-02 19:07:00,order_confirmation,P017,success,mobile_app,TXNC04326542,ORDC04328091
C0432,2026-08-09 21:07:00,delivery,P017,success,mobile_app,,ORDC04328091
C0433,2026-08-20 10:13:00,product_discovery,P036,success,website,,
C0433,2026-08-20 10:14:00,product_view,P036,success,website,,
C0434,2026-08-12 00:17:00,product_discovery,P032,success,website,,
C0434,2026-08-12 00:18:00,product_view,P032,success,website,,
C0435,2026-08-07 15:54:00,product_discovery,P004,success,website,,
C0435,2026-08-07 15:59:00,product_view,P004,success,website,,
C0435,2026-08-07 16:06:00,cart_add,P004,success,website,,
C0436,2026-08-19 13:35:00,product_discovery,P037,success,mobile_app,,
C0436,2026-08-19 13:36:00,product_view,P037,success,mobile_app,,
C0437,2026-08-12 15:37:00,product_discovery,P002,success,website,,
C0437,2026-08-12 15:41:00,product_view,P002,success,website,,
C0438,2026-08-20 03:03:00,product_discovery,P006,success,mobile_app,,
C0438,2026-08-20 03:08:00,product_view,P006,success,mobile_app,,
C0438,2026-08-20 03:16:00,cart_add,P006,success,mobile_app,,
C0438,2026-08-20 03:22:00,checkout_start,P006,success,mobile_app,,
C0438,2026-08-20 03:26:00,payment_attempt,P006,success,mobile_app,TXNC04386439,
C0438,2026-08-20 03:31:00,payment_success,P006,success,mobile_app,TXNC04386439,
C0438,2026-08-20 03:34:00,order_confirmation,P006,success,mobile_app,TXNC04386439,ORDC04386952
C0438,2026-08-27 07:34:00,delivery,P006,success,mobile_app,,ORDC04386952
C0438,2026-09-10 07:34:00,review,P006,success,mobile_app,,ORDC04386952
C0439,2026-08-15 18:03:00,product_discovery,P019,success,mobile_app,,
C0440,2026-08-05 01:39:00,product_discovery,P032,success,website,,
C0440,2026-08-05 01:43:00,product_view,P032,success,website,,
C0441,2026-08-04 01:56:00,product_discovery,P026,success,website,,
C0441,2026-08-04 02:00:00,product_view,P026,success,website,,
C0441,2026-08-04 02:04:00,cart_add,P026,success,website,,
C0441,2026-08-04 02:06:00,checkout_start,P026,success,website,,
C0441,2026-08-04 02:07:00,payment_attempt,P026,success,website,TXNC04413018,
C0441,2026-08-04 02:11:00,payment_success,P026,success,website,TXNC04413018,
C0441,2026-08-04 02:14:00,order_confirmation,P026,success,website,TXNC04413018,ORDC04413205
C0442,2026-08-18 02:04:00,product_discovery,P004,success,mobile_app,,
C0442,2026-08-18 02:09:00,product_view,P004,success,mobile_app,,
C0442,2026-08-18 02:18:00,cart_add,P004,success,mobile_app,,
C0443,2026-08-14 11:58:00,product_discovery,P012,success,website,,
C0443,2026-08-14 11:59:00,product_view,P012,success,website,,
C0443,2026-08-14 12:09:00,cart_add,P012,success,website,,
C0443,2026-08-14 12:15:00,checkout_start,P012,success,website,,
C0443,2026-08-14 12:22:00,payment_attempt,P012,success,website,TXNC04435067,
C0443,2026-08-14 12:25:00,payment_success,P012,success,website,TXNC04435067,
C0443,2026-08-14 12:27:00,order_confirmation,P012,success,website,TXNC04435067,ORDC04438419
C0443,2026-08-20 14:27:00,delivery,P012,success,website,,ORDC04438419
C0444,2026-08-08 03:14:00,product_discovery,P036,success,mobile_app,,
C0444,2026-08-08 03:19:00,product_view,P036,success,mobile_app,,
C0445,2026-08-17 14:08:00,product_discovery,P019,success,mobile_app,,
C0445,2026-08-17 14:10:00,product_view,P019,success,mobile_app,,
C0446,2026-08-17 03:11:00,product_discovery,P021,success,website,,
C0446,2026-08-17 03:14:00,product_view,P021,success,website,,
C0447,2026-08-16 12:21:00,product_discovery,P027,success,mobile_app,,
C0447,2026-08-16 12:25:00,product_view,P027,success,mobile_app,,
C0448,2026-08-10 00:00:00,product_discovery,P010,success,website,,
C0448,2026-08-10 00:01:00,product_view,P010,success,website,,
C0448,2026-08-10 00:04:00,cart_add,P010,success,website,,
C0449,2026-08-20 10:24:00,product_discovery,P004,success,mobile_app,,
C0449,2026-08-20 10:26:00,product_view,P004,success,mobile_app,,
C0450,2026-08-11 15:10:00,product_discovery,P007,success,website,,
C0450,2026-08-11 15:15:00,product_view,P007,success,website,,
C0450,2026-08-11 15:24:00,cart_add,P007,success,website,,
C0450,2026-08-11 15:37:00,checkout_start,P007,success,website,,
C0450,2026-08-11 15:38:00,payment_attempt,P007,success,website,TXNC04507349,
C0450,2026-08-11 15:42:00,payment_success,P007,success,website,TXNC04507349,
C0450,2026-08-11 15:45:00,order_confirmation,P007,success,website,TXNC04507349,ORDC04501881
C0450,2026-08-14 16:45:00,delivery,P007,success,website,,ORDC04501881
C0451,2026-08-21 03:12:00,product_discovery,P029,success,website,,
C0451,2026-08-21 03:15:00,product_view,P029,success,website,,
C0451,2026-08-21 03:24:00,cart_add,P029,success,website,,
C0451,2026-08-21 03:28:00,checkout_start,P029,success,website,,
C0451,2026-08-21 03:32:00,payment_attempt,P029,success,website,TXNC04513906,
C0451,2026-08-21 03:33:00,payment_success,P029,success,website,TXNC04513906,
C0451,2026-08-21 03:34:00,order_confirmation,P029,success,website,TXNC04513906,ORDC04512955
C0452,2026-08-07 16:25:00,product_discovery,P036,success,mobile_app,,
C0452,2026-08-07 16:27:00,product_view,P036,success,mobile_app,,
C0453,2026-08-11 22:40:00,product_discovery,P010,success,website,,
C0453,2026-08-11 22:42:00,product_view,P010,success,website,,
C0454,2026-08-15 13:32:00,product_discovery,P040,success,mobile_app,,
C0454,2026-08-15 13:36:00,product_view,P040,success,mobile_app,,
C0455,2026-08-19 04:11:00,product_discovery,P021,success,website,,
C0455,2026-08-19 04:13:00,product_view,P021,success,website,,
C0456,2026-08-13 16:35:00,product_discovery,P035,success,mobile_app,,
C0456,2026-08-13 16:36:00,product_view,P035,success,mobile_app,,
C0456,2026-08-13 16:40:00,cart_add,P035,success,mobile_app,,
C0457,2026-08-06 07:18:00,product_discovery,P040,success,mobile_app,,
C0457,2026-08-06 07:23:00,product_view,P040,success,mobile_app,,
C0458,2026-08-09 04:57:00,product_discovery,P029,success,website,,
C0458,2026-08-09 05:02:00,product_view,P029,success,website,,
C0458,2026-08-09 05:06:00,cart_add,P029,success,website,,
C0458,2026-08-09 05:17:00,checkout_start,P029,success,website,,
C0458,2026-08-09 05:24:00,payment_attempt,P029,success,website,TXNC04582857,
C0458,2026-08-09 05:28:00,payment_success,P029,success,website,TXNC04582857,
C0458,2026-08-09 05:31:00,order_confirmation,P029,success,website,TXNC04582857,ORDC04589468
C0458,2026-08-15 08:31:00,delivery,P029,success,website,,ORDC04589468
C0458,2026-08-26 08:31:00,review,P029,success,website,,ORDC04589468
C0459,2026-08-05 17:08:00,product_discovery,P021,success,website,,
C0459,2026-08-05 17:09:00,product_view,P021,success,website,,
C0460,2026-08-15 14:23:00,product_discovery,P005,success,website,,
C0460,2026-08-15 14:25:00,product_view,P005,success,website,,
C0460,2026-08-15 14:32:00,cart_add,P005,success,website,,
C0460,2026-08-15 14:36:00,checkout_start,P005,success,website,,
C0460,2026-08-15 14:43:00,payment_attempt,P005,success,website,TXNC04602181,
C0460,2026-08-15 14:45:00,payment_failure,P005,failed,website,TXNC04602181,
C0461,2026-08-17 15:30:00,product_discovery,P022,success,website,,
C0462,2026-08-05 09:12:00,product_discovery,P017,success,website,,
C0462,2026-08-05 09:17:00,product_view,P017,success,website,,
C0463,2026-08-11 14:22:00,product_discovery,P026,success,mobile_app,,
C0464,2026-08-16 15:42:00,product_discovery,P008,success,website,,
C0465,2026-08-18 07:23:00,product_discovery,P038,success,website,,
C0465,2026-08-18 07:24:00,product_view,P038,success,website,,
C0466,2026-08-19 05:44:00,product_discovery,P020,success,website,,
C0466,2026-08-19 05:47:00,product_view,P020,success,website,,
C0467,2026-08-20 00:59:00,product_discovery,P002,success,mobile_app,,
C0467,2026-08-20 01:01:00,product_view,P002,success,mobile_app,,
C0467,2026-08-20 01:04:00,cart_add,P002,success,mobile_app,,
C0467,2026-08-20 01:17:00,checkout_start,P002,success,mobile_app,,
C0467,2026-08-20 01:22:00,payment_attempt,P002,success,mobile_app,TXNC04673360,
C0467,2026-08-20 01:25:00,payment_success,P002,success,mobile_app,TXNC04673360,
C0467,2026-08-20 01:28:00,order_confirmation,P002,success,mobile_app,TXNC04673360,ORDC04671182
C0467,2026-08-22 03:28:00,delivery,P002,success,mobile_app,,ORDC04671182
C0468,2026-08-13 19:01:00,product_discovery,P006,success,mobile_app,,
C0468,2026-08-13 19:03:00,product_view,P006,success,mobile_app,,
C0469,2026-08-16 00:45:00,product_discovery,P033,success,website,,
C0469,2026-08-16 00:47:00,product_view,P033,success,website,,
C0469,2026-08-16 00:57:00,cart_add,P033,success,website,,
C0470,2026-08-16 14:26:00,product_discovery,P037,success,website,,
C0470,2026-08-16 14:31:00,product_view,P037,success,website,,
C0471,2026-08-16 14:49:00,product_discovery,P005,success,mobile_app,,
C0471,2026-08-16 14:50:00,product_view,P005,success,mobile_app,,
C0472,2026-08-08 20:41:00,product_discovery,P023,success,website,,
C0472,2026-08-08 20:43:00,product_view,P023,success,website,,
C0473,2026-08-05 17:40:00,product_discovery,P021,success,mobile_app,,
C0473,2026-08-05 17:44:00,product_view,P021,success,mobile_app,,
C0473,2026-08-05 17:49:00,cart_add,P021,success,mobile_app,,
C0473,2026-08-05 17:52:00,checkout_start,P021,success,mobile_app,,
C0473,2026-08-05 17:58:00,payment_attempt,P021,success,mobile_app,TXNC04738017,
C0473,2026-08-05 18:00:00,payment_failure,P021,failed,mobile_app,TXNC04738017,
C0474,2026-08-06 22:26:00,product_discovery,P015,success,mobile_app,,
C0474,2026-08-06 22:29:00,product_view,P015,success,mobile_app,,
C0474,2026-08-06 22:32:00,cart_add,P015,success,mobile_app,,
C0474,2026-08-06 22:38:00,checkout_start,P015,success,mobile_app,,
C0474,2026-08-06 22:46:00,payment_attempt,P015,success,mobile_app,TXNC04746004,
C0474,2026-08-06 22:50:00,payment_success,P015,success,mobile_app,TXNC04746004,
C0474,2026-08-06 22:51:00,order_confirmation,P015,success,mobile_app,TXNC04746004,ORDC04742343
C0474,2026-08-10 01:51:00,delivery,P015,success,mobile_app,,ORDC04742343
C0474,2026-08-22 01:51:00,review,P015,success,mobile_app,,ORDC04742343
C0475,2026-08-15 14:13:00,product_discovery,P005,success,website,,
C0475,2026-08-15 14:14:00,product_view,P005,success,website,,
C0475,2026-08-15 14:15:00,cart_add,P005,success,website,,
C0476,2026-08-14 18:14:00,product_discovery,P014,success,website,,
C0476,2026-08-14 18:19:00,product_view,P014,success,website,,
C0477,2026-08-18 23:21:00,product_discovery,P010,success,mobile_app,,
C0477,2026-08-18 23:25:00,product_view,P010,success,mobile_app,,
C0477,2026-08-18 23:35:00,cart_add,P010,success,mobile_app,,
C0478,2026-08-12 17:40:00,product_discovery,P033,success,website,,
C0478,2026-08-12 17:44:00,product_view,P033,success,website,,
C0478,2026-08-12 17:45:00,cart_add,P033,success,website,,
C0478,2026-08-12 17:59:00,checkout_start,P033,success,website,,
C0478,2026-08-12 18:02:00,payment_attempt,P033,success,website,TXNC04783299,
C0478,2026-08-12 18:06:00,payment_success,P033,success,website,TXNC04783299,
C0478,2026-08-12 18:09:00,order_confirmation,P033,success,website,TXNC04783299,ORDC04783395
C0478,2026-08-14 22:09:00,delivery,P033,success,website,,ORDC04783395
C0479,2026-08-02 18:19:00,product_discovery,P017,success,mobile_app,,
C0480,2026-08-06 00:55:00,product_discovery,P034,success,mobile_app,,
C0480,2026-08-06 00:59:00,product_view,P034,success,mobile_app,,
C0480,2026-08-06 01:07:00,cart_add,P034,success,mobile_app,,
C0480,2026-08-06 01:08:00,checkout_start,P034,success,mobile_app,,
C0480,2026-08-06 01:14:00,payment_attempt,P034,success,mobile_app,TXNC04809542,
C0480,2026-08-06 01:17:00,payment_success,P034,success,mobile_app,TXNC04809542,
C0480,2026-08-06 01:19:00,order_confirmation,P034,success,mobile_app,TXNC04809542,ORDC04803848
C0480,2026-08-10 05:19:00,delivery,P034,success,mobile_app,,ORDC04803848
C0481,2026-08-03 02:30:00,product_discovery,P034,success,mobile_app,,
C0481,2026-08-03 02:34:00,product_view,P034,success,mobile_app,,
C0482,2026-08-09 08:43:00,product_discovery,P023,success,mobile_app,,
C0482,2026-08-09 08:47:00,product_view,P023,success,mobile_app,,
C0483,2026-08-04 11:53:00,product_discovery,P029,success,website,,
C0484,2026-08-15 23:25:00,product_discovery,P018,success,website,,
C0484,2026-08-15 23:27:00,product_view,P018,success,website,,
C0484,2026-08-15 23:33:00,cart_add,P018,success,website,,
C0485,2026-08-06 13:47:00,product_discovery,P027,success,mobile_app,,
C0485,2026-08-06 13:48:00,product_view,P027,success,mobile_app,,
C0486,2026-08-14 18:39:00,product_discovery,P011,success,mobile_app,,
C0486,2026-08-14 18:40:00,product_view,P011,success,mobile_app,,
C0487,2026-08-04 23:59:00,product_discovery,P009,success,website,,
C0487,2026-08-05 00:04:00,product_view,P009,success,website,,
C0488,2026-08-05 10:19:00,product_discovery,P034,success,mobile_app,,
C0488,2026-08-05 10:24:00,product_view,P034,success,mobile_app,,
C0488,2026-08-05 10:25:00,cart_add,P034,success,mobile_app,,
C0488,2026-08-05 10:37:00,checkout_start,P034,success,mobile_app,,
C0488,2026-08-05 10:42:00,payment_attempt,P034,success,mobile_app,TXNC04884548,
C0488,2026-08-05 10:46:00,payment_success,P034,success,mobile_app,TXNC04884548,
C0488,2026-08-05 10:48:00,order_confirmation,P034,success,mobile_app,TXNC04884548,ORDC04883794
C0488,2026-08-11 12:48:00,delivery,P034,success,mobile_app,,ORDC04883794
C0489,2026-08-18 19:09:00,product_discovery,P012,success,mobile_app,,
C0489,2026-08-18 19:11:00,product_view,P012,success,mobile_app,,
C0489,2026-08-18 19:17:00,cart_add,P012,success,mobile_app,,
C0489,2026-08-18 19:27:00,checkout_start,P012,success,mobile_app,,
C0489,2026-08-18 19:31:00,payment_attempt,P012,success,mobile_app,TXNC04893166,
C0489,2026-08-18 19:32:00,payment_failure,P012,failed,mobile_app,TXNC04893166,
C0490,2026-08-13 05:28:00,product_discovery,P033,success,mobile_app,,
C0490,2026-08-13 05:30:00,product_view,P033,success,mobile_app,,
C0491,2026-08-15 07:44:00,product_discovery,P039,success,website,,
C0491,2026-08-15 07:49:00,product_view,P039,success,website,,
C0492,2026-08-16 08:06:00,product_discovery,P009,success,website,,
C0492,2026-08-16 08:10:00,product_view,P009,success,website,,
C0492,2026-08-16 08:16:00,cart_add,P009,success,website,,
C0492,2026-08-16 08:28:00,checkout_start,P009,success,website,,
C0492,2026-08-16 08:32:00,payment_attempt,P009,success,website,TXNC04928899,
C0492,2026-08-16 08:36:00,payment_success,P009,success,website,TXNC04928899,
C0492,2026-08-16 08:39:00,order_confirmation,P009,success,website,TXNC04928899,ORDC04922600
C0492,2026-08-21 12:39:00,delivery,P009,success,website,,ORDC04922600
C0493,2026-08-03 05:46:00,product_discovery,P019,success,mobile_app,,
C0493,2026-08-03 05:49:00,product_view,P019,success,mobile_app,,
C0494,2026-08-04 00:21:00,product_discovery,P034,success,website,,
C0494,2026-08-04 00:25:00,product_view,P034,success,website,,
C0495,2026-08-03 18:12:00,product_discovery,P010,success,mobile_app,,
C0495,2026-08-03 18:17:00,product_view,P010,success,mobile_app,,
C0496,2026-08-09 15:41:00,product_discovery,P040,success,mobile_app,,
C0496,2026-08-09 15:45:00,product_view,P040,success,mobile_app,,
C0497,2026-08-14 00:30:00,product_discovery,P031,success,website,,
C0497,2026-08-14 00:33:00,product_view,P031,success,website,,
C0498,2026-08-08 07:28:00,product_discovery,P037,success,mobile_app,,
C0498,2026-08-08 07:32:00,product_view,P037,success,mobile_app,,
C0498,2026-08-08 07:34:00,cart_add,P037,success,mobile_app,,
C0498,2026-08-08 07:42:00,checkout_start,P037,success,mobile_app,,
C0498,2026-08-08 07:45:00,payment_attempt,P037,success,mobile_app,TXNC04989328,
C0498,2026-08-08 07:49:00,payment_success,P037,success,mobile_app,TXNC04989328,
C0498,2026-08-08 07:52:00,order_confirmation,P037,success,mobile_app,TXNC04989328,ORDC04981852
C0498,2026-08-15 09:52:00,delivery,P037,success,mobile_app,,ORDC04981852
C0498,2026-08-17 09:52:00,return,P037,success,mobile_app,,ORDC04981852
C0499,2026-08-12 01:35:00,product_discovery,P039,success,mobile_app,,
C0500,2026-08-06 09:06:00,product_discovery,P024,success,website,,
C0501,2026-08-10 01:53:00,product_discovery,P026,success,mobile_app,,
C0502,2026-08-18 22:29:00,product_discovery,P012,success,mobile_app,,
C0503,2026-08-20 16:31:00,product_discovery,P034,success,mobile_app,,
C0504,2026-08-14 23:24:00,product_discovery,P033,success,website,,
C0504,2026-08-14 23:29:00,product_view,P033,success,website,,
C0505,2026-08-16 05:43:00,product_discovery,P001,success,website,,
C0505,2026-08-16 05:44:00,product_view,P001,success,website,,
C0506,2026-08-10 07:48:00,product_discovery,P026,success,website,,
C0507,2026-08-17 08:16:00,product_discovery,P005,success,website,,
C0507,2026-08-17 08:21:00,product_view,P005,success,website,,
C0507,2026-08-17 08:30:00,cart_add,P005,success,website,,
C0508,2026-08-19 21:22:00,product_discovery,P018,success,website,,
C0508,2026-08-19 21:27:00,product_view,P018,success,website,,
C0508,2026-08-19 21:35:00,cart_add,P018,success,website,,
C0509,2026-08-05 07:35:00,product_discovery,P027,success,website,,
C0510,2026-08-08 00:42:00,product_discovery,P022,success,website,,
C0510,2026-08-08 00:47:00,product_view,P022,success,website,,
C0510,2026-08-08 00:56:00,cart_add,P022,success,website,,
C0511,2026-08-11 09:48:00,product_discovery,P025,success,mobile_app,,
C0511,2026-08-11 09:50:00,product_view,P025,success,mobile_app,,
C0511,2026-08-11 09:58:00,cart_add,P025,success,mobile_app,,
C0511,2026-08-11 10:13:00,checkout_start,P025,success,mobile_app,,
C0511,2026-08-11 10:14:00,payment_attempt,P025,success,mobile_app,TXNC05115224,
C0511,2026-08-11 10:15:00,payment_success,P025,success,mobile_app,TXNC05115224,
C0511,2026-08-11 10:16:00,order_confirmation,P025,success,mobile_app,TXNC05115224,ORDC05114767
C0511,2026-08-15 13:16:00,delivery,P025,success,mobile_app,,ORDC05114767
C0511,2026-08-29 13:16:00,review,P025,success,mobile_app,,ORDC05114767
C0512,2026-08-07 07:49:00,product_discovery,P016,success,mobile_app,,
C0512,2026-08-07 07:50:00,product_view,P016,success,mobile_app,,
C0513,2026-08-05 09:28:00,product_discovery,P031,success,mobile_app,,
C0513,2026-08-05 09:31:00,product_view,P031,success,mobile_app,,
C0514,2026-08-18 07:30:00,product_discovery,P013,success,mobile_app,,
C0514,2026-08-18 07:32:00,product_view,P013,success,mobile_app,,
C0514,2026-08-18 07:36:00,cart_add,P013,success,mobile_app,,
C0515,2026-08-20 07:59:00,product_discovery,P016,success,mobile_app,,
C0515,2026-08-20 08:01:00,product_view,P016,success,mobile_app,,
C0515,2026-08-20 08:03:00,cart_add,P016,success,mobile_app,,
C0515,2026-08-20 08:14:00,checkout_start,P016,success,mobile_app,,
C0515,2026-08-20 08:22:00,payment_attempt,P016,success,mobile_app,TXNC05159871,
C0515,2026-08-20 08:23:00,payment_success,P016,success,mobile_app,TXNC05159871,
C0515,2026-08-20 08:25:00,order_confirmation,P016,success,mobile_app,TXNC05159871,ORDC05159066
C0515,2026-08-26 11:25:00,delivery,P016,success,mobile_app,,ORDC05159066
C0515,2026-09-05 11:25:00,review,P016,success,mobile_app,,ORDC05159066
C0516,2026-08-04 06:02:00,product_discovery,P004,success,mobile_app,,
C0516,2026-08-04 06:06:00,product_view,P004,success,mobile_app,,
C0517,2026-08-10 07:01:00,product_discovery,P012,success,mobile_app,,
C0517,2026-08-10 07:02:00,product_view,P012,success,mobile_app,,
C0518,2026-08-01 12:35:00,product_discovery,P001,success,website,,
C0518,2026-08-01 12:39:00,product_view,P001,success,website,,
C0519,2026-08-20 22:40:00,product_discovery,P017,success,website,,
C0519,2026-08-20 22:45:00,product_view,P017,success,website,,
C0520,2026-08-15 06:49:00,product_discovery,P022,success,mobile_app,,
C0520,2026-08-15 06:51:00,product_view,P022,success,mobile_app,,
C0521,2026-08-18 10:47:00,product_discovery,P024,success,mobile_app,,
C0521,2026-08-18 10:51:00,product_view,P024,success,mobile_app,,
C0522,2026-08-14 10:30:00,product_discovery,P015,success,website,,
C0522,2026-08-14 10:33:00,product_view,P015,success,website,,
C0523,2026-08-10 00:00:00,product_discovery,P013,success,website,,
C0523,2026-08-10 00:02:00,product_view,P013,success,website,,
C0524,2026-08-12 16:50:00,product_discovery,P009,success,mobile_app,,
C0524,2026-08-12 16:54:00,product_view,P009,success,mobile_app,,
C0524,2026-08-12 17:03:00,cart_add,P009,success,mobile_app,,
C0525,2026-08-17 01:07:00,product_discovery,P011,success,website,,
C0525,2026-08-17 01:09:00,product_view,P011,success,website,,
C0525,2026-08-17 01:17:00,cart_add,P011,success,website,,
C0526,2026-08-08 22:46:00,product_discovery,P017,success,mobile_app,,
C0526,2026-08-08 22:49:00,product_view,P017,success,mobile_app,,
C0527,2026-08-10 16:52:00,product_discovery,P008,success,mobile_app,,
C0527,2026-08-10 16:57:00,product_view,P008,success,mobile_app,,
C0527,2026-08-10 17:07:00,cart_add,P008,success,mobile_app,,
C0528,2026-08-19 02:09:00,product_discovery,P019,success,mobile_app,,
C0528,2026-08-19 02:12:00,product_view,P019,success,mobile_app,,
C0528,2026-08-19 02:20:00,cart_add,P019,success,mobile_app,,
C0528,2026-08-19 02:28:00,checkout_start,P019,success,mobile_app,,
C0528,2026-08-19 02:35:00,payment_attempt,P019,success,mobile_app,TXNC05288598,
C0528,2026-08-19 02:37:00,payment_success,P019,success,mobile_app,TXNC05288598,
C0528,2026-08-19 02:40:00,order_confirmation,P019,success,mobile_app,TXNC05288598,ORDC05286527
C0528,2026-08-25 06:40:00,delivery,P019,success,mobile_app,,ORDC05286527
C0529,2026-08-03 03:12:00,product_discovery,P011,success,mobile_app,,
C0529,2026-08-03 03:14:00,product_view,P011,success,mobile_app,,
C0529,2026-08-03 03:19:00,cart_add,P011,success,mobile_app,,
C0529,2026-08-03 03:29:00,checkout_start,P011,success,mobile_app,,
C0529,2026-08-03 03:34:00,payment_attempt,P011,success,mobile_app,TXNC05296950,
C0529,2026-08-03 03:39:00,payment_success,P011,success,mobile_app,TXNC05296950,
C0529,2026-08-03 03:41:00,order_confirmation,P011,success,mobile_app,TXNC05296950,ORDC05294012
C0529,2026-08-06 04:41:00,delivery,P011,success,mobile_app,,ORDC05294012
C0530,2026-08-17 06:40:00,product_discovery,P006,success,website,,
C0530,2026-08-17 06:42:00,product_view,P006,success,website,,
C0531,2026-08-21 07:52:00,product_discovery,P031,success,website,,
C0531,2026-08-21 07:53:00,product_view,P031,success,website,,
C0531,2026-08-21 08:02:00,cart_add,P031,success,website,,
C0532,2026-08-15 09:33:00,product_discovery,P010,success,website,,
C0532,2026-08-15 09:37:00,product_view,P010,success,website,,
C0532,2026-08-15 09:41:00,cart_add,P010,success,website,,
C0532,2026-08-15 09:49:00,checkout_start,P010,success,website,,
C0532,2026-08-15 09:52:00,payment_attempt,P010,success,website,TXNC05323795,
C0532,2026-08-15 09:53:00,payment_failure,P010,failed,website,TXNC05323795,
C0533,2026-08-09 10:52:00,product_discovery,P021,success,mobile_app,,
C0533,2026-08-09 10:56:00,product_view,P021,success,mobile_app,,
C0533,2026-08-09 11:05:00,cart_add,P021,success,mobile_app,,
C0534,2026-08-17 04:59:00,product_discovery,P035,success,website,,
C0534,2026-08-17 05:04:00,product_view,P035,success,website,,
C0535,2026-08-15 21:24:00,product_discovery,P035,success,mobile_app,,
C0535,2026-08-15 21:27:00,product_view,P035,success,mobile_app,,
C0535,2026-08-15 21:31:00,cart_add,P035,success,mobile_app,,
C0536,2026-08-10 17:07:00,product_discovery,P017,success,website,,
C0537,2026-08-13 05:48:00,product_discovery,P009,success,mobile_app,,
C0537,2026-08-13 05:51:00,product_view,P009,success,mobile_app,,
C0537,2026-08-13 05:52:00,cart_add,P009,success,mobile_app,,
C0537,2026-08-13 06:00:00,checkout_start,P009,success,mobile_app,,
C0537,2026-08-13 06:08:00,payment_attempt,P009,success,mobile_app,TXNC05378052,
C0537,2026-08-13 06:11:00,payment_success,P009,success,mobile_app,TXNC05378052,
C0537,2026-08-13 06:12:00,order_confirmation,P009,success,mobile_app,TXNC05378052,ORDC05374089
C0537,2026-08-18 10:12:00,delivery,P009,success,mobile_app,,ORDC05374089
C0537,2026-08-30 10:12:00,review,P009,success,mobile_app,,ORDC05374089
C0538,2026-08-16 00:47:00,product_discovery,P025,success,mobile_app,,
C0538,2026-08-16 00:49:00,product_view,P025,success,mobile_app,,
C0538,2026-08-16 00:56:00,cart_add,P025,success,mobile_app,,
C0538,2026-08-16 01:05:00,checkout_start,P025,success,mobile_app,,
C0538,2026-08-16 01:10:00,payment_attempt,P025,success,mobile_app,TXNC05389715,
C0538,2026-08-16 01:13:00,payment_success,P025,success,mobile_app,TXNC05389715,
C0538,2026-08-16 01:14:00,order_confirmation,P025,success,mobile_app,TXNC05389715,ORDC05385744
C0538,2026-08-22 02:14:00,delivery,P025,success,mobile_app,,ORDC05385744
C0539,2026-08-12 12:41:00,product_discovery,P013,success,mobile_app,,
C0539,2026-08-12 12:42:00,product_view,P013,success,mobile_app,,
C0540,2026-08-03 15:51:00,product_discovery,P019,success,mobile_app,,
C0540,2026-08-03 15:53:00,product_view,P019,success,mobile_app,,
C0541,2026-08-04 18:17:00,product_discovery,P001,success,mobile_app,,
C0541,2026-08-04 18:19:00,product_view,P001,success,mobile_app,,
C0541,2026-08-04 18:24:00,cart_add,P001,success,mobile_app,,
C0541,2026-08-04 18:32:00,checkout_start,P001,success,mobile_app,,
C0541,2026-08-04 18:40:00,payment_attempt,P001,success,mobile_app,TXNC05411519,
C0541,2026-08-04 18:43:00,payment_failure,P001,failed,mobile_app,TXNC05411519,
C0542,2026-08-18 09:54:00,product_discovery,P010,success,website,,
C0542,2026-08-18 09:57:00,product_view,P010,success,website,,
C0543,2026-08-05 11:10:00,product_discovery,P013,success,mobile_app,,
C0543,2026-08-05 11:14:00,product_view,P013,success,mobile_app,,
C0543,2026-08-05 11:16:00,cart_add,P013,success,mobile_app,,
C0544,2026-08-18 21:11:00,product_discovery,P029,success,website,,
C0544,2026-08-18 21:12:00,product_view,P029,success,website,,
C0545,2026-08-06 01:50:00,product_discovery,P031,success,mobile_app,,
C0545,2026-08-06 01:53:00,product_view,P031,success,mobile_app,,
C0545,2026-08-06 01:56:00,cart_add,P031,success,mobile_app,,
C0545,2026-08-06 01:57:00,checkout_start,P031,success,mobile_app,,
C0545,2026-08-06 01:59:00,payment_attempt,P031,success,mobile_app,TXNC05455895,
C0545,2026-08-06 02:01:00,payment_success,P031,success,mobile_app,TXNC05455895,
C0545,2026-08-06 02:02:00,order_confirmation,P031,success,mobile_app,TXNC05455895,ORDC05454568
C0545,2026-08-11 03:02:00,delivery,P031,success,mobile_app,,ORDC05454568
C0545,2026-08-16 03:02:00,review,P031,success,mobile_app,,ORDC05454568
C0546,2026-08-14 15:19:00,product_discovery,P008,success,mobile_app,,
C0547,2026-08-02 06:56:00,product_discovery,P038,success,mobile_app,,
C0547,2026-08-02 07:01:00,product_view,P038,success,mobile_app,,
C0548,2026-08-12 17:01:00,product_discovery,P006,success,mobile_app,,
C0549,2026-08-16 00:01:00,product_discovery,P010,success,website,,
C0549,2026-08-16 00:03:00,product_view,P010,success,website,,
C0549,2026-08-16 00:09:00,cart_add,P010,success,website,,
C0549,2026-08-16 00:22:00,checkout_start,P010,success,website,,
C0549,2026-08-16 00:28:00,payment_attempt,P010,success,website,TXNC05498187,
C0549,2026-08-16 00:30:00,payment_failure,P010,failed,website,TXNC05498187,
C0550,2026-08-09 22:18:00,product_discovery,P023,success,website,,
C0550,2026-08-09 22:21:00,product_view,P023,success,website,,
C0550,2026-08-09 22:29:00,cart_add,P023,success,website,,
C0551,2026-08-17 04:40:00,product_discovery,P032,success,website,,
C0551,2026-08-17 04:45:00,product_view,P032,success,website,,
C0552,2026-08-11 23:48:00,product_discovery,P018,success,website,,
C0552,2026-08-11 23:49:00,product_view,P018,success,website,,
C0553,2026-08-07 07:49:00,product_discovery,P035,success,mobile_app,,
C0554,2026-08-15 20:26:00,product_discovery,P033,success,mobile_app,,
C0554,2026-08-15 20:28:00,product_view,P033,success,mobile_app,,
C0554,2026-08-15 20:38:00,cart_add,P033,success,mobile_app,,
C0554,2026-08-15 20:51:00,checkout_start,P033,success,mobile_app,,
C0554,2026-08-15 20:57:00,payment_attempt,P033,success,mobile_app,TXNC05549830,
C0554,2026-08-15 21:01:00,payment_success,P033,success,mobile_app,TXNC05549830,
C0554,2026-08-15 21:04:00,order_confirmation,P033,success,mobile_app,TXNC05549830,ORDC05543525
C0554,2026-08-23 00:04:00,delivery,P033,success,mobile_app,,ORDC05543525
C0554,2026-09-03 00:04:00,review,P033,success,mobile_app,,ORDC05543525
C0555,2026-08-02 20:24:00,product_discovery,P003,success,website,,
C0555,2026-08-02 20:26:00,product_view,P003,success,website,,
C0556,2026-08-05 16:38:00,product_discovery,P007,success,website,,
C0556,2026-08-05 16:43:00,product_view,P007,success,website,,
C0556,2026-08-05 16:50:00,cart_add,P007,success,website,,
C0556,2026-08-05 16:59:00,checkout_start,P007,success,website,,
C0557,2026-08-06 08:32:00,product_discovery,P039,success,website,,
C0557,2026-08-06 08:33:00,product_view,P039,success,website,,
C0557,2026-08-06 08:37:00,cart_add,P039,success,website,,
C0557,2026-08-06 08:52:00,checkout_start,P039,success,website,,
C0557,2026-08-06 08:54:00,payment_attempt,P039,success,website,TXNC05571994,
C0557,2026-08-06 08:57:00,payment_success,P039,success,website,TXNC05571994,
C0557,2026-08-06 08:59:00,order_confirmation,P039,success,website,TXNC05571994,ORDC05571955
C0557,2026-08-13 11:59:00,delivery,P039,success,website,,ORDC05571955
C0557,2026-08-17 11:59:00,review,P039,success,website,,ORDC05571955
C0557,2026-08-18 11:59:00,return,P039,success,website,,ORDC05571955
C0558,2026-08-13 03:42:00,product_discovery,P007,success,website,,
C0558,2026-08-13 03:44:00,product_view,P007,success,website,,
C0559,2026-08-16 06:44:00,product_discovery,P016,success,website,,
C0559,2026-08-16 06:49:00,product_view,P016,success,website,,
C0559,2026-08-16 06:56:00,cart_add,P016,success,website,,
C0559,2026-08-16 07:09:00,checkout_start,P016,success,website,,
C0559,2026-08-16 07:15:00,payment_attempt,P016,success,website,TXNC05597997,
C0559,2026-08-16 07:16:00,payment_success,P016,success,website,TXNC05597997,
C0559,2026-08-16 07:17:00,order_confirmation,P016,success,website,TXNC05597997,ORDC05599268
C0559,2026-08-22 10:17:00,delivery,P016,success,website,,ORDC05599268
C0560,2026-08-09 08:24:00,product_discovery,P021,success,mobile_app,,
C0560,2026-08-09 08:27:00,product_view,P021,success,mobile_app,,
C0560,2026-08-09 08:34:00,cart_add,P021,success,mobile_app,,
C0560,2026-08-09 08:40:00,checkout_start,P021,success,mobile_app,,
C0560,2026-08-09 08:44:00,payment_attempt,P021,success,mobile_app,TXNC05605162,
C0560,2026-08-09 08:47:00,payment_success,P021,success,mobile_app,TXNC05605162,
C0560,2026-08-09 08:49:00,order_confirmation,P021,success,mobile_app,TXNC05605162,ORDC05601003
C0560,2026-08-15 09:49:00,delivery,P021,success,mobile_app,,ORDC05601003
C0560,2026-08-18 09:49:00,return,P021,success,mobile_app,,ORDC05601003
C0561,2026-08-08 04:50:00,product_discovery,P001,success,mobile_app,,
C0561,2026-08-08 04:52:00,product_view,P001,success,mobile_app,,
C0562,2026-08-20 00:53:00,product_discovery,P018,success,website,,
C0563,2026-08-09 10:14:00,product_discovery,P010,success,website,,
C0563,2026-08-09 10:17:00,product_view,P010,success,website,,
C0564,2026-08-07 03:56:00,product_discovery,P020,success,website,,
C0564,2026-08-07 04:01:00,product_view,P020,success,website,,
C0564,2026-08-07 04:05:00,cart_add,P020,success,website,,
C0565,2026-08-12 07:31:00,product_discovery,P012,success,mobile_app,,
C0565,2026-08-12 07:36:00,product_view,P012,success,mobile_app,,
C0565,2026-08-12 07:38:00,cart_add,P012,success,mobile_app,,
C0566,2026-08-19 17:27:00,product_discovery,P037,success,mobile_app,,
C0566,2026-08-19 17:28:00,product_view,P037,success,mobile_app,,
C0567,2026-08-19 22:16:00,product_discovery,P028,success,mobile_app,,
C0567,2026-08-19 22:17:00,product_view,P028,success,mobile_app,,
C0567,2026-08-19 22:21:00,cart_add,P028,success,mobile_app,,
C0567,2026-08-19 22:35:00,checkout_start,P028,success,mobile_app,,
C0567,2026-08-19 22:36:00,payment_attempt,P028,success,mobile_app,TXNC05677266,
C0567,2026-08-19 22:37:00,payment_success,P028,success,mobile_app,TXNC05677266,
C0567,2026-08-19 22:38:00,order_confirmation,P028,success,mobile_app,TXNC05677266,ORDC05673450
C0567,2026-08-23 01:38:00,delivery,P028,success,mobile_app,,ORDC05673450
C0568,2026-08-10 06:33:00,product_discovery,P029,success,website,,
C0568,2026-08-10 06:35:00,product_view,P029,success,website,,
C0569,2026-08-08 23:35:00,product_discovery,P006,success,mobile_app,,
C0569,2026-08-08 23:40:00,product_view,P006,success,mobile_app,,
C0570,2026-08-03 06:27:00,product_discovery,P026,success,mobile_app,,
C0570,2026-08-03 06:29:00,product_view,P026,success,mobile_app,,
C0571,2026-08-12 10:26:00,product_discovery,P026,success,website,,
C0571,2026-08-12 10:31:00,product_view,P026,success,website,,
C0572,2026-08-02 23:07:00,product_discovery,P018,success,mobile_app,,
C0572,2026-08-02 23:10:00,product_view,P018,success,mobile_app,,
C0573,2026-08-16 14:51:00,product_discovery,P027,success,mobile_app,,
C0573,2026-08-16 14:54:00,product_view,P027,success,mobile_app,,
C0574,2026-08-16 05:56:00,product_discovery,P002,success,mobile_app,,
C0574,2026-08-16 05:58:00,product_view,P002,success,mobile_app,,
C0574,2026-08-16 06:08:00,cart_add,P002,success,mobile_app,,
C0575,2026-08-04 15:38:00,product_discovery,P029,success,website,,
C0575,2026-08-04 15:40:00,product_view,P029,success,website,,
C0576,2026-08-17 21:51:00,product_discovery,P006,success,website,,
C0576,2026-08-17 21:52:00,product_view,P006,success,website,,
C0576,2026-08-17 22:02:00,cart_add,P006,success,website,,
C0576,2026-08-17 22:16:00,checkout_start,P006,success,website,,
C0577,2026-08-17 02:54:00,product_discovery,P008,success,mobile_app,,
C0577,2026-08-17 02:58:00,product_view,P008,success,mobile_app,,
C0578,2026-08-13 13:49:00,product_discovery,P014,success,website,,
C0578,2026-08-13 13:54:00,product_view,P014,success,website,,
C0579,2026-08-15 12:15:00,product_discovery,P010,success,website,,
C0579,2026-08-15 12:19:00,product_view,P010,success,website,,
C0580,2026-08-05 05:01:00,product_discovery,P004,success,mobile_app,,
C0580,2026-08-05 05:03:00,product_view,P004,success,mobile_app,,
C0581,2026-08-11 21:55:00,product_discovery,P001,success,website,,
C0581,2026-08-11 21:59:00,product_view,P001,success,website,,
C0581,2026-08-11 22:05:00,cart_add,P001,success,website,,
C0582,2026-08-16 02:39:00,product_discovery,P025,success,website,,
C0582,2026-08-16 02:43:00,product_view,P025,success,website,,
C0582,2026-08-16 02:45:00,cart_add,P025,success,website,,
C0582,2026-08-16 02:53:00,checkout_start,P025,success,website,,
C0582,2026-08-16 02:55:00,payment_attempt,P025,success,website,TXNC05829202,
C0582,2026-08-16 02:59:00,payment_success,P025,success,website,TXNC05829202,
C0583,2026-08-06 23:06:00,product_discovery,P034,success,mobile_app,,
C0583,2026-08-06 23:09:00,product_view,P034,success,mobile_app,,
C0584,2026-08-16 21:43:00,product_discovery,P023,success,mobile_app,,
C0584,2026-08-16 21:46:00,product_view,P023,success,mobile_app,,
C0585,2026-08-02 17:51:00,product_discovery,P017,success,mobile_app,,
C0585,2026-08-02 17:52:00,product_view,P017,success,mobile_app,,
C0586,2026-08-09 02:39:00,product_discovery,P026,success,website,,
C0586,2026-08-09 02:40:00,product_view,P026,success,website,,
C0586,2026-08-09 02:49:00,cart_add,P026,success,website,,
C0586,2026-08-09 02:59:00,checkout_start,P026,success,website,,
C0586,2026-08-09 03:03:00,payment_attempt,P026,success,website,TXNC05863502,
C0586,2026-08-09 03:07:00,payment_success,P026,success,website,TXNC05863502,
C0586,2026-08-09 03:10:00,order_confirmation,P026,success,website,TXNC05863502,ORDC05869883
C0586,2026-08-12 05:10:00,delivery,P026,success,website,,ORDC05869883
C0587,2026-08-05 22:29:00,product_discovery,P009,success,mobile_app,,
C0587,2026-08-05 22:34:00,product_view,P009,success,mobile_app,,
C0587,2026-08-05 22:41:00,cart_add,P009,success,mobile_app,,
C0588,2026-08-14 04:28:00,product_discovery,P011,success,mobile_app,,
C0588,2026-08-14 04:29:00,product_view,P011,success,mobile_app,,
C0589,2026-08-20 10:29:00,product_discovery,P010,success,website,,
C0589,2026-08-20 10:32:00,product_view,P010,success,website,,
C0589,2026-08-20 10:39:00,cart_add,P010,success,website,,
C0590,2026-08-20 00:45:00,product_discovery,P018,success,website,,
C0590,2026-08-20 00:47:00,product_view,P018,success,website,,
C0591,2026-08-15 06:13:00,product_discovery,P040,success,mobile_app,,
C0591,2026-08-15 06:18:00,product_view,P040,success,mobile_app,,
C0591,2026-08-15 06:22:00,cart_add,P040,success,mobile_app,,
C0591,2026-08-15 06:26:00,checkout_start,P040,success,mobile_app,,
C0592,2026-08-19 01:53:00,product_discovery,P031,success,website,,
C0592,2026-08-19 01:58:00,product_view,P031,success,website,,
C0592,2026-08-19 02:06:00,cart_add,P031,success,website,,
C0593,2026-08-10 03:36:00,product_discovery,P032,success,mobile_app,,
C0593,2026-08-10 03:38:00,product_view,P032,success,mobile_app,,
C0594,2026-08-18 17:32:00,product_discovery,P001,success,mobile_app,,
C0594,2026-08-18 17:36:00,product_view,P001,success,mobile_app,,
C0594,2026-08-18 17:40:00,cart_add,P001,success,mobile_app,,
C0595,2026-08-11 07:54:00,product_discovery,P040,success,mobile_app,,
C0595,2026-08-11 07:57:00,product_view,P040,success,mobile_app,,
C0596,2026-08-18 23:55:00,product_discovery,P003,success,mobile_app,,
C0596,2026-08-18 23:58:00,product_view,P003,success,mobile_app,,
C0596,2026-08-19 00:08:00,cart_add,P003,success,mobile_app,,
C0596,2026-08-19 00:17:00,checkout_start,P003,success,mobile_app,,
C0596,2026-08-19 00:18:00,payment_attempt,P003,success,mobile_app,TXNC05968399,
C0596,2026-08-19 00:22:00,payment_success,P003,success,mobile_app,TXNC05968399,
C0596,2026-08-19 00:23:00,order_confirmation,P003,success,mobile_app,TXNC05968399,ORDC05965025
C0596,2026-08-21 04:23:00,delivery,P003,success,mobile_app,,ORDC05965025
C0597,2026-08-15 16:25:00,product_discovery,P004,success,website,,
C0597,2026-08-15 16:28:00,product_view,P004,success,website,,
C0597,2026-08-15 16:33:00,cart_add,P004,success,website,,
C0598,2026-08-10 22:43:00,product_discovery,P019,success,website,,
C0598,2026-08-10 22:48:00,product_view,P019,success,website,,
C0598,2026-08-10 22:56:00,cart_add,P019,success,website,,
C0599,2026-08-12 17:25:00,product_discovery,P008,success,website,,
C0599,2026-08-12 17:30:00,product_view,P008,success,website,,
C0600,2026-08-10 17:51:00,product_discovery,P021,success,mobile_app,,
C0600,2026-08-10 17:52:00,product_view,P021,success,mobile_app,,
C0600,2026-08-10 18:02:00,cart_add,P021,success,mobile_app,,
C0601,2026-08-11 16:19:00,product_discovery,P006,success,mobile_app,,
C0601,2026-08-11 16:22:00,product_view,P006,success,mobile_app,,
C0601,2026-08-11 16:25:00,cart_add,P006,success,mobile_app,,
C0602,2026-08-17 09:41:00,product_discovery,P029,success,mobile_app,,
C0602,2026-08-17 09:42:00,product_view,P029,success,mobile_app,,
C0602,2026-08-17 09:49:00,cart_add,P029,success,mobile_app,,
C0602,2026-08-17 09:58:00,checkout_start,P029,success,mobile_app,,
C0602,2026-08-17 10:01:00,payment_attempt,P029,success,mobile_app,TXNC06027235,
C0602,2026-08-17 10:02:00,payment_success,P029,success,mobile_app,TXNC06027235,
C0602,2026-08-17 10:04:00,order_confirmation,P029,success,mobile_app,TXNC06027235,ORDC06023459
C0602,2026-08-20 12:04:00,delivery,P029,success,mobile_app,,ORDC06023459
C0602,2026-08-25 12:04:00,review,P029,success,mobile_app,,ORDC06023459
C0603,2026-08-08 09:02:00,product_discovery,P029,success,mobile_app,,
C0603,2026-08-08 09:04:00,product_view,P029,success,mobile_app,,
C0603,2026-08-08 09:07:00,cart_add,P029,success,mobile_app,,
C0603,2026-08-08 09:08:00,checkout_start,P029,success,mobile_app,,
C0604,2026-08-12 15:46:00,product_discovery,P032,success,website,,
C0604,2026-08-12 15:51:00,product_view,P032,success,website,,
C0605,2026-08-16 08:09:00,product_discovery,P031,success,mobile_app,,
C0605,2026-08-16 08:13:00,product_view,P031,success,mobile_app,,
C0605,2026-08-16 08:23:00,cart_add,P031,success,mobile_app,,
C0605,2026-08-16 08:27:00,checkout_start,P031,success,mobile_app,,
C0605,2026-08-16 08:32:00,payment_attempt,P031,success,mobile_app,TXNC06054401,
C0605,2026-08-16 08:33:00,payment_success,P031,success,mobile_app,TXNC06054401,
C0605,2026-08-16 08:34:00,order_confirmation,P031,success,mobile_app,TXNC06054401,ORDC06051601
C0605,2026-08-23 10:34:00,delivery,P031,success,mobile_app,,ORDC06051601
C0606,2026-08-08 20:49:00,product_discovery,P006,success,website,,
C0606,2026-08-08 20:50:00,product_view,P006,success,website,,
C0607,2026-08-07 19:18:00,product_discovery,P040,success,website,,
C0607,2026-08-07 19:22:00,product_view,P040,success,website,,
C0607,2026-08-07 19:28:00,cart_add,P040,success,website,,
C0607,2026-08-07 19:30:00,checkout_start,P040,success,website,,
C0607,2026-08-07 19:36:00,payment_attempt,P040,success,website,TXNC06077208,
C0607,2026-08-07 19:37:00,payment_success,P040,success,website,TXNC06077208,
C0607,2026-08-07 19:40:00,order_confirmation,P040,success,website,TXNC06077208,ORDC06078713
C0607,2026-08-11 21:40:00,delivery,P040,success,website,,ORDC06078713
C0608,2026-08-06 02:36:00,product_discovery,P014,success,website,,
C0608,2026-08-06 02:37:00,product_view,P014,success,website,,
C0608,2026-08-06 02:46:00,cart_add,P014,success,website,,
C0608,2026-08-06 02:54:00,checkout_start,P014,success,website,,
C0608,2026-08-06 02:59:00,payment_attempt,P014,success,website,TXNC06086185,
C0608,2026-08-06 03:02:00,payment_success,P014,success,website,TXNC06086185,
C0608,2026-08-06 03:05:00,order_confirmation,P014,success,website,TXNC06086185,ORDC06083125
C0608,2026-08-13 07:05:00,delivery,P014,success,website,,ORDC06083125
C0609,2026-08-15 04:49:00,product_discovery,P015,success,mobile_app,,
C0610,2026-08-01 21:05:00,product_discovery,P030,success,website,,
C0610,2026-08-01 21:07:00,product_view,P030,success,website,,
C0611,2026-08-08 22:17:00,product_discovery,P023,success,website,,
C0611,2026-08-08 22:18:00,product_view,P023,success,website,,
C0612,2026-08-02 21:02:00,product_discovery,P020,success,mobile_app,,
C0612,2026-08-02 21:07:00,product_view,P020,success,mobile_app,,
C0613,2026-08-08 22:01:00,product_discovery,P022,success,mobile_app,,
C0613,2026-08-08 22:06:00,product_view,P022,success,mobile_app,,
C0613,2026-08-08 22:07:00,cart_add,P022,success,mobile_app,,
C0614,2026-08-09 00:33:00,product_discovery,P031,success,mobile_app,,
C0614,2026-08-09 00:34:00,product_view,P031,success,mobile_app,,
C0615,2026-08-11 19:33:00,product_discovery,P035,success,mobile_app,,
C0615,2026-08-11 19:37:00,product_view,P035,success,mobile_app,,
C0615,2026-08-11 19:44:00,cart_add,P035,success,mobile_app,,
C0615,2026-08-11 19:45:00,checkout_start,P035,success,mobile_app,,
C0615,2026-08-11 19:50:00,payment_attempt,P035,success,mobile_app,TXNC06156169,
C0615,2026-08-11 19:55:00,payment_success,P035,success,mobile_app,TXNC06156169,
C0615,2026-08-11 19:56:00,order_confirmation,P035,success,mobile_app,TXNC06156169,ORDC06156434
C0616,2026-08-04 17:32:00,product_discovery,P018,success,website,,
C0616,2026-08-04 17:35:00,product_view,P018,success,website,,
C0616,2026-08-04 17:44:00,cart_add,P018,success,website,,
C0616,2026-08-04 17:54:00,checkout_start,P018,success,website,,
C0616,2026-08-04 17:57:00,payment_attempt,P018,success,website,TXNC06166050,
C0616,2026-08-04 18:00:00,payment_success,P018,success,website,TXNC06166050,
C0616,2026-08-04 18:02:00,order_confirmation,P018,success,website,TXNC06166050,ORDC06169143
C0616,2026-08-08 20:02:00,delivery,P018,success,website,,ORDC06169143
C0616,2026-08-10 20:02:00,review,P018,success,website,,ORDC06169143
C0617,2026-08-09 20:22:00,product_discovery,P003,success,website,,
C0617,2026-08-09 20:23:00,product_view,P003,success,website,,
C0617,2026-08-09 20:24:00,cart_add,P003,success,website,,
C0617,2026-08-09 20:39:00,checkout_start,P003,success,website,,
C0617,2026-08-09 20:43:00,payment_attempt,P003,success,website,TXNC06178921,
C0617,2026-08-09 20:48:00,payment_success,P003,success,website,TXNC06178921,
C0617,2026-08-09 20:50:00,order_confirmation,P003,success,website,TXNC06178921,ORDC06172609
C0617,2026-08-11 22:50:00,delivery,P003,success,website,,ORDC06172609
C0618,2026-08-13 05:16:00,product_discovery,P008,success,website,,
C0618,2026-08-13 05:19:00,product_view,P008,success,website,,
C0618,2026-08-13 05:29:00,cart_add,P008,success,website,,
C0619,2026-08-02 09:11:00,product_discovery,P007,success,mobile_app,,
C0619,2026-08-02 09:12:00,product_view,P007,success,mobile_app,,
C0619,2026-08-02 09:17:00,cart_add,P007,success,mobile_app,,
C0620,2026-08-05 17:09:00,product_discovery,P019,success,mobile_app,,
C0620,2026-08-05 17:14:00,product_view,P019,success,mobile_app,,
C0620,2026-08-05 17:22:00,cart_add,P019,success,mobile_app,,
C0621,2026-08-07 13:26:00,product_discovery,P008,success,website,,
C0621,2026-08-07 13:31:00,product_view,P008,success,website,,
C0622,2026-08-09 07:19:00,product_discovery,P036,success,mobile_app,,
C0622,2026-08-09 07:22:00,product_view,P036,success,mobile_app,,
C0623,2026-08-05 05:32:00,product_discovery,P005,success,mobile_app,,
C0623,2026-08-05 05:37:00,product_view,P005,success,mobile_app,,
C0624,2026-08-04 07:02:00,product_discovery,P002,success,mobile_app,,
C0624,2026-08-04 07:03:00,product_view,P002,success,mobile_app,,
C0625,2026-08-10 06:02:00,product_discovery,P012,success,mobile_app,,
C0625,2026-08-10 06:07:00,product_view,P012,success,mobile_app,,
C0625,2026-08-10 06:13:00,cart_add,P012,success,mobile_app,,
C0625,2026-08-10 06:25:00,checkout_start,P012,success,mobile_app,,
C0625,2026-08-10 06:27:00,payment_attempt,P012,success,mobile_app,TXNC06258629,
C0625,2026-08-10 06:32:00,payment_success,P012,success,mobile_app,TXNC06258629,
C0625,2026-08-10 06:35:00,order_confirmation,P012,success,mobile_app,TXNC06258629,ORDC06258464
C0625,2026-08-17 09:35:00,delivery,P012,success,mobile_app,,ORDC06258464
C0626,2026-08-06 10:13:00,product_discovery,P010,success,mobile_app,,
C0626,2026-08-06 10:16:00,product_view,P010,success,mobile_app,,
C0626,2026-08-06 10:22:00,cart_add,P010,success,mobile_app,,
C0627,2026-08-12 10:14:00,product_discovery,P002,success,website,,
C0627,2026-08-12 10:18:00,product_view,P002,success,website,,
C0628,2026-08-05 05:16:00,product_discovery,P019,success,mobile_app,,
C0628,2026-08-05 05:21:00,product_view,P019,success,mobile_app,,
C0629,2026-08-19 22:29:00,product_discovery,P007,success,mobile_app,,
C0629,2026-08-19 22:34:00,product_view,P007,success,mobile_app,,
C0630,2026-08-10 10:53:00,product_discovery,P038,success,mobile_app,,
C0630,2026-08-10 10:55:00,product_view,P038,success,mobile_app,,
C0631,2026-08-12 07:26:00,product_discovery,P025,success,website,,
C0631,2026-08-12 07:29:00,product_view,P025,success,website,,
C0632,2026-08-11 05:45:00,product_discovery,P037,success,mobile_app,,
C0632,2026-08-11 05:50:00,product_view,P037,success,mobile_app,,
C0632,2026-08-11 05:53:00,cart_add,P037,success,mobile_app,,
C0632,2026-08-11 05:55:00,checkout_start,P037,success,mobile_app,,
C0632,2026-08-11 06:03:00,payment_attempt,P037,success,mobile_app,TXNC06328584,
C0632,2026-08-11 06:06:00,payment_success,P037,success,mobile_app,TXNC06328584,
C0632,2026-08-11 06:08:00,order_confirmation,P037,success,mobile_app,TXNC06328584,ORDC06327648
C0632,2026-08-18 07:08:00,delivery,P037,success,mobile_app,,ORDC06327648
C0633,2026-08-09 22:56:00,product_discovery,P021,success,mobile_app,,
C0634,2026-08-19 22:12:00,product_discovery,P009,success,website,,
C0634,2026-08-19 22:14:00,product_view,P009,success,website,,
C0635,2026-08-10 04:58:00,product_discovery,P040,success,mobile_app,,
C0635,2026-08-10 05:00:00,product_view,P040,success,mobile_app,,
C0636,2026-08-19 09:49:00,product_discovery,P020,success,mobile_app,,
C0636,2026-08-19 09:52:00,product_view,P020,success,mobile_app,,
C0637,2026-08-12 22:45:00,product_discovery,P026,success,website,,
C0638,2026-08-13 19:45:00,product_discovery,P004,success,website,,
C0638,2026-08-13 19:50:00,product_view,P004,success,website,,
C0639,2026-08-07 18:07:00,product_discovery,P002,success,website,,
C0639,2026-08-07 18:11:00,product_view,P002,success,website,,
C0639,2026-08-07 18:18:00,cart_add,P002,success,website,,
C0640,2026-08-10 00:23:00,product_discovery,P028,success,website,,
C0640,2026-08-10 00:25:00,product_view,P028,success,website,,
C0641,2026-08-20 12:34:00,product_discovery,P024,success,mobile_app,,
C0641,2026-08-20 12:36:00,product_view,P024,success,mobile_app,,
C0642,2026-08-02 23:10:00,product_discovery,P002,success,website,,
C0642,2026-08-02 23:14:00,product_view,P002,success,website,,
C0643,2026-08-15 22:45:00,product_discovery,P027,success,mobile_app,,
C0643,2026-08-15 22:50:00,product_view,P027,success,mobile_app,,
C0644,2026-08-12 22:12:00,product_discovery,P028,success,mobile_app,,
C0644,2026-08-12 22:16:00,product_view,P028,success,mobile_app,,
C0645,2026-08-01 12:03:00,product_discovery,P037,success,mobile_app,,
C0645,2026-08-01 12:05:00,product_view,P037,success,mobile_app,,
C0646,2026-08-13 18:16:00,product_discovery,P037,success,mobile_app,,
C0646,2026-08-13 18:17:00,product_view,P037,success,mobile_app,,
C0647,2026-08-09 17:17:00,product_discovery,P008,success,mobile_app,,
C0647,2026-08-09 17:18:00,product_view,P008,success,mobile_app,,
C0647,2026-08-09 17:27:00,cart_add,P008,success,mobile_app,,
C0647,2026-08-09 17:40:00,checkout_start,P008,success,mobile_app,,
C0647,2026-08-09 17:48:00,payment_attempt,P008,success,mobile_app,TXNC06479574,
C0647,2026-08-09 17:53:00,payment_failure,P008,failed,mobile_app,TXNC06479574,
C0648,2026-08-12 02:01:00,product_discovery,P005,success,mobile_app,,
C0649,2026-08-09 03:37:00,product_discovery,P035,success,website,,
C0649,2026-08-09 03:41:00,product_view,P035,success,website,,
C0650,2026-08-08 21:03:00,product_discovery,P027,success,mobile_app,,
C0650,2026-08-08 21:06:00,product_view,P027,success,mobile_app,,
C0650,2026-08-08 21:07:00,cart_add,P027,success,mobile_app,,
C0650,2026-08-08 21:17:00,checkout_start,P027,success,mobile_app,,
C0651,2026-08-12 02:24:00,product_discovery,P038,success,website,,
C0652,2026-08-07 23:20:00,product_discovery,P040,success,website,,
C0652,2026-08-07 23:23:00,product_view,P040,success,website,,
C0653,2026-08-20 17:00:00,product_discovery,P018,success,mobile_app,,
C0653,2026-08-20 17:02:00,product_view,P018,success,mobile_app,,
C0653,2026-08-20 17:07:00,cart_add,P018,success,mobile_app,,
C0653,2026-08-20 17:08:00,checkout_start,P018,success,mobile_app,,
C0653,2026-08-20 17:11:00,payment_attempt,P018,success,mobile_app,TXNC06533476,
C0653,2026-08-20 17:15:00,payment_success,P018,success,mobile_app,TXNC06533476,
C0653,2026-08-20 17:16:00,order_confirmation,P018,success,mobile_app,TXNC06533476,ORDC06534869
C0653,2026-08-26 21:16:00,delivery,P018,success,mobile_app,,ORDC06534869
C0653,2026-08-28 21:16:00,review,P018,success,mobile_app,,ORDC06534869
C0654,2026-08-04 15:13:00,product_discovery,P039,success,website,,
C0654,2026-08-04 15:17:00,product_view,P039,success,website,,
C0654,2026-08-04 15:24:00,cart_add,P039,success,website,,
C0654,2026-08-04 15:28:00,checkout_start,P039,success,website,,
C0654,2026-08-04 15:31:00,payment_attempt,P039,success,website,TXNC06546653,
C0654,2026-08-04 15:32:00,payment_success,P039,success,website,TXNC06546653,
C0654,2026-08-04 15:33:00,order_confirmation,P039,success,website,TXNC06546653,ORDC06548602
C0654,2026-08-09 19:33:00,delivery,P039,success,website,,ORDC06548602
C0655,2026-08-13 10:49:00,product_discovery,P015,success,mobile_app,,
C0655,2026-08-13 10:53:00,product_view,P015,success,mobile_app,,
C0656,2026-08-11 05:25:00,product_discovery,P001,success,mobile_app,,
C0656,2026-08-11 05:29:00,product_view,P001,success,mobile_app,,
C0656,2026-08-11 05:35:00,cart_add,P001,success,mobile_app,,
C0656,2026-08-11 05:46:00,checkout_start,P001,success,mobile_app,,
C0656,2026-08-11 05:48:00,payment_attempt,P001,success,mobile_app,TXNC06566797,
C0656,2026-08-11 05:52:00,payment_success,P001,success,mobile_app,TXNC06566797,
C0656,2026-08-11 05:55:00,order_confirmation,P001,success,mobile_app,TXNC06566797,ORDC06566488
C0656,2026-08-13 08:55:00,delivery,P001,success,mobile_app,,ORDC06566488
C0657,2026-08-11 19:49:00,product_discovery,P016,success,website,,
C0657,2026-08-11 19:54:00,product_view,P016,success,website,,
C0658,2026-08-01 13:46:00,product_discovery,P001,success,website,,
C0658,2026-08-01 13:47:00,product_view,P001,success,website,,
C0659,2026-08-11 11:32:00,product_discovery,P023,success,website,,
C0659,2026-08-11 11:35:00,product_view,P023,success,website,,
C0660,2026-08-03 10:12:00,product_discovery,P004,success,website,,
C0660,2026-08-03 10:17:00,product_view,P004,success,website,,
C0661,2026-08-15 02:14:00,product_discovery,P009,success,mobile_app,,
C0661,2026-08-15 02:19:00,product_view,P009,success,mobile_app,,
C0661,2026-08-15 02:22:00,cart_add,P009,success,mobile_app,,
C0662,2026-08-08 00:52:00,product_discovery,P030,success,website,,
C0662,2026-08-08 00:56:00,product_view,P030,success,website,,
C0662,2026-08-08 01:01:00,cart_add,P030,success,website,,
C0662,2026-08-08 01:13:00,checkout_start,P030,success,website,,
C0662,2026-08-08 01:19:00,payment_attempt,P030,success,website,TXNC06622212,
C0662,2026-08-08 01:22:00,payment_success,P030,success,website,TXNC06622212,
C0662,2026-08-08 01:24:00,order_confirmation,P030,success,website,TXNC06622212,ORDC06621984
C0662,2026-08-12 04:24:00,delivery,P030,success,website,,ORDC06621984
C0662,2026-08-16 04:24:00,review,P030,success,website,,ORDC06621984
C0663,2026-08-15 05:18:00,product_discovery,P026,success,website,,
C0663,2026-08-15 05:22:00,product_view,P026,success,website,,
C0663,2026-08-15 05:31:00,cart_add,P026,success,website,,
C0663,2026-08-15 05:35:00,checkout_start,P026,success,website,,
C0663,2026-08-15 05:37:00,payment_attempt,P026,success,website,TXNC06635243,
C0663,2026-08-15 05:38:00,payment_failure,P026,failed,website,TXNC06635243,
C0664,2026-08-02 22:27:00,product_discovery,P037,success,mobile_app,,
C0665,2026-08-12 15:48:00,product_discovery,P010,success,website,,
C0665,2026-08-12 15:49:00,product_view,P010,success,website,,
C0666,2026-08-08 20:07:00,product_discovery,P026,success,website,,
C0666,2026-08-08 20:12:00,product_view,P026,success,website,,
C0667,2026-08-10 12:35:00,product_discovery,P005,success,website,,
C0667,2026-08-10 12:36:00,product_view,P005,success,website,,
C0668,2026-08-13 12:20:00,product_discovery,P023,success,mobile_app,,
C0668,2026-08-13 12:23:00,product_view,P023,success,mobile_app,,
C0669,2026-08-20 18:02:00,product_discovery,P022,success,website,,
C0669,2026-08-20 18:06:00,product_view,P022,success,website,,
C0669,2026-08-20 18:11:00,cart_add,P022,success,website,,
C0669,2026-08-20 18:14:00,checkout_start,P022,success,website,,
C0669,2026-08-20 18:21:00,payment_attempt,P022,success,website,TXNC06695896,
C0669,2026-08-20 18:25:00,payment_success,P022,success,website,TXNC06695896,
C0669,2026-08-20 18:28:00,order_confirmation,P022,success,website,TXNC06695896,ORDC06698970
C0669,2026-08-25 19:28:00,delivery,P022,success,website,,ORDC06698970
C0669,2026-08-29 19:28:00,review,P022,success,website,,ORDC06698970
C0670,2026-08-01 21:51:00,product_discovery,P038,success,website,,
C0670,2026-08-01 21:55:00,product_view,P038,success,website,,
C0670,2026-08-01 22:04:00,cart_add,P038,success,website,,
C0670,2026-08-01 22:12:00,checkout_start,P038,success,website,,
C0670,2026-08-01 22:20:00,payment_attempt,P038,success,website,TXNC06701268,
C0670,2026-08-01 22:21:00,payment_success,P038,success,website,TXNC06701268,
C0670,2026-08-01 22:23:00,order_confirmation,P038,success,website,TXNC06701268,ORDC06701701
C0670,2026-08-09 02:23:00,delivery,P038,success,website,,ORDC06701701
C0671,2026-08-16 18:19:00,product_discovery,P035,success,website,,
C0671,2026-08-16 18:24:00,product_view,P035,success,website,,
C0672,2026-08-04 13:19:00,product_discovery,P032,success,website,,
C0672,2026-08-04 13:23:00,product_view,P032,success,website,,
C0673,2026-08-17 07:00:00,product_discovery,P009,success,website,,
C0673,2026-08-17 07:02:00,product_view,P009,success,website,,
C0673,2026-08-17 07:07:00,cart_add,P009,success,website,,
C0674,2026-08-05 05:13:00,product_discovery,P038,success,website,,
C0674,2026-08-05 05:14:00,product_view,P038,success,website,,
C0674,2026-08-05 05:24:00,cart_add,P038,success,website,,
C0675,2026-08-05 22:40:00,product_discovery,P028,success,mobile_app,,
C0675,2026-08-05 22:44:00,product_view,P028,success,mobile_app,,
C0676,2026-08-08 15:37:00,product_discovery,P014,success,website,,
C0676,2026-08-08 15:42:00,product_view,P014,success,website,,
C0677,2026-08-04 13:08:00,product_discovery,P027,success,website,,
C0677,2026-08-04 13:11:00,product_view,P027,success,website,,
C0678,2026-08-14 13:50:00,product_discovery,P003,success,website,,
C0678,2026-08-14 13:51:00,product_view,P003,success,website,,
C0679,2026-08-04 22:09:00,product_discovery,P002,success,mobile_app,,
C0680,2026-08-05 09:59:00,product_discovery,P006,success,mobile_app,,
C0680,2026-08-05 10:03:00,product_view,P006,success,mobile_app,,
C0680,2026-08-05 10:11:00,cart_add,P006,success,mobile_app,,
C0681,2026-08-07 11:58:00,product_discovery,P034,success,mobile_app,,
C0681,2026-08-07 12:02:00,product_view,P034,success,mobile_app,,
C0681,2026-08-07 12:05:00,cart_add,P034,success,mobile_app,,
C0681,2026-08-07 12:06:00,checkout_start,P034,success,mobile_app,,
C0681,2026-08-07 12:14:00,payment_attempt,P034,success,mobile_app,TXNC06812442,
C0681,2026-08-07 12:17:00,payment_success,P034,success,mobile_app,TXNC06812442,
C0681,2026-08-07 12:18:00,order_confirmation,P034,success,mobile_app,TXNC06812442,ORDC06814144
C0681,2026-08-09 13:18:00,delivery,P034,success,mobile_app,,ORDC06814144
C0682,2026-08-13 14:45:00,product_discovery,P033,success,website,,
C0682,2026-08-13 14:49:00,product_view,P033,success,website,,
C0683,2026-08-05 17:47:00,product_discovery,P008,success,website,,
C0683,2026-08-05 17:51:00,product_view,P008,success,website,,
C0683,2026-08-05 17:54:00,cart_add,P008,success,website,,
C0684,2026-08-09 14:53:00,product_discovery,P019,success,website,,
C0684,2026-08-09 14:57:00,product_view,P019,success,website,,
C0684,2026-08-09 15:07:00,cart_add,P019,success,website,,
C0685,2026-08-03 17:01:00,product_discovery,P004,success,website,,
C0685,2026-08-03 17:03:00,product_view,P004,success,website,,
C0686,2026-08-02 22:41:00,product_discovery,P016,success,mobile_app,,
C0686,2026-08-02 22:46:00,product_view,P016,success,mobile_app,,
C0687,2026-08-16 17:39:00,product_discovery,P021,success,website,,
C0687,2026-08-16 17:40:00,product_view,P021,success,website,,
C0688,2026-08-10 17:19:00,product_discovery,P013,success,mobile_app,,
C0689,2026-08-14 15:32:00,product_discovery,P032,success,website,,
C0689,2026-08-14 15:36:00,product_view,P032,success,website,,
C0690,2026-08-10 03:32:00,product_discovery,P024,success,website,,
C0690,2026-08-10 03:36:00,product_view,P024,success,website,,
C0690,2026-08-10 03:42:00,cart_add,P024,success,website,,
C0691,2026-08-02 01:31:00,product_discovery,P037,success,website,,
C0691,2026-08-02 01:34:00,product_view,P037,success,website,,
C0692,2026-08-05 05:29:00,product_discovery,P022,success,website,,
C0692,2026-08-05 05:32:00,product_view,P022,success,website,,
C0692,2026-08-05 05:42:00,cart_add,P022,success,website,,
C0692,2026-08-05 05:52:00,checkout_start,P022,success,website,,
C0693,2026-08-20 20:01:00,product_discovery,P034,success,mobile_app,,
C0693,2026-08-20 20:03:00,product_view,P034,success,mobile_app,,
C0694,2026-08-17 22:41:00,product_discovery,P028,success,website,,
C0694,2026-08-17 22:43:00,product_view,P028,success,website,,
C0695,2026-08-14 19:11:00,product_discovery,P010,success,website,,
C0695,2026-08-14 19:15:00,product_view,P010,success,website,,
C0695,2026-08-14 19:16:00,cart_add,P010,success,website,,
C0695,2026-08-14 19:28:00,checkout_start,P010,success,website,,
C0695,2026-08-14 19:29:00,payment_attempt,P010,success,website,TXNC06957460,
C0695,2026-08-14 19:33:00,payment_success,P010,success,website,TXNC06957460,
C0695,2026-08-14 19:36:00,order_confirmation,P010,success,website,TXNC06957460,ORDC06958412
C0695,2026-08-20 23:36:00,delivery,P010,success,website,,ORDC06958412
C0696,2026-08-10 14:04:00,product_discovery,P014,success,website,,
C0696,2026-08-10 14:07:00,product_view,P014,success,website,,
C0697,2026-08-16 13:22:00,product_discovery,P020,success,website,,
C0697,2026-08-16 13:26:00,product_view,P020,success,website,,
C0698,2026-08-11 16:24:00,product_discovery,P030,success,website,,
C0698,2026-08-11 16:28:00,product_view,P030,success,website,,
C0698,2026-08-11 16:34:00,cart_add,P030,success,website,,
C0698,2026-08-11 16:46:00,checkout_start,P030,success,website,,
C0698,2026-08-11 16:48:00,payment_attempt,P030,success,website,TXNC06986454,
C0698,2026-08-11 16:53:00,payment_failure,P030,failed,website,TXNC06986454,
C0699,2026-08-11 00:35:00,product_discovery,P018,success,website,,
C0699,2026-08-11 00:36:00,product_view,P018,success,website,,
C0699,2026-08-11 00:42:00,cart_add,P018,success,website,,
C0699,2026-08-11 00:43:00,checkout_start,P018,success,website,,
C0699,2026-08-11 00:49:00,payment_attempt,P018,success,website,TXNC06992818,
C0699,2026-08-11 00:53:00,payment_success,P018,success,website,TXNC06992818,
C0699,2026-08-11 00:56:00,order_confirmation,P018,success,website,TXNC06992818,ORDC06997003
C0699,2026-08-18 02:56:00,delivery,P018,success,website,,ORDC06997003
C0699,2026-08-22 02:56:00,return,P018,success,website,,ORDC06997003
C0699,2026-08-24 02:56:00,review,P018,success,website,,ORDC06997003
C0700,2026-08-06 18:19:00,product_discovery,P035,success,website,,
C0700,2026-08-06 18:23:00,product_view,P035,success,website,,
C0700,2026-08-06 18:33:00,cart_add,P035,success,website,,
C0701,2026-08-18 06:52:00,product_discovery,P015,success,mobile_app,,
C0701,2026-08-18 06:55:00,product_view,P015,success,mobile_app,,
C0701,2026-08-18 07:04:00,cart_add,P015,success,mobile_app,,
C0702,2026-08-09 19:36:00,product_discovery,P023,success,mobile_app,,
C0702,2026-08-09 19:40:00,product_view,P023,success,mobile_app,,
C0703,2026-08-13 10:29:00,product_discovery,P035,success,mobile_app,,
C0703,2026-08-13 10:33:00,product_view,P035,success,mobile_app,,
C0704,2026-08-11 18:03:00,product_discovery,P006,success,website,,
C0704,2026-08-11 18:07:00,product_view,P006,success,website,,
C0704,2026-08-11 18:12:00,cart_add,P006,success,website,,
C0705,2026-08-07 14:42:00,product_discovery,P008,success,website,,
C0705,2026-08-07 14:46:00,product_view,P008,success,website,,
C0706,2026-08-15 14:34:00,product_discovery,P002,success,mobile_app,,
C0706,2026-08-15 14:38:00,product_view,P002,success,mobile_app,,
C0706,2026-08-15 14:47:00,cart_add,P002,success,mobile_app,,
C0707,2026-08-11 10:24:00,product_discovery,P002,success,mobile_app,,
C0708,2026-08-21 04:06:00,product_discovery,P015,success,mobile_app,,
C0708,2026-08-21 04:10:00,product_view,P015,success,mobile_app,,
C0709,2026-08-16 11:38:00,product_discovery,P034,success,mobile_app,,
C0709,2026-08-16 11:42:00,product_view,P034,success,mobile_app,,
C0709,2026-08-16 11:45:00,cart_add,P034,success,mobile_app,,
C0710,2026-08-07 05:59:00,product_discovery,P015,success,mobile_app,,
C0710,2026-08-07 06:02:00,product_view,P015,success,mobile_app,,
C0711,2026-08-07 19:18:00,product_discovery,P030,success,website,,
C0711,2026-08-07 19:23:00,product_view,P030,success,website,,
C0712,2026-08-05 07:46:00,product_discovery,P010,success,website,,
C0712,2026-08-05 07:48:00,product_view,P010,success,website,,
C0713,2026-08-11 08:47:00,product_discovery,P017,success,mobile_app,,
C0713,2026-08-11 08:49:00,product_view,P017,success,mobile_app,,
C0713,2026-08-11 08:50:00,cart_add,P017,success,mobile_app,,
C0714,2026-08-11 12:54:00,product_discovery,P035,success,website,,
C0714,2026-08-11 12:59:00,product_view,P035,success,website,,
C0715,2026-08-12 16:44:00,product_discovery,P010,success,mobile_app,,
C0715,2026-08-12 16:47:00,product_view,P010,success,mobile_app,,
C0715,2026-08-12 16:56:00,cart_add,P010,success,mobile_app,,
C0715,2026-08-12 17:02:00,checkout_start,P010,success,mobile_app,,
C0715,2026-08-12 17:07:00,payment_attempt,P010,success,mobile_app,TXNC07155748,
C0715,2026-08-12 17:12:00,payment_success,P010,success,mobile_app,TXNC07155748,
C0715,2026-08-12 17:15:00,order_confirmation,P010,success,mobile_app,TXNC07155748,ORDC07158243
C0715,2026-08-19 20:15:00,delivery,P010,success,mobile_app,,ORDC07158243
C0715,2026-08-30 20:15:00,review,P010,success,mobile_app,,ORDC07158243
C0716,2026-08-13 20:53:00,product_discovery,P008,success,mobile_app,,
C0716,2026-08-13 20:54:00,product_view,P008,success,mobile_app,,
C0717,2026-08-03 10:30:00,product_discovery,P021,success,website,,
C0717,2026-08-03 10:35:00,product_view,P021,success,website,,
C0718,2026-08-19 02:41:00,product_discovery,P018,success,website,,
C0719,2026-08-20 15:54:00,product_discovery,P029,success,website,,
C0719,2026-08-20 15:59:00,product_view,P029,success,website,,
C0720,2026-08-15 02:27:00,product_discovery,P033,success,website,,
C0720,2026-08-15 02:30:00,product_view,P033,success,website,,
C0721,2026-08-09 19:36:00,product_discovery,P001,success,mobile_app,,
C0721,2026-08-09 19:39:00,product_view,P001,success,mobile_app,,
C0721,2026-08-09 19:47:00,cart_add,P001,success,mobile_app,,
C0722,2026-08-11 10:36:00,product_discovery,P027,success,mobile_app,,
C0722,2026-08-11 10:39:00,product_view,P027,success,mobile_app,,
C0722,2026-08-11 10:46:00,cart_add,P027,success,mobile_app,,
C0723,2026-08-14 16:40:00,product_discovery,P039,success,website,,
C0723,2026-08-14 16:42:00,product_view,P039,success,website,,
C0723,2026-08-14 16:50:00,cart_add,P039,success,website,,
C0723,2026-08-14 16:59:00,checkout_start,P039,success,website,,
C0723,2026-08-14 17:01:00,payment_attempt,P039,success,website,TXNC07237156,
C0723,2026-08-14 17:02:00,payment_failure,P039,failed,website,TXNC07237156,
C0724,2026-08-15 20:52:00,product_discovery,P018,success,mobile_app,,
C0724,2026-08-15 20:54:00,product_view,P018,success,mobile_app,,
C0724,2026-08-15 21:04:00,cart_add,P018,success,mobile_app,,
C0725,2026-08-20 06:32:00,product_discovery,P025,success,mobile_app,,
C0725,2026-08-20 06:37:00,product_view,P025,success,mobile_app,,
C0725,2026-08-20 06:42:00,cart_add,P025,success,mobile_app,,
C0726,2026-08-18 04:03:00,product_discovery,P030,success,website,,
C0726,2026-08-18 04:04:00,product_view,P030,success,website,,
C0727,2026-08-15 21:49:00,product_discovery,P031,success,website,,
C0727,2026-08-15 21:52:00,product_view,P031,success,website,,
C0727,2026-08-15 22:00:00,cart_add,P031,success,website,,
C0728,2026-08-04 01:11:00,product_discovery,P018,success,mobile_app,,
C0728,2026-08-04 01:12:00,product_view,P018,success,mobile_app,,
C0728,2026-08-04 01:18:00,cart_add,P018,success,mobile_app,,
C0729,2026-08-07 04:51:00,product_discovery,P031,success,website,,
C0729,2026-08-07 04:54:00,product_view,P031,success,website,,
C0730,2026-08-07 05:44:00,product_discovery,P011,success,website,,
C0730,2026-08-07 05:46:00,product_view,P011,success,website,,
C0731,2026-08-02 12:53:00,product_discovery,P018,success,mobile_app,,
C0731,2026-08-02 12:57:00,product_view,P018,success,mobile_app,,
C0732,2026-08-07 23:17:00,product_discovery,P034,success,website,,
C0732,2026-08-07 23:22:00,product_view,P034,success,website,,
C0732,2026-08-07 23:25:00,cart_add,P034,success,website,,
C0732,2026-08-07 23:35:00,checkout_start,P034,success,website,,
C0732,2026-08-07 23:41:00,payment_attempt,P034,success,website,TXNC07325932,
C0732,2026-08-07 23:44:00,payment_success,P034,success,website,TXNC07325932,
C0732,2026-08-07 23:47:00,order_confirmation,P034,success,website,TXNC07325932,ORDC07329755
C0732,2026-08-10 02:47:00,delivery,P034,success,website,,ORDC07329755
C0732,2026-08-23 02:47:00,review,P034,success,website,,ORDC07329755
C0733,2026-08-12 08:49:00,product_discovery,P027,success,mobile_app,,
C0733,2026-08-12 08:51:00,product_view,P027,success,mobile_app,,
C0734,2026-08-20 06:09:00,product_discovery,P013,success,website,,
C0734,2026-08-20 06:13:00,product_view,P013,success,website,,
C0735,2026-08-04 07:40:00,product_discovery,P002,success,mobile_app,,
C0735,2026-08-04 07:43:00,product_view,P002,success,mobile_app,,
C0736,2026-08-11 09:21:00,product_discovery,P039,success,mobile_app,,
C0736,2026-08-11 09:23:00,product_view,P039,success,mobile_app,,
C0736,2026-08-11 09:24:00,cart_add,P039,success,mobile_app,,
C0737,2026-08-20 19:56:00,product_discovery,P010,success,website,,
C0737,2026-08-20 19:59:00,product_view,P010,success,website,,
C0737,2026-08-20 20:02:00,cart_add,P010,success,website,,
C0737,2026-08-20 20:09:00,checkout_start,P010,success,website,,
C0738,2026-08-18 23:05:00,product_discovery,P031,success,mobile_app,,
C0738,2026-08-18 23:06:00,product_view,P031,success,mobile_app,,
C0738,2026-08-18 23:07:00,cart_add,P031,success,mobile_app,,
C0738,2026-08-18 23:16:00,checkout_start,P031,success,mobile_app,,
C0738,2026-08-18 23:24:00,payment_attempt,P031,success,mobile_app,TXNC07385145,
C0738,2026-08-18 23:25:00,payment_failure,P031,failed,mobile_app,TXNC07385145,
C0739,2026-08-16 12:35:00,product_discovery,P001,success,website,,
C0739,2026-08-16 12:36:00,product_view,P001,success,website,,
C0739,2026-08-16 12:40:00,cart_add,P001,success,website,,
C0740,2026-08-09 07:59:00,product_discovery,P002,success,website,,
C0740,2026-08-09 08:01:00,product_view,P002,success,website,,
C0740,2026-08-09 08:06:00,cart_add,P002,success,website,,
C0741,2026-08-20 19:01:00,product_discovery,P033,success,website,,
C0741,2026-08-20 19:06:00,product_view,P033,success,website,,
C0741,2026-08-20 19:08:00,cart_add,P033,success,website,,
C0742,2026-08-06 06:30:00,product_discovery,P013,success,mobile_app,,
C0742,2026-08-06 06:32:00,product_view,P013,success,mobile_app,,
C0743,2026-08-17 20:08:00,product_discovery,P007,success,website,,
C0743,2026-08-17 20:13:00,product_view,P007,success,website,,
C0744,2026-08-14 17:52:00,product_discovery,P012,success,mobile_app,,
C0744,2026-08-14 17:53:00,product_view,P012,success,mobile_app,,
C0744,2026-08-14 17:59:00,cart_add,P012,success,mobile_app,,
C0745,2026-08-06 12:16:00,product_discovery,P027,success,website,,
C0745,2026-08-06 12:19:00,product_view,P027,success,website,,
C0746,2026-08-12 14:46:00,product_discovery,P024,success,mobile_app,,
C0746,2026-08-12 14:51:00,product_view,P024,success,mobile_app,,
C0747,2026-08-03 23:11:00,product_discovery,P025,success,mobile_app,,
C0747,2026-08-03 23:15:00,product_view,P025,success,mobile_app,,
C0747,2026-08-03 23:20:00,cart_add,P025,success,mobile_app,,
C0748,2026-08-13 22:30:00,product_discovery,P027,success,mobile_app,,
C0748,2026-08-13 22:34:00,product_view,P027,success,mobile_app,,
C0748,2026-08-13 22:36:00,cart_add,P027,success,mobile_app,,
C0749,2026-08-16 18:53:00,product_discovery,P024,success,website,,
C0749,2026-08-16 18:54:00,product_view,P024,success,website,,
C0749,2026-08-16 19:02:00,cart_add,P024,success,website,,
C0750,2026-08-16 07:39:00,product_discovery,P006,success,website,,
C0750,2026-08-16 07:41:00,product_view,P006,success,website,,
C0750,2026-08-16 07:51:00,cart_add,P006,success,website,,
C0750,2026-08-16 08:03:00,checkout_start,P006,success,website,,
C0751,2026-08-05 20:43:00,product_discovery,P022,success,website,,
C0751,2026-08-05 20:48:00,product_view,P022,success,website,,
C0752,2026-08-20 09:43:00,product_discovery,P028,success,mobile_app,,
C0752,2026-08-20 09:46:00,product_view,P028,success,mobile_app,,
C0752,2026-08-20 09:56:00,cart_add,P028,success,mobile_app,,
C0752,2026-08-20 10:09:00,checkout_start,P028,success,mobile_app,,
C0752,2026-08-20 10:16:00,payment_attempt,P028,success,mobile_app,TXNC07527626,
C0752,2026-08-20 10:20:00,payment_success,P028,success,mobile_app,TXNC07527626,
C0752,2026-08-20 10:21:00,order_confirmation,P028,success,mobile_app,TXNC07527626,ORDC07522770
C0752,2026-08-25 11:21:00,delivery,P028,success,mobile_app,,ORDC07522770
C0753,2026-08-02 00:13:00,product_discovery,P007,success,website,,
C0753,2026-08-02 00:14:00,product_view,P007,success,website,,
C0753,2026-08-02 00:15:00,cart_add,P007,success,website,,
C0753,2026-08-02 00:22:00,checkout_start,P007,success,website,,
C0753,2026-08-02 00:28:00,payment_attempt,P007,success,website,TXNC07532578,
C0753,2026-08-02 00:29:00,payment_success,P007,success,website,TXNC07532578,
C0753,2026-08-02 00:32:00,order_confirmation,P007,success,website,TXNC07532578,ORDC07538635
C0753,2026-08-07 02:32:00,delivery,P007,success,website,,ORDC07538635
C0753,2026-08-13 02:32:00,review,P007,success,website,,ORDC07538635
C0754,2026-08-19 18:05:00,product_discovery,P035,success,website,,
C0754,2026-08-19 18:06:00,product_view,P035,success,website,,
C0755,2026-08-08 11:47:00,product_discovery,P025,success,mobile_app,,
C0756,2026-08-05 08:35:00,product_discovery,P036,success,mobile_app,,
C0756,2026-08-05 08:37:00,product_view,P036,success,mobile_app,,
C0757,2026-08-10 04:29:00,product_discovery,P032,success,website,,
C0757,2026-08-10 04:34:00,product_view,P032,success,website,,
C0757,2026-08-10 04:43:00,cart_add,P032,success,website,,
C0758,2026-08-14 03:03:00,product_discovery,P011,success,website,,
C0758,2026-08-14 03:07:00,product_view,P011,success,website,,
C0758,2026-08-14 03:17:00,cart_add,P011,success,website,,
C0758,2026-08-14 03:27:00,checkout_start,P011,success,website,,
C0758,2026-08-14 03:32:00,payment_attempt,P011,success,website,TXNC07581461,
C0758,2026-08-14 03:37:00,payment_failure,P011,failed,website,TXNC07581461,
C0759,2026-08-20 09:04:00,product_discovery,P024,success,mobile_app,,
C0760,2026-08-15 13:25:00,product_discovery,P022,success,mobile_app,,
C0760,2026-08-15 13:26:00,product_view,P022,success,mobile_app,,
C0761,2026-08-02 14:49:00,product_discovery,P016,success,website,,
C0761,2026-08-02 14:51:00,product_view,P016,success,website,,
C0762,2026-08-16 23:44:00,product_discovery,P005,success,mobile_app,,
C0762,2026-08-16 23:45:00,product_view,P005,success,mobile_app,,
C0763,2026-08-02 04:24:00,product_discovery,P030,success,mobile_app,,
C0763,2026-08-02 04:29:00,product_view,P030,success,mobile_app,,
C0764,2026-08-17 04:05:00,product_discovery,P031,success,website,,
C0764,2026-08-17 04:08:00,product_view,P031,success,website,,
C0765,2026-08-03 13:22:00,product_discovery,P032,success,website,,
C0765,2026-08-03 13:24:00,product_view,P032,success,website,,
C0765,2026-08-03 13:33:00,cart_add,P032,success,website,,
C0766,2026-08-15 07:46:00,product_discovery,P020,success,mobile_app,,
C0766,2026-08-15 07:50:00,product_view,P020,success,mobile_app,,
C0766,2026-08-15 07:52:00,cart_add,P020,success,mobile_app,,
C0767,2026-08-07 08:48:00,product_discovery,P004,success,mobile_app,,
C0767,2026-08-07 08:53:00,product_view,P004,success,mobile_app,,
C0767,2026-08-07 08:57:00,cart_add,P004,success,mobile_app,,
C0767,2026-08-07 08:59:00,checkout_start,P004,success,mobile_app,,
C0767,2026-08-07 09:01:00,payment_attempt,P004,success,mobile_app,TXNC07675478,
C0767,2026-08-07 09:02:00,payment_success,P004,success,mobile_app,TXNC07675478,
C0767,2026-08-07 09:05:00,order_confirmation,P004,success,mobile_app,TXNC07675478,ORDC07674436
C0767,2026-08-14 12:05:00,delivery,P004,success,mobile_app,,ORDC07674436
C0768,2026-08-08 03:47:00,product_discovery,P028,success,mobile_app,,
C0768,2026-08-08 03:49:00,product_view,P028,success,mobile_app,,
C0768,2026-08-08 03:54:00,cart_add,P028,success,mobile_app,,
C0768,2026-08-08 04:02:00,checkout_start,P028,success,mobile_app,,
C0768,2026-08-08 04:05:00,payment_attempt,P028,success,mobile_app,TXNC07689457,
C0768,2026-08-08 04:07:00,payment_success,P028,success,mobile_app,TXNC07689457,
C0768,2026-08-08 04:08:00,order_confirmation,P028,success,mobile_app,TXNC07689457,ORDC07688656
C0768,2026-08-14 07:08:00,delivery,P028,success,mobile_app,,ORDC07688656
C0769,2026-08-11 04:52:00,product_discovery,P037,success,website,,
C0769,2026-08-11 04:57:00,product_view,P037,success,website,,
C0770,2026-08-04 18:10:00,product_discovery,P020,success,mobile_app,,
C0770,2026-08-04 18:14:00,product_view,P020,success,mobile_app,,
C0770,2026-08-04 18:16:00,cart_add,P020,success,mobile_app,,
C0771,2026-08-20 01:51:00,product_discovery,P019,success,website,,
C0771,2026-08-20 01:54:00,product_view,P019,success,website,,
C0772,2026-08-03 22:01:00,product_discovery,P010,success,website,,
C0772,2026-08-03 22:02:00,product_view,P010,success,website,,
C0773,2026-08-14 01:44:00,product_discovery,P028,success,mobile_app,,
C0773,2026-08-14 01:45:00,product_view,P028,success,mobile_app,,
C0774,2026-08-07 05:07:00,product_discovery,P018,success,website,,
C0774,2026-08-07 05:08:00,product_view,P018,success,website,,
C0774,2026-08-07 05:16:00,cart_add,P018,success,website,,
C0774,2026-08-07 05:17:00,checkout_start,P018,success,website,,
C0774,2026-08-07 05:19:00,payment_attempt,P018,success,website,TXNC07745882,
C0774,2026-08-07 05:20:00,payment_success,P018,success,website,TXNC07745882,
C0774,2026-08-07 05:22:00,order_confirmation,P018,success,website,TXNC07745882,ORDC07742479
C0774,2026-08-14 09:22:00,delivery,P018,success,website,,ORDC07742479
C0774,2026-08-24 09:22:00,review,P018,success,website,,ORDC07742479
C0775,2026-08-18 01:07:00,product_discovery,P033,success,website,,
C0775,2026-08-18 01:12:00,product_view,P033,success,website,,
C0775,2026-08-18 01:22:00,cart_add,P033,success,website,,
C0775,2026-08-18 01:37:00,checkout_start,P033,success,website,,
C0775,2026-08-18 01:45:00,payment_attempt,P033,success,website,TXNC07754900,
C0775,2026-08-18 01:50:00,payment_success,P033,success,website,TXNC07754900,
C0775,2026-08-18 01:52:00,order_confirmation,P033,success,website,TXNC07754900,ORDC07757388
C0775,2026-08-21 03:52:00,delivery,P033,success,website,,ORDC07757388
C0775,2026-08-26 03:52:00,review,P033,success,website,,ORDC07757388
C0776,2026-08-11 08:00:00,product_discovery,P027,success,mobile_app,,
C0777,2026-08-13 11:20:00,product_discovery,P024,success,website,,
C0777,2026-08-13 11:23:00,product_view,P024,success,website,,
C0777,2026-08-13 11:31:00,cart_add,P024,success,website,,
C0777,2026-08-13 11:36:00,checkout_start,P024,success,website,,
C0777,2026-08-13 11:39:00,payment_attempt,P024,success,website,TXNC07777025,
C0777,2026-08-13 11:42:00,payment_failure,P024,failed,website,TXNC07777025,
C0778,2026-08-15 02:51:00,product_discovery,P003,success,website,,
C0778,2026-08-15 02:53:00,product_view,P003,success,website,,
C0779,2026-08-17 06:37:00,product_discovery,P024,success,website,,
C0779,2026-08-17 06:42:00,product_view,P024,success,website,,
C0780,2026-08-10 06:37:00,product_discovery,P017,success,mobile_app,,
C0780,2026-08-10 06:38:00,product_view,P017,success,mobile_app,,
C0781,2026-08-20 21:21:00,product_discovery,P011,success,mobile_app,,
C0781,2026-08-20 21:24:00,product_view,P011,success,mobile_app,,
C0781,2026-08-20 21:31:00,cart_add,P011,success,mobile_app,,
C0781,2026-08-20 21:36:00,checkout_start,P011,success,mobile_app,,
C0781,2026-08-20 21:44:00,payment_attempt,P011,success,mobile_app,TXNC07817765,
C0781,2026-08-20 21:47:00,payment_success,P011,success,mobile_app,TXNC07817765,
C0781,2026-08-20 21:48:00,order_confirmation,P011,success,mobile_app,TXNC07817765,ORDC07815275
C0781,2026-08-26 22:48:00,delivery,P011,success,mobile_app,,ORDC07815275
C0782,2026-08-08 18:27:00,product_discovery,P030,success,website,,
C0782,2026-08-08 18:28:00,product_view,P030,success,website,,
C0782,2026-08-08 18:31:00,cart_add,P030,success,website,,
C0782,2026-08-08 18:44:00,checkout_start,P030,success,website,,
C0782,2026-08-08 18:45:00,payment_attempt,P030,success,website,TXNC07826006,
C0782,2026-08-08 18:48:00,payment_success,P030,success,website,TXNC07826006,
C0782,2026-08-08 18:49:00,order_confirmation,P030,success,website,TXNC07826006,ORDC07829460
C0782,2026-08-15 20:49:00,delivery,P030,success,website,,ORDC07829460
C0783,2026-08-11 14:34:00,product_discovery,P031,success,website,,
C0783,2026-08-11 14:37:00,product_view,P031,success,website,,
C0783,2026-08-11 14:47:00,cart_add,P031,success,website,,
C0784,2026-08-03 06:05:00,product_discovery,P027,success,mobile_app,,
C0784,2026-08-03 06:07:00,product_view,P027,success,mobile_app,,
C0784,2026-08-03 06:14:00,cart_add,P027,success,mobile_app,,
C0784,2026-08-03 06:29:00,checkout_start,P027,success,mobile_app,,
C0784,2026-08-03 06:30:00,payment_attempt,P027,success,mobile_app,TXNC07844747,
C0784,2026-08-03 06:31:00,payment_success,P027,success,mobile_app,TXNC07844747,
C0784,2026-08-03 06:32:00,order_confirmation,P027,success,mobile_app,TXNC07844747,ORDC07843764
C0784,2026-08-08 07:32:00,delivery,P027,success,mobile_app,,ORDC07843764
C0784,2026-08-14 07:32:00,review,P027,success,mobile_app,,ORDC07843764
C0785,2026-08-05 04:54:00,product_discovery,P037,success,website,,
C0785,2026-08-05 04:55:00,product_view,P037,success,website,,
C0785,2026-08-05 05:02:00,cart_add,P037,success,website,,
C0786,2026-08-16 15:52:00,product_discovery,P032,success,website,,
C0786,2026-08-16 15:54:00,product_view,P032,success,website,,
C0786,2026-08-16 15:58:00,cart_add,P032,success,website,,
C0786,2026-08-16 16:12:00,checkout_start,P032,success,website,,
C0786,2026-08-16 16:17:00,payment_attempt,P032,success,website,TXNC07867259,
C0786,2026-08-16 16:19:00,payment_success,P032,success,website,TXNC07867259,
C0786,2026-08-16 16:20:00,order_confirmation,P032,success,website,TXNC07867259,ORDC07865636
C0786,2026-08-21 18:20:00,delivery,P032,success,website,,ORDC07865636
C0786,2026-08-26 18:20:00,review,P032,success,website,,ORDC07865636
C0787,2026-08-06 16:36:00,product_discovery,P040,success,mobile_app,,
C0787,2026-08-06 16:38:00,product_view,P040,success,mobile_app,,
C0788,2026-08-12 00:04:00,product_discovery,P009,success,mobile_app,,
C0788,2026-08-12 00:08:00,product_view,P009,success,mobile_app,,
C0788,2026-08-12 00:15:00,cart_add,P009,success,mobile_app,,
C0788,2026-08-12 00:27:00,checkout_start,P009,success,mobile_app,,
C0789,2026-08-02 16:05:00,product_discovery,P004,success,mobile_app,,
C0789,2026-08-02 16:07:00,product_view,P004,success,mobile_app,,
C0789,2026-08-02 16:13:00,cart_add,P004,success,mobile_app,,
C0789,2026-08-02 16:24:00,checkout_start,P004,success,mobile_app,,
C0790,2026-08-12 19:32:00,product_discovery,P040,success,mobile_app,,
C0790,2026-08-12 19:35:00,product_view,P040,success,mobile_app,,
C0791,2026-08-14 01:35:00,product_discovery,P003,success,website,,
C0791,2026-08-14 01:38:00,product_view,P003,success,website,,
C0791,2026-08-14 01:46:00,cart_add,P003,success,website,,
C0792,2026-08-03 08:57:00,product_discovery,P021,success,mobile_app,,
C0792,2026-08-03 08:59:00,product_view,P021,success,mobile_app,,
C0793,2026-08-04 05:50:00,product_discovery,P032,success,mobile_app,,
C0793,2026-08-04 05:53:00,product_view,P032,success,mobile_app,,
C0793,2026-08-04 05:58:00,cart_add,P032,success,mobile_app,,
C0793,2026-08-04 06:03:00,checkout_start,P032,success,mobile_app,,
C0793,2026-08-04 06:08:00,payment_attempt,P032,success,mobile_app,TXNC07938139,
C0793,2026-08-04 06:10:00,payment_success,P032,success,mobile_app,TXNC07938139,
C0793,2026-08-04 06:12:00,order_confirmation,P032,success,mobile_app,TXNC07938139,ORDC07933478
C0794,2026-08-04 17:10:00,product_discovery,P004,success,website,,
C0795,2026-08-07 06:07:00,product_discovery,P011,success,mobile_app,,
C0795,2026-08-07 06:11:00,product_view,P011,success,mobile_app,,
C0796,2026-08-09 10:42:00,product_discovery,P036,success,mobile_app,,
C0796,2026-08-09 10:46:00,product_view,P036,success,mobile_app,,
C0797,2026-08-03 11:06:00,product_discovery,P014,success,mobile_app,,
C0797,2026-08-03 11:08:00,product_view,P014,success,mobile_app,,
C0797,2026-08-03 11:17:00,cart_add,P014,success,mobile_app,,
C0797,2026-08-03 11:27:00,checkout_start,P014,success,mobile_app,,
C0797,2026-08-03 11:31:00,payment_attempt,P014,success,mobile_app,TXNC07971067,
C0797,2026-08-03 11:36:00,payment_success,P014,success,mobile_app,TXNC07971067,
C0797,2026-08-03 11:37:00,order_confirmation,P014,success,mobile_app,TXNC07971067,ORDC07972258
C0797,2026-08-10 13:37:00,delivery,P014,success,mobile_app,,ORDC07972258
C0797,2026-08-16 13:37:00,return,P014,success,mobile_app,,ORDC07972258
C0797,2026-08-21 13:37:00,review,P014,success,mobile_app,,ORDC07972258
C0798,2026-08-16 19:43:00,product_discovery,P008,success,mobile_app,,
C0798,2026-08-16 19:46:00,product_view,P008,success,mobile_app,,
C0798,2026-08-16 19:48:00,cart_add,P008,success,mobile_app,,
C0799,2026-08-11 19:20:00,product_discovery,P031,success,mobile_app,,
C0799,2026-08-11 19:23:00,product_view,P031,success,mobile_app,,
C0800,2026-08-02 07:56:00,product_discovery,P040,success,mobile_app,,
C0800,2026-08-02 07:59:00,product_view,P040,success,mobile_app,,
C0801,2026-08-20 23:27:00,product_discovery,P004,success,mobile_app,,
C0801,2026-08-20 23:30:00,product_view,P004,success,mobile_app,,
C0802,2026-08-15 00:55:00,product_discovery,P025,success,website,,
C0802,2026-08-15 00:59:00,product_view,P025,success,website,,
C0802,2026-08-15 01:03:00,cart_add,P025,success,website,,
C0803,2026-08-01 19:12:00,product_discovery,P014,success,website,,
C0803,2026-08-01 19:16:00,product_view,P014,success,website,,
C0803,2026-08-01 19:21:00,cart_add,P014,success,website,,
C0804,2026-08-08 03:02:00,product_discovery,P032,success,mobile_app,,
C0804,2026-08-08 03:05:00,product_view,P032,success,mobile_app,,
C0805,2026-08-16 11:27:00,product_discovery,P007,success,mobile_app,,
C0805,2026-08-16 11:32:00,product_view,P007,success,mobile_app,,
C0805,2026-08-16 11:40:00,cart_add,P007,success,mobile_app,,
C0806,2026-08-14 23:51:00,product_discovery,P028,success,website,,
C0806,2026-08-14 23:55:00,product_view,P028,success,website,,
C0807,2026-08-15 16:26:00,product_discovery,P028,success,website,,
C0807,2026-08-15 16:27:00,product_view,P028,success,website,,
C0807,2026-08-15 16:35:00,cart_add,P028,success,website,,
C0807,2026-08-15 16:46:00,checkout_start,P028,success,website,,
C0807,2026-08-15 16:49:00,payment_attempt,P028,success,website,TXNC08079638,
C0807,2026-08-15 16:54:00,payment_failure,P028,failed,website,TXNC08079638,
C0808,2026-08-11 23:42:00,product_discovery,P028,success,website,,
C0808,2026-08-11 23:46:00,product_view,P028,success,website,,
C0808,2026-08-11 23:49:00,cart_add,P028,success,website,,
C0808,2026-08-11 23:54:00,checkout_start,P028,success,website,,
C0808,2026-08-12 00:01:00,payment_attempt,P028,success,website,TXNC08081781,
C0808,2026-08-12 00:06:00,payment_failure,P028,failed,website,TXNC08081781,
C0809,2026-08-02 08:37:00,product_discovery,P033,success,website,,
C0809,2026-08-02 08:42:00,product_view,P033,success,website,,
C0810,2026-08-17 17:23:00,product_discovery,P037,success,mobile_app,,
C0810,2026-08-17 17:26:00,product_view,P037,success,mobile_app,,
C0810,2026-08-17 17:28:00,cart_add,P037,success,mobile_app,,
C0811,2026-08-16 09:18:00,product_discovery,P030,success,website,,
C0811,2026-08-16 09:20:00,product_view,P030,success,website,,
C0812,2026-08-21 06:49:00,product_discovery,P020,success,mobile_app,,
C0812,2026-08-21 06:54:00,product_view,P020,success,mobile_app,,
C0812,2026-08-21 07:02:00,cart_add,P020,success,mobile_app,,
C0813,2026-08-21 03:52:00,product_discovery,P012,success,website,,
C0814,2026-08-15 01:53:00,product_discovery,P017,success,website,,
C0814,2026-08-15 01:57:00,product_view,P017,success,website,,
C0815,2026-08-01 15:15:00,product_discovery,P011,success,mobile_app,,
C0815,2026-08-01 15:19:00,product_view,P011,success,mobile_app,,
C0815,2026-08-01 15:29:00,cart_add,P011,success,mobile_app,,
C0815,2026-08-01 15:34:00,checkout_start,P011,success,mobile_app,,
C0815,2026-08-01 15:40:00,payment_attempt,P011,success,mobile_app,TXNC08157471,
C0815,2026-08-01 15:43:00,payment_failure,P011,failed,mobile_app,TXNC08157471,
C0816,2026-08-04 09:47:00,product_discovery,P001,success,website,,
C0816,2026-08-04 09:48:00,product_view,P001,success,website,,
C0816,2026-08-04 09:52:00,cart_add,P001,success,website,,
C0817,2026-08-04 15:16:00,product_discovery,P016,success,mobile_app,,
C0817,2026-08-04 15:21:00,product_view,P016,success,mobile_app,,
C0817,2026-08-04 15:26:00,cart_add,P016,success,mobile_app,,
C0818,2026-08-01 19:54:00,product_discovery,P008,success,website,,
C0818,2026-08-01 19:56:00,product_view,P008,success,website,,
C0818,2026-08-01 20:04:00,cart_add,P008,success,website,,
C0819,2026-08-11 13:29:00,product_discovery,P038,success,website,,
C0819,2026-08-11 13:31:00,product_view,P038,success,website,,
C0820,2026-08-01 12:18:00,product_discovery,P007,success,mobile_app,,
C0820,2026-08-01 12:22:00,product_view,P007,success,mobile_app,,
C0820,2026-08-01 12:32:00,cart_add,P007,success,mobile_app,,
C0820,2026-08-01 12:41:00,checkout_start,P007,success,mobile_app,,
C0820,2026-08-01 12:42:00,payment_attempt,P007,success,mobile_app,TXNC08208964,
C0820,2026-08-01 12:47:00,payment_success,P007,success,mobile_app,TXNC08208964,
C0820,2026-08-01 12:50:00,order_confirmation,P007,success,mobile_app,TXNC08208964,ORDC08208993
C0820,2026-08-07 14:50:00,delivery,P007,success,mobile_app,,ORDC08208993
C0820,2026-08-09 14:50:00,review,P007,success,mobile_app,,ORDC08208993
C0820,2026-08-17 14:50:00,return,P007,success,mobile_app,,ORDC08208993
C0821,2026-08-07 10:16:00,product_discovery,P027,success,mobile_app,,
C0821,2026-08-07 10:17:00,product_view,P027,success,mobile_app,,
C0822,2026-08-11 06:14:00,product_discovery,P002,success,website,,
C0822,2026-08-11 06:17:00,product_view,P002,success,website,,
C0823,2026-08-06 14:45:00,product_discovery,P033,success,website,,
C0823,2026-08-06 14:50:00,product_view,P033,success,website,,
C0823,2026-08-06 14:56:00,cart_add,P033,success,website,,
C0823,2026-08-06 15:10:00,checkout_start,P033,success,website,,
C0823,2026-08-06 15:18:00,payment_attempt,P033,success,website,TXNC08235806,
C0823,2026-08-06 15:22:00,payment_success,P033,success,website,TXNC08235806,
C0823,2026-08-06 15:25:00,order_confirmation,P033,success,website,TXNC08235806,ORDC08236902
C0823,2026-08-09 19:25:00,delivery,P033,success,website,,ORDC08236902
C0823,2026-08-21 19:25:00,review,P033,success,website,,ORDC08236902
C0824,2026-08-03 07:04:00,product_discovery,P031,success,website,,
C0824,2026-08-03 07:06:00,product_view,P031,success,website,,
C0825,2026-08-19 09:20:00,product_discovery,P027,success,mobile_app,,
C0825,2026-08-19 09:23:00,product_view,P027,success,mobile_app,,
C0826,2026-08-01 17:54:00,product_discovery,P023,success,mobile_app,,
C0826,2026-08-01 17:57:00,product_view,P023,success,mobile_app,,
C0826,2026-08-01 18:00:00,cart_add,P023,success,mobile_app,,
C0826,2026-08-01 18:15:00,checkout_start,P023,success,mobile_app,,
C0826,2026-08-01 18:17:00,payment_attempt,P023,success,mobile_app,TXNC08262867,
C0826,2026-08-01 18:22:00,payment_success,P023,success,mobile_app,TXNC08262867,
C0826,2026-08-01 18:25:00,order_confirmation,P023,success,mobile_app,TXNC08262867,ORDC08265224
C0826,2026-08-03 21:25:00,delivery,P023,success,mobile_app,,ORDC08265224
C0827,2026-08-04 18:33:00,product_discovery,P033,success,website,,
C0827,2026-08-04 18:34:00,product_view,P033,success,website,,
C0827,2026-08-04 18:42:00,cart_add,P033,success,website,,
C0827,2026-08-04 18:56:00,checkout_start,P033,success,website,,
C0827,2026-08-04 18:58:00,payment_attempt,P033,success,website,TXNC08272669,
C0827,2026-08-04 19:03:00,payment_failure,P033,failed,website,TXNC08272669,
C0828,2026-08-03 17:34:00,product_discovery,P011,success,website,,
C0828,2026-08-03 17:36:00,product_view,P011,success,website,,
C0828,2026-08-03 17:39:00,cart_add,P011,success,website,,
C0829,2026-08-12 20:17:00,product_discovery,P032,success,website,,
C0829,2026-08-12 20:19:00,product_view,P032,success,website,,
C0829,2026-08-12 20:25:00,cart_add,P032,success,website,,
C0829,2026-08-12 20:27:00,checkout_start,P032,success,website,,
C0829,2026-08-12 20:35:00,payment_attempt,P032,success,website,TXNC08291107,
C0829,2026-08-12 20:37:00,payment_success,P032,success,website,TXNC08291107,
C0829,2026-08-12 20:39:00,order_confirmation,P032,success,website,TXNC08291107,ORDC08299274
C0829,2026-08-16 22:39:00,delivery,P032,success,website,,ORDC08299274
C0830,2026-08-15 15:45:00,product_discovery,P016,success,website,,
C0830,2026-08-15 15:50:00,product_view,P016,success,website,,
C0831,2026-08-11 02:11:00,product_discovery,P027,success,mobile_app,,
C0831,2026-08-11 02:15:00,product_view,P027,success,mobile_app,,
C0831,2026-08-11 02:24:00,cart_add,P027,success,mobile_app,,
C0831,2026-08-11 02:30:00,checkout_start,P027,success,mobile_app,,
C0831,2026-08-11 02:38:00,payment_attempt,P027,success,mobile_app,TXNC08311162,
C0831,2026-08-11 02:43:00,payment_success,P027,success,mobile_app,TXNC08311162,
C0831,2026-08-11 02:44:00,order_confirmation,P027,success,mobile_app,TXNC08311162,ORDC08317580
C0831,2026-08-16 04:44:00,delivery,P027,success,mobile_app,,ORDC08317580
C0832,2026-08-15 22:19:00,product_discovery,P010,success,website,,
C0832,2026-08-15 22:24:00,product_view,P010,success,website,,
C0833,2026-08-16 19:50:00,product_discovery,P036,success,mobile_app,,
C0833,2026-08-16 19:53:00,product_view,P036,success,mobile_app,,
C0833,2026-08-16 19:54:00,cart_add,P036,success,mobile_app,,
C0833,2026-08-16 20:09:00,checkout_start,P036,success,mobile_app,,
C0833,2026-08-16 20:12:00,payment_attempt,P036,success,mobile_app,TXNC08338310,
C0833,2026-08-16 20:14:00,payment_success,P036,success,mobile_app,TXNC08338310,
C0833,2026-08-16 20:17:00,order_confirmation,P036,success,mobile_app,TXNC08338310,ORDC08338244
C0833,2026-08-23 23:17:00,delivery,P036,success,mobile_app,,ORDC08338244
C0833,2026-08-28 23:17:00,review,P036,success,mobile_app,,ORDC08338244
C0834,2026-08-03 06:01:00,product_discovery,P003,success,mobile_app,,
C0834,2026-08-03 06:05:00,product_view,P003,success,mobile_app,,
C0835,2026-08-13 15:20:00,product_discovery,P019,success,website,,
C0835,2026-08-13 15:21:00,product_view,P019,success,website,,
C0836,2026-08-18 13:26:00,product_discovery,P011,success,website,,
C0836,2026-08-18 13:27:00,product_view,P011,success,website,,
C0836,2026-08-18 13:36:00,cart_add,P011,success,website,,
C0836,2026-08-18 13:40:00,checkout_start,P011,success,website,,
C0836,2026-08-18 13:45:00,payment_attempt,P011,success,website,TXNC08369278,
C0836,2026-08-18 13:46:00,payment_success,P011,success,website,TXNC08369278,
C0836,2026-08-18 13:48:00,order_confirmation,P011,success,website,TXNC08369278,ORDC08369314
C0836,2026-08-25 16:48:00,delivery,P011,success,website,,ORDC08369314
C0837,2026-08-14 08:37:00,product_discovery,P001,success,mobile_app,,
C0837,2026-08-14 08:40:00,product_view,P001,success,mobile_app,,
C0838,2026-08-15 14:49:00,product_discovery,P035,success,website,,
C0838,2026-08-15 14:52:00,product_view,P035,success,website,,
C0838,2026-08-15 15:02:00,cart_add,P035,success,website,,
C0839,2026-08-18 02:46:00,product_discovery,P016,success,website,,
C0839,2026-08-18 02:49:00,product_view,P016,success,website,,
C0839,2026-08-18 02:53:00,cart_add,P016,success,website,,
C0840,2026-08-04 16:02:00,product_discovery,P028,success,mobile_app,,
C0841,2026-08-11 00:02:00,product_discovery,P009,success,mobile_app,,
C0841,2026-08-11 00:04:00,product_view,P009,success,mobile_app,,
C0841,2026-08-11 00:10:00,cart_add,P009,success,mobile_app,,
C0841,2026-08-11 00:17:00,checkout_start,P009,success,mobile_app,,
C0841,2026-08-11 00:24:00,payment_attempt,P009,success,mobile_app,TXNC08419172,
C0841,2026-08-11 00:28:00,payment_success,P009,success,mobile_app,TXNC08419172,
C0841,2026-08-11 00:31:00,order_confirmation,P009,success,mobile_app,TXNC08419172,ORDC08419020
C0841,2026-08-14 04:31:00,delivery,P009,success,mobile_app,,ORDC08419020
C0842,2026-08-11 17:58:00,product_discovery,P009,success,website,,
C0842,2026-08-11 18:00:00,product_view,P009,success,website,,
C0842,2026-08-11 18:01:00,cart_add,P009,success,website,,
C0843,2026-08-04 00:51:00,product_discovery,P039,success,mobile_app,,
C0843,2026-08-04 00:52:00,product_view,P039,success,mobile_app,,
C0844,2026-08-13 05:30:00,product_discovery,P010,success,website,,
C0844,2026-08-13 05:33:00,product_view,P010,success,website,,
C0845,2026-08-12 09:22:00,product_discovery,P002,success,website,,
C0845,2026-08-12 09:24:00,product_view,P002,success,website,,
C0846,2026-08-08 06:39:00,product_discovery,P019,success,website,,
C0846,2026-08-08 06:41:00,product_view,P019,success,website,,
C0847,2026-08-13 19:01:00,product_discovery,P023,success,website,,
C0847,2026-08-13 19:02:00,product_view,P023,success,website,,
C0848,2026-08-11 15:03:00,product_discovery,P022,success,mobile_app,,
C0848,2026-08-11 15:07:00,product_view,P022,success,mobile_app,,
C0849,2026-08-04 11:39:00,product_discovery,P033,success,mobile_app,,
C0849,2026-08-04 11:43:00,product_view,P033,success,mobile_app,,
C0849,2026-08-04 11:46:00,cart_add,P033,success,mobile_app,,
C0850,2026-08-15 13:12:00,product_discovery,P040,success,mobile_app,,
C0850,2026-08-15 13:16:00,product_view,P040,success,mobile_app,,
C0851,2026-08-02 09:01:00,product_discovery,P029,success,mobile_app,,
C0851,2026-08-02 09:02:00,product_view,P029,success,mobile_app,,
C0852,2026-08-19 10:48:00,product_discovery,P020,success,website,,
C0853,2026-08-15 09:53:00,product_discovery,P035,success,website,,
C0853,2026-08-15 09:58:00,product_view,P035,success,website,,
C0854,2026-08-01 18:11:00,product_discovery,P008,success,website,,
C0854,2026-08-01 18:12:00,product_view,P008,success,website,,
C0855,2026-08-17 09:21:00,product_discovery,P038,success,mobile_app,,
C0855,2026-08-17 09:22:00,product_view,P038,success,mobile_app,,
C0856,2026-08-14 17:36:00,product_discovery,P003,success,mobile_app,,
C0856,2026-08-14 17:37:00,product_view,P003,success,mobile_app,,
C0857,2026-08-20 21:28:00,product_discovery,P034,success,mobile_app,,
C0857,2026-08-20 21:32:00,product_view,P034,success,mobile_app,,
C0857,2026-08-20 21:34:00,cart_add,P034,success,mobile_app,,
C0858,2026-08-04 14:39:00,product_discovery,P012,success,mobile_app,,
C0858,2026-08-04 14:40:00,product_view,P012,success,mobile_app,,
C0858,2026-08-04 14:47:00,cart_add,P012,success,mobile_app,,
C0858,2026-08-04 14:48:00,checkout_start,P012,success,mobile_app,,
C0858,2026-08-04 14:54:00,payment_attempt,P012,success,mobile_app,TXNC08581958,
C0858,2026-08-04 14:57:00,payment_success,P012,success,mobile_app,TXNC08581958,
C0858,2026-08-04 14:59:00,order_confirmation,P012,success,mobile_app,TXNC08581958,ORDC08586311
C0858,2026-08-06 17:59:00,delivery,P012,success,mobile_app,,ORDC08586311
C0858,2026-08-10 17:59:00,return,P012,success,mobile_app,,ORDC08586311
C0859,2026-08-14 16:03:00,product_discovery,P016,success,mobile_app,,
C0859,2026-08-14 16:08:00,product_view,P016,success,mobile_app,,
C0859,2026-08-14 16:15:00,cart_add,P016,success,mobile_app,,
C0860,2026-08-11 21:51:00,product_discovery,P036,success,mobile_app,,
C0860,2026-08-11 21:52:00,product_view,P036,success,mobile_app,,
C0860,2026-08-11 21:59:00,cart_add,P036,success,mobile_app,,
C0860,2026-08-11 22:14:00,checkout_start,P036,success,mobile_app,,
C0860,2026-08-11 22:19:00,payment_attempt,P036,success,mobile_app,TXNC08602663,
C0860,2026-08-11 22:21:00,payment_success,P036,success,mobile_app,TXNC08602663,
C0860,2026-08-11 22:24:00,order_confirmation,P036,success,mobile_app,TXNC08602663,ORDC08605990
C0860,2026-08-19 02:24:00,delivery,P036,success,mobile_app,,ORDC08605990
C0861,2026-08-04 13:45:00,product_discovery,P024,success,website,,
C0861,2026-08-04 13:47:00,product_view,P024,success,website,,
C0861,2026-08-04 13:54:00,cart_add,P024,success,website,,
C0862,2026-08-01 08:32:00,product_discovery,P030,success,mobile_app,,
C0863,2026-08-12 07:20:00,product_discovery,P018,success,mobile_app,,
C0863,2026-08-12 07:24:00,product_view,P018,success,mobile_app,,
C0863,2026-08-12 07:28:00,cart_add,P018,success,mobile_app,,
C0864,2026-08-05 00:09:00,product_discovery,P035,success,website,,
C0865,2026-08-17 05:26:00,product_discovery,P008,success,website,,
C0865,2026-08-17 05:31:00,product_view,P008,success,website,,
C0866,2026-08-12 19:41:00,product_discovery,P021,success,mobile_app,,
C0866,2026-08-12 19:44:00,product_view,P021,success,mobile_app,,
C0867,2026-08-16 09:41:00,product_discovery,P021,success,mobile_app,,
C0867,2026-08-16 09:43:00,product_view,P021,success,mobile_app,,
C0868,2026-08-17 01:50:00,product_discovery,P009,success,website,,
C0868,2026-08-17 01:55:00,product_view,P009,success,website,,
C0868,2026-08-17 01:56:00,cart_add,P009,success,website,,
C0868,2026-08-17 02:03:00,checkout_start,P009,success,website,,
C0868,2026-08-17 02:11:00,payment_attempt,P009,success,website,TXNC08689816,
C0868,2026-08-17 02:12:00,payment_success,P009,success,website,TXNC08689816,
C0868,2026-08-17 02:15:00,order_confirmation,P009,success,website,TXNC08689816,ORDC08689825
C0868,2026-08-24 03:15:00,delivery,P009,success,website,,ORDC08689825
C0868,2026-09-07 03:15:00,review,P009,success,website,,ORDC08689825
C0869,2026-08-09 21:33:00,product_discovery,P039,success,mobile_app,,
C0869,2026-08-09 21:37:00,product_view,P039,success,mobile_app,,
C0870,2026-08-09 18:19:00,product_discovery,P013,success,mobile_app,,
C0870,2026-08-09 18:20:00,product_view,P013,success,mobile_app,,
C0870,2026-08-09 18:21:00,cart_add,P013,success,mobile_app,,
C0870,2026-08-09 18:32:00,checkout_start,P013,success,mobile_app,,
C0870,2026-08-09 18:38:00,payment_attempt,P013,success,mobile_app,TXNC08705967,
C0870,2026-08-09 18:40:00,payment_success,P013,success,mobile_app,TXNC08705967,
C0870,2026-08-09 18:42:00,order_confirmation,P013,success,mobile_app,TXNC08705967,ORDC08701602
C0870,2026-08-16 21:42:00,delivery,P013,success,mobile_app,,ORDC08701602
C0870,2026-08-20 21:42:00,review,P013,success,mobile_app,,ORDC08701602
C0871,2026-08-20 00:26:00,product_discovery,P026,success,website,,
C0871,2026-08-20 00:29:00,product_view,P026,success,website,,
C0872,2026-08-05 17:49:00,product_discovery,P037,success,website,,
C0872,2026-08-05 17:50:00,product_view,P037,success,website,,
C0873,2026-08-14 07:14:00,product_discovery,P015,success,mobile_app,,
C0873,2026-08-14 07:16:00,product_view,P015,success,mobile_app,,
C0873,2026-08-14 07:17:00,cart_add,P015,success,mobile_app,,
C0873,2026-08-14 07:29:00,checkout_start,P015,success,mobile_app,,
C0873,2026-08-14 07:34:00,payment_attempt,P015,success,mobile_app,TXNC08738437,
C0873,2026-08-14 07:35:00,payment_success,P015,success,mobile_app,TXNC08738437,
C0873,2026-08-14 07:38:00,order_confirmation,P015,success,mobile_app,TXNC08738437,ORDC08731849
C0873,2026-08-19 10:38:00,delivery,P015,success,mobile_app,,ORDC08731849
C0874,2026-08-11 22:49:00,product_discovery,P032,success,mobile_app,,
C0874,2026-08-11 22:54:00,product_view,P032,success,mobile_app,,
C0875,2026-08-10 21:24:00,product_discovery,P035,success,mobile_app,,
C0876,2026-08-05 18:16:00,product_discovery,P022,success,website,,
C0876,2026-08-05 18:21:00,product_view,P022,success,website,,
C0876,2026-08-05 18:25:00,cart_add,P022,success,website,,
C0876,2026-08-05 18:32:00,checkout_start,P022,success,website,,
C0876,2026-08-05 18:36:00,payment_attempt,P022,success,website,TXNC08766394,
C0876,2026-08-05 18:39:00,payment_failure,P022,failed,website,TXNC08766394,
C0877,2026-08-15 13:29:00,product_discovery,P007,success,website,,
C0877,2026-08-15 13:33:00,product_view,P007,success,website,,
C0877,2026-08-15 13:34:00,cart_add,P007,success,website,,
C0877,2026-08-15 13:45:00,checkout_start,P007,success,website,,
C0877,2026-08-15 13:50:00,payment_attempt,P007,success,website,TXNC08778759,
C0877,2026-08-15 13:52:00,payment_success,P007,success,website,TXNC08778759,
C0877,2026-08-15 13:53:00,order_confirmation,P007,success,website,TXNC08778759,ORDC08779514
C0877,2026-08-21 15:53:00,delivery,P007,success,website,,ORDC08779514
C0878,2026-08-15 13:31:00,product_discovery,P029,success,website,,
C0878,2026-08-15 13:32:00,product_view,P029,success,website,,
C0879,2026-08-20 14:57:00,product_discovery,P005,success,website,,
C0879,2026-08-20 14:58:00,product_view,P005,success,website,,
C0880,2026-08-15 05:32:00,product_discovery,P028,success,website,,
C0880,2026-08-15 05:33:00,product_view,P028,success,website,,
C0881,2026-08-20 16:10:00,product_discovery,P025,success,mobile_app,,
C0881,2026-08-20 16:11:00,product_view,P025,success,mobile_app,,
C0882,2026-08-14 23:26:00,product_discovery,P040,success,website,,
C0882,2026-08-14 23:30:00,product_view,P040,success,website,,
C0882,2026-08-14 23:37:00,cart_add,P040,success,website,,
C0883,2026-08-16 03:29:00,product_discovery,P002,success,mobile_app,,
C0883,2026-08-16 03:34:00,product_view,P002,success,mobile_app,,
C0884,2026-08-01 14:42:00,product_discovery,P039,success,website,,
C0884,2026-08-01 14:47:00,product_view,P039,success,website,,
C0884,2026-08-01 14:51:00,cart_add,P039,success,website,,
C0884,2026-08-01 14:54:00,checkout_start,P039,success,website,,
C0884,2026-08-01 14:59:00,payment_attempt,P039,success,website,TXNC08848887,
C0884,2026-08-01 15:04:00,payment_success,P039,success,website,TXNC08848887,
C0884,2026-08-01 15:05:00,order_confirmation,P039,success,website,TXNC08848887,ORDC08841722
C0884,2026-08-07 16:05:00,delivery,P039,success,website,,ORDC08841722
C0885,2026-08-18 11:59:00,product_discovery,P023,success,mobile_app,,
C0885,2026-08-18 12:04:00,product_view,P023,success,mobile_app,,
C0886,2026-08-08 08:34:00,product_discovery,P039,success,mobile_app,,
C0886,2026-08-08 08:37:00,product_view,P039,success,mobile_app,,
C0887,2026-08-16 07:10:00,product_discovery,P010,success,website,,
C0887,2026-08-16 07:12:00,product_view,P010,success,website,,
C0887,2026-08-16 07:21:00,cart_add,P010,success,website,,
C0888,2026-08-05 21:25:00,product_discovery,P013,success,website,,
C0888,2026-08-05 21:28:00,product_view,P013,success,website,,
C0888,2026-08-05 21:36:00,cart_add,P013,success,website,,
C0888,2026-08-05 21:44:00,checkout_start,P013,success,website,,
C0888,2026-08-05 21:50:00,payment_attempt,P013,success,website,TXNC08886499,
C0888,2026-08-05 21:55:00,payment_success,P013,success,website,TXNC08886499,
C0888,2026-08-05 21:57:00,order_confirmation,P013,success,website,TXNC08886499,ORDC08888443
C0888,2026-08-07 22:57:00,delivery,P013,success,website,,ORDC08888443
C0889,2026-08-11 22:47:00,product_discovery,P040,success,website,,
C0889,2026-08-11 22:49:00,product_view,P040,success,website,,
C0889,2026-08-11 22:55:00,cart_add,P040,success,website,,
C0890,2026-08-05 12:37:00,product_discovery,P001,success,mobile_app,,
C0891,2026-08-02 00:23:00,product_discovery,P036,success,website,,
C0891,2026-08-02 00:25:00,product_view,P036,success,website,,
C0891,2026-08-02 00:29:00,cart_add,P036,success,website,,
C0891,2026-08-02 00:44:00,checkout_start,P036,success,website,,
C0891,2026-08-02 00:45:00,payment_attempt,P036,success,website,TXNC08914262,
C0891,2026-08-02 00:47:00,payment_success,P036,success,website,TXNC08914262,
C0891,2026-08-02 00:48:00,order_confirmation,P036,success,website,TXNC08914262,ORDC08913855
C0891,2026-08-05 03:48:00,delivery,P036,success,website,,ORDC08913855
C0891,2026-08-19 03:48:00,review,P036,success,website,,ORDC08913855
C0892,2026-08-07 06:58:00,product_discovery,P007,success,website,,
C0892,2026-08-07 07:00:00,product_view,P007,success,website,,
C0893,2026-08-06 02:49:00,product_discovery,P020,success,mobile_app,,
C0893,2026-08-06 02:51:00,product_view,P020,success,mobile_app,,
C0893,2026-08-06 02:57:00,cart_add,P020,success,mobile_app,,
C0893,2026-08-06 03:06:00,checkout_start,P020,success,mobile_app,,
C0893,2026-08-06 03:13:00,payment_attempt,P020,success,mobile_app,TXNC08932071,
C0893,2026-08-06 03:14:00,payment_success,P020,success,mobile_app,TXNC08932071,
C0893,2026-08-06 03:15:00,order_confirmation,P020,success,mobile_app,TXNC08932071,ORDC08934140
C0893,2026-08-10 07:15:00,delivery,P020,success,mobile_app,,ORDC08934140
C0894,2026-08-06 21:33:00,product_discovery,P003,success,website,,
C0894,2026-08-06 21:38:00,product_view,P003,success,website,,
C0895,2026-08-02 13:05:00,product_discovery,P018,success,website,,
C0895,2026-08-02 13:10:00,product_view,P018,success,website,,
C0896,2026-08-03 04:27:00,product_discovery,P031,success,website,,
C0896,2026-08-03 04:29:00,product_view,P031,success,website,,
C0897,2026-08-13 03:23:00,product_discovery,P030,success,website,,
C0897,2026-08-13 03:26:00,product_view,P030,success,website,,
C0897,2026-08-13 03:35:00,cart_add,P030,success,website,,
C0897,2026-08-13 03:47:00,checkout_start,P030,success,website,,
C0897,2026-08-13 03:55:00,payment_attempt,P030,success,website,TXNC08977569,
C0897,2026-08-13 04:00:00,payment_success,P030,success,website,TXNC08977569,
C0897,2026-08-13 04:01:00,order_confirmation,P030,success,website,TXNC08977569,ORDC08974325
C0897,2026-08-18 08:01:00,delivery,P030,success,website,,ORDC08974325
C0898,2026-08-09 21:56:00,product_discovery,P037,success,website,,
C0898,2026-08-09 21:59:00,product_view,P037,success,website,,
C0899,2026-08-03 05:53:00,product_discovery,P019,success,mobile_app,,
C0899,2026-08-03 05:58:00,product_view,P019,success,mobile_app,,
C0900,2026-08-12 23:45:00,product_discovery,P040,success,mobile_app,,
C0900,2026-08-12 23:49:00,product_view,P040,success,mobile_app,,
C0901,2026-08-19 15:22:00,product_discovery,P032,success,mobile_app,,
C0901,2026-08-19 15:25:00,product_view,P032,success,mobile_app,,
C0902,2026-08-07 09:03:00,product_discovery,P005,success,mobile_app,,
C0902,2026-08-07 09:04:00,product_view,P005,success,mobile_app,,
C0903,2026-08-15 23:31:00,product_discovery,P006,success,mobile_app,,
C0904,2026-08-02 22:57:00,product_discovery,P024,success,website,,
C0904,2026-08-02 23:02:00,product_view,P024,success,website,,
C0904,2026-08-02 23:06:00,cart_add,P024,success,website,,
C0905,2026-08-19 21:24:00,product_discovery,P018,success,website,,
C0905,2026-08-19 21:29:00,product_view,P018,success,website,,
C0905,2026-08-19 21:38:00,cart_add,P018,success,website,,
C0905,2026-08-19 21:39:00,checkout_start,P018,success,website,,
C0905,2026-08-19 21:44:00,payment_attempt,P018,success,website,TXNC09057616,
C0905,2026-08-19 21:48:00,payment_success,P018,success,website,TXNC09057616,
C0906,2026-08-16 05:13:00,product_discovery,P033,success,website,,
C0906,2026-08-16 05:17:00,product_view,P033,success,website,,
C0907,2026-08-13 01:42:00,product_discovery,P038,success,mobile_app,,
C0907,2026-08-13 01:46:00,product_view,P038,success,mobile_app,,
C0908,2026-08-05 14:35:00,product_discovery,P028,success,mobile_app,,
C0908,2026-08-05 14:37:00,product_view,P028,success,mobile_app,,
C0909,2026-08-04 11:53:00,product_discovery,P037,success,website,,
C0909,2026-08-04 11:56:00,product_view,P037,success,website,,
C0910,2026-08-16 07:49:00,product_discovery,P023,success,mobile_app,,
C0910,2026-08-16 07:51:00,product_view,P023,success,mobile_app,,
C0910,2026-08-16 07:58:00,cart_add,P023,success,mobile_app,,
C0910,2026-08-16 08:10:00,checkout_start,P023,success,mobile_app,,
C0910,2026-08-16 08:16:00,payment_attempt,P023,success,mobile_app,TXNC09101527,
C0910,2026-08-16 08:18:00,payment_success,P023,success,mobile_app,TXNC09101527,
C0910,2026-08-16 08:20:00,order_confirmation,P023,success,mobile_app,TXNC09101527,ORDC09107404
C0910,2026-08-21 12:20:00,delivery,P023,success,mobile_app,,ORDC09107404
C0910,2026-08-23 12:20:00,review,P023,success,mobile_app,,ORDC09107404
C0910,2026-08-28 12:20:00,return,P023,success,mobile_app,,ORDC09107404
C0911,2026-08-08 19:35:00,product_discovery,P037,success,mobile_app,,
C0912,2026-08-03 16:58:00,product_discovery,P036,success,website,,
C0912,2026-08-03 16:59:00,product_view,P036,success,website,,
C0913,2026-08-05 13:57:00,product_discovery,P013,success,website,,
C0913,2026-08-05 14:01:00,product_view,P013,success,website,,
C0914,2026-08-13 06:23:00,product_discovery,P005,success,mobile_app,,
C0914,2026-08-13 06:24:00,product_view,P005,success,mobile_app,,
C0915,2026-08-20 21:30:00,product_discovery,P027,success,mobile_app,,
C0915,2026-08-20 21:32:00,product_view,P027,success,mobile_app,,
C0916,2026-08-12 05:11:00,product_discovery,P005,success,mobile_app,,
C0916,2026-08-12 05:13:00,product_view,P005,success,mobile_app,,
C0917,2026-08-19 22:40:00,product_discovery,P031,success,website,,
C0917,2026-08-19 22:45:00,product_view,P031,success,website,,
C0917,2026-08-19 22:50:00,cart_add,P031,success,website,,
C0917,2026-08-19 22:59:00,checkout_start,P031,success,website,,
C0917,2026-08-19 23:07:00,payment_attempt,P031,success,website,TXNC09171121,
C0917,2026-08-19 23:09:00,payment_success,P031,success,website,TXNC09171121,
C0917,2026-08-19 23:11:00,order_confirmation,P031,success,website,TXNC09171121,ORDC09175044
C0917,2026-08-25 02:11:00,delivery,P031,success,website,,ORDC09175044
C0918,2026-08-18 02:39:00,product_discovery,P006,success,mobile_app,,
C0918,2026-08-18 02:43:00,product_view,P006,success,mobile_app,,
C0919,2026-08-20 01:42:00,product_discovery,P012,success,mobile_app,,
C0919,2026-08-20 01:44:00,product_view,P012,success,mobile_app,,
C0919,2026-08-20 01:54:00,cart_add,P012,success,mobile_app,,
C0920,2026-08-16 07:56:00,product_discovery,P012,success,website,,
C0920,2026-08-16 08:00:00,product_view,P012,success,website,,
C0921,2026-08-21 03:25:00,product_discovery,P011,success,mobile_app,,
C0921,2026-08-21 03:30:00,product_view,P011,success,mobile_app,,
C0921,2026-08-21 03:32:00,cart_add,P011,success,mobile_app,,
C0921,2026-08-21 03:44:00,checkout_start,P011,success,mobile_app,,
C0921,2026-08-21 03:52:00,payment_attempt,P011,success,mobile_app,TXNC09212986,
C0921,2026-08-21 03:55:00,payment_failure,P011,failed,mobile_app,TXNC09212986,
C0922,2026-08-03 17:27:00,product_discovery,P033,success,mobile_app,,
C0922,2026-08-03 17:31:00,product_view,P033,success,mobile_app,,
C0923,2026-08-02 08:22:00,product_discovery,P030,success,website,,
C0923,2026-08-02 08:23:00,product_view,P030,success,website,,
C0924,2026-08-18 07:23:00,product_discovery,P026,success,website,,
C0925,2026-08-07 00:51:00,product_discovery,P008,success,website,,
C0925,2026-08-07 00:54:00,product_view,P008,success,website,,
C0926,2026-08-02 21:15:00,product_discovery,P006,success,website,,
C0926,2026-08-02 21:19:00,product_view,P006,success,website,,
C0926,2026-08-02 21:24:00,cart_add,P006,success,website,,
C0926,2026-08-02 21:27:00,checkout_start,P006,success,website,,
C0926,2026-08-02 21:29:00,payment_attempt,P006,success,website,TXNC09263034,
C0926,2026-08-02 21:34:00,payment_success,P006,success,website,TXNC09263034,
C0926,2026-08-02 21:35:00,order_confirmation,P006,success,website,TXNC09263034,ORDC09261183
C0926,2026-08-07 00:35:00,delivery,P006,success,website,,ORDC09261183
C0927,2026-08-16 16:39:00,product_discovery,P035,success,website,,
C0927,2026-08-16 16:43:00,product_view,P035,success,website,,
C0927,2026-08-16 16:52:00,cart_add,P035,success,website,,
C0927,2026-08-16 17:04:00,checkout_start,P035,success,website,,
C0927,2026-08-16 17:06:00,payment_attempt,P035,success,website,TXNC09276051,
C0927,2026-08-16 17:10:00,payment_failure,P035,failed,website,TXNC09276051,
C0928,2026-08-01 10:32:00,product_discovery,P004,success,mobile_app,,
C0928,2026-08-01 10:34:00,product_view,P004,success,mobile_app,,
C0928,2026-08-01 10:40:00,cart_add,P004,success,mobile_app,,
C0929,2026-08-10 22:17:00,product_discovery,P002,success,website,,
C0929,2026-08-10 22:20:00,product_view,P002,success,website,,
C0930,2026-08-03 12:45:00,product_discovery,P011,success,website,,
C0930,2026-08-03 12:46:00,product_view,P011,success,website,,
C0930,2026-08-03 12:48:00,cart_add,P011,success,website,,
C0930,2026-08-03 12:54:00,checkout_start,P011,success,website,,
C0930,2026-08-03 12:58:00,payment_attempt,P011,success,website,TXNC09309875,
C0930,2026-08-03 13:02:00,payment_success,P011,success,website,TXNC09309875,
C0930,2026-08-03 13:03:00,order_confirmation,P011,success,website,TXNC09309875,ORDC09302734
C0930,2026-08-05 16:03:00,delivery,P011,success,website,,ORDC09302734
C0930,2026-08-12 16:03:00,review,P011,success,website,,ORDC09302734
C0931,2026-08-06 04:11:00,product_discovery,P030,success,website,,
C0931,2026-08-06 04:12:00,product_view,P030,success,website,,
C0931,2026-08-06 04:17:00,cart_add,P030,success,website,,
C0932,2026-08-06 07:21:00,product_discovery,P027,success,mobile_app,,
C0932,2026-08-06 07:26:00,product_view,P027,success,mobile_app,,
C0932,2026-08-06 07:28:00,cart_add,P027,success,mobile_app,,
C0932,2026-08-06 07:41:00,checkout_start,P027,success,mobile_app,,
C0932,2026-08-06 07:44:00,payment_attempt,P027,success,mobile_app,TXNC09322552,
C0932,2026-08-06 07:49:00,payment_success,P027,success,mobile_app,TXNC09322552,
C0932,2026-08-06 07:52:00,order_confirmation,P027,success,mobile_app,TXNC09322552,ORDC09323177
C0932,2026-08-13 10:52:00,delivery,P027,success,mobile_app,,ORDC09323177
C0933,2026-08-12 07:18:00,product_discovery,P005,success,mobile_app,,
C0933,2026-08-12 07:19:00,product_view,P005,success,mobile_app,,
C0934,2026-08-12 23:05:00,product_discovery,P015,success,website,,
C0935,2026-08-18 14:28:00,product_discovery,P008,success,mobile_app,,
C0935,2026-08-18 14:30:00,product_view,P008,success,mobile_app,,
C0935,2026-08-18 14:34:00,cart_add,P008,success,mobile_app,,
C0936,2026-08-12 16:22:00,product_discovery,P019,success,website,,
C0936,2026-08-12 16:24:00,product_view,P019,success,website,,
C0937,2026-08-17 20:06:00,product_discovery,P039,success,mobile_app,,
C0937,2026-08-17 20:09:00,product_view,P039,success,mobile_app,,
C0937,2026-08-17 20:15:00,cart_add,P039,success,mobile_app,,
C0938,2026-08-19 08:25:00,product_discovery,P027,success,mobile_app,,
C0938,2026-08-19 08:26:00,product_view,P027,success,mobile_app,,
C0939,2026-08-06 00:24:00,product_discovery,P035,success,website,,
C0939,2026-08-06 00:26:00,product_view,P035,success,website,,
C0939,2026-08-06 00:30:00,cart_add,P035,success,website,,
C0939,2026-08-06 00:37:00,checkout_start,P035,success,website,,
C0939,2026-08-06 00:40:00,payment_attempt,P035,success,website,TXNC09391099,
C0939,2026-08-06 00:41:00,payment_success,P035,success,website,TXNC09391099,
C0939,2026-08-06 00:42:00,order_confirmation,P035,success,website,TXNC09391099,ORDC09391853
C0939,2026-08-09 02:42:00,delivery,P035,success,website,,ORDC09391853
C0939,2026-08-19 02:42:00,return,P035,success,website,,ORDC09391853
C0940,2026-08-19 10:18:00,product_discovery,P014,success,website,,
C0941,2026-08-17 19:56:00,product_discovery,P030,success,mobile_app,,
C0941,2026-08-17 19:58:00,product_view,P030,success,mobile_app,,
C0942,2026-08-15 02:52:00,product_discovery,P016,success,mobile_app,,
C0942,2026-08-15 02:55:00,product_view,P016,success,mobile_app,,
C0943,2026-08-19 02:41:00,product_discovery,P031,success,website,,
C0943,2026-08-19 02:44:00,product_view,P031,success,website,,
C0944,2026-08-10 22:50:00,product_discovery,P033,success,mobile_app,,
C0944,2026-08-10 22:52:00,product_view,P033,success,mobile_app,,
C0945,2026-08-10 00:18:00,product_discovery,P028,success,website,,
C0945,2026-08-10 00:21:00,product_view,P028,success,website,,
C0946,2026-08-05 07:57:00,product_discovery,P017,success,mobile_app,,
C0946,2026-08-05 08:01:00,product_view,P017,success,mobile_app,,
C0947,2026-08-15 02:58:00,product_discovery,P031,success,website,,
C0947,2026-08-15 03:01:00,product_view,P031,success,website,,
C0948,2026-08-05 15:33:00,product_discovery,P001,success,website,,
C0948,2026-08-05 15:38:00,product_view,P001,success,website,,
C0949,2026-08-10 19:05:00,product_discovery,P026,success,mobile_app,,
C0949,2026-08-10 19:09:00,product_view,P026,success,mobile_app,,
C0950,2026-08-02 05:12:00,product_discovery,P008,success,mobile_app,,
C0950,2026-08-02 05:17:00,product_view,P008,success,mobile_app,,
C0950,2026-08-02 05:24:00,cart_add,P008,success,mobile_app,,
C0950,2026-08-02 05:37:00,checkout_start,P008,success,mobile_app,,
C0950,2026-08-02 05:43:00,payment_attempt,P008,success,mobile_app,TXNC09509005,
C0950,2026-08-02 05:46:00,payment_success,P008,success,mobile_app,TXNC09509005,
C0950,2026-08-02 05:49:00,order_confirmation,P008,success,mobile_app,TXNC09509005,ORDC09507947
C0950,2026-08-04 07:49:00,delivery,P008,success,mobile_app,,ORDC09507947
C0951,2026-08-17 09:52:00,product_discovery,P002,success,website,,
C0951,2026-08-17 09:55:00,product_view,P002,success,website,,
C0952,2026-08-15 00:51:00,product_discovery,P038,success,website,,
C0952,2026-08-15 00:52:00,product_view,P038,success,website,,
C0952,2026-08-15 00:54:00,cart_add,P038,success,website,,
C0953,2026-08-17 09:36:00,product_discovery,P038,success,website,,
C0953,2026-08-17 09:41:00,product_view,P038,success,website,,
C0954,2026-08-11 01:07:00,product_discovery,P017,success,mobile_app,,
C0954,2026-08-11 01:12:00,product_view,P017,success,mobile_app,,
C0954,2026-08-11 01:19:00,cart_add,P017,success,mobile_app,,
C0955,2026-08-21 06:37:00,product_discovery,P006,success,website,,
C0955,2026-08-21 06:42:00,product_view,P006,success,website,,
C0955,2026-08-21 06:48:00,cart_add,P006,success,website,,
C0955,2026-08-21 06:53:00,checkout_start,P006,success,website,,
C0955,2026-08-21 07:00:00,payment_attempt,P006,success,website,TXNC09551105,
C0955,2026-08-21 07:02:00,payment_success,P006,success,website,TXNC09551105,
C0955,2026-08-21 07:03:00,order_confirmation,P006,success,website,TXNC09551105,ORDC09557845
C0955,2026-08-28 11:03:00,delivery,P006,success,website,,ORDC09557845
C0955,2026-08-31 11:03:00,review,P006,success,website,,ORDC09557845
C0956,2026-08-17 08:30:00,product_discovery,P009,success,website,,
C0956,2026-08-17 08:34:00,product_view,P009,success,website,,
C0957,2026-08-19 20:45:00,product_discovery,P014,success,website,,
C0958,2026-08-05 11:47:00,product_discovery,P013,success,mobile_app,,
C0958,2026-08-05 11:51:00,product_view,P013,success,mobile_app,,
C0959,2026-08-15 19:34:00,product_discovery,P011,success,website,,
C0960,2026-08-04 04:05:00,product_discovery,P018,success,website,,
C0961,2026-08-06 16:13:00,product_discovery,P031,success,mobile_app,,
C0962,2026-08-07 09:18:00,product_discovery,P001,success,website,,
C0962,2026-08-07 09:19:00,product_view,P001,success,website,,
C0963,2026-08-13 04:01:00,product_discovery,P018,success,mobile_app,,
C0963,2026-08-13 04:05:00,product_view,P018,success,mobile_app,,
C0964,2026-08-09 18:29:00,product_discovery,P022,success,mobile_app,,
C0964,2026-08-09 18:31:00,product_view,P022,success,mobile_app,,
C0965,2026-08-02 15:15:00,product_discovery,P023,success,mobile_app,,
C0966,2026-08-21 03:25:00,product_discovery,P026,success,website,,
C0966,2026-08-21 03:26:00,product_view,P026,success,website,,
C0967,2026-08-17 05:53:00,product_discovery,P016,success,mobile_app,,
C0967,2026-08-17 05:57:00,product_view,P016,success,mobile_app,,
C0968,2026-08-16 08:34:00,product_discovery,P013,success,website,,
C0969,2026-08-09 12:43:00,product_discovery,P003,success,mobile_app,,
C0969,2026-08-09 12:47:00,product_view,P003,success,mobile_app,,
C0970,2026-08-15 06:33:00,product_discovery,P006,success,mobile_app,,
C0970,2026-08-15 06:37:00,product_view,P006,success,mobile_app,,
C0970,2026-08-15 06:45:00,cart_add,P006,success,mobile_app,,
C0970,2026-08-15 06:59:00,checkout_start,P006,success,mobile_app,,
C0970,2026-08-15 07:01:00,payment_attempt,P006,success,mobile_app,TXNC09705814,
C0970,2026-08-15 07:06:00,payment_success,P006,success,mobile_app,TXNC09705814,
C0970,2026-08-15 07:07:00,order_confirmation,P006,success,mobile_app,TXNC09705814,ORDC09709267
C0970,2026-08-17 08:07:00,delivery,P006,success,mobile_app,,ORDC09709267
C0971,2026-08-13 19:41:00,product_discovery,P030,success,website,,
C0971,2026-08-13 19:45:00,product_view,P030,success,website,,
C0971,2026-08-13 19:53:00,cart_add,P030,success,website,,
C0972,2026-08-05 05:04:00,product_discovery,P006,success,website,,
C0972,2026-08-05 05:08:00,product_view,P006,success,website,,
C0973,2026-08-08 18:18:00,product_discovery,P025,success,mobile_app,,
C0973,2026-08-08 18:20:00,product_view,P025,success,mobile_app,,
C0973,2026-08-08 18:28:00,cart_add,P025,success,mobile_app,,
C0974,2026-08-04 10:08:00,product_discovery,P035,success,mobile_app,,
C0974,2026-08-04 10:09:00,product_view,P035,success,mobile_app,,
C0974,2026-08-04 10:15:00,cart_add,P035,success,mobile_app,,
C0974,2026-08-04 10:30:00,checkout_start,P035,success,mobile_app,,
C0974,2026-08-04 10:32:00,payment_attempt,P035,success,mobile_app,TXNC09747176,
C0974,2026-08-04 10:36:00,payment_success,P035,success,mobile_app,TXNC09747176,
C0974,2026-08-04 10:39:00,order_confirmation,P035,success,mobile_app,TXNC09747176,ORDC09748159
C0974,2026-08-06 12:39:00,delivery,P035,success,mobile_app,,ORDC09748159
C0974,2026-08-12 12:39:00,review,P035,success,mobile_app,,ORDC09748159
C0975,2026-08-18 04:27:00,product_discovery,P038,success,website,,
C0975,2026-08-18 04:28:00,product_view,P038,success,website,,
C0975,2026-08-18 04:31:00,cart_add,P038,success,website,,
C0975,2026-08-18 04:38:00,checkout_start,P038,success,website,,
C0975,2026-08-18 04:39:00,payment_attempt,P038,success,website,TXNC09759775,
C0975,2026-08-18 04:41:00,payment_success,P038,success,website,TXNC09759775,
C0975,2026-08-18 04:43:00,order_confirmation,P038,success,website,TXNC09759775,ORDC09756980
C0975,2026-08-24 06:43:00,delivery,P038,success,website,,ORDC09756980
C0975,2026-08-25 06:43:00,review,P038,success,website,,ORDC09756980
C0976,2026-08-13 13:58:00,product_discovery,P030,success,mobile_app,,
C0976,2026-08-13 14:00:00,product_view,P030,success,mobile_app,,
C0976,2026-08-13 14:05:00,cart_add,P030,success,mobile_app,,
C0976,2026-08-13 14:13:00,checkout_start,P030,success,mobile_app,,
C0976,2026-08-13 14:16:00,payment_attempt,P030,success,mobile_app,TXNC09763389,
C0976,2026-08-13 14:17:00,payment_success,P030,success,mobile_app,TXNC09763389,
C0976,2026-08-13 14:19:00,order_confirmation,P030,success,mobile_app,TXNC09763389,ORDC09763022
C0976,2026-08-20 17:19:00,delivery,P030,success,mobile_app,,ORDC09763022
C0977,2026-08-06 05:48:00,product_discovery,P032,success,mobile_app,,
C0978,2026-08-19 18:28:00,product_discovery,P022,success,website,,
C0978,2026-08-19 18:30:00,product_view,P022,success,website,,
C0978,2026-08-19 18:34:00,cart_add,P022,success,website,,
C0978,2026-08-19 18:35:00,checkout_start,P022,success,website,,
C0978,2026-08-19 18:38:00,payment_attempt,P022,success,website,TXNC09787419,
C0978,2026-08-19 18:41:00,payment_success,P022,success,website,TXNC09787419,
C0978,2026-08-19 18:44:00,order_confirmation,P022,success,website,TXNC09787419,ORDC09783608
C0978,2026-08-23 19:44:00,delivery,P022,success,website,,ORDC09783608
C0979,2026-08-09 06:13:00,product_discovery,P026,success,mobile_app,,
C0979,2026-08-09 06:14:00,product_view,P026,success,mobile_app,,
C0980,2026-08-05 18:32:00,product_discovery,P036,success,mobile_app,,
C0980,2026-08-05 18:33:00,product_view,P036,success,mobile_app,,
C0980,2026-08-05 18:43:00,cart_add,P036,success,mobile_app,,
C0980,2026-08-05 18:44:00,checkout_start,P036,success,mobile_app,,
C0980,2026-08-05 18:49:00,payment_attempt,P036,success,mobile_app,TXNC09803681,
C0980,2026-08-05 18:54:00,payment_success,P036,success,mobile_app,TXNC09803681,
C0980,2026-08-05 18:57:00,order_confirmation,P036,success,mobile_app,TXNC09803681,ORDC09803372
C0980,2026-08-12 20:57:00,delivery,P036,success,mobile_app,,ORDC09803372
C0981,2026-08-09 13:49:00,product_discovery,P037,success,website,,
C0981,2026-08-09 13:51:00,product_view,P037,success,website,,
C0981,2026-08-09 13:58:00,cart_add,P037,success,website,,
C0981,2026-08-09 14:01:00,checkout_start,P037,success,website,,
C0981,2026-08-09 14:03:00,payment_attempt,P037,success,website,TXNC09818763,
C0981,2026-08-09 14:05:00,payment_success,P037,success,website,TXNC09818763,
C0981,2026-08-09 14:06:00,order_confirmation,P037,success,website,TXNC09818763,ORDC09816545
C0981,2026-08-16 18:06:00,delivery,P037,success,website,,ORDC09816545
C0981,2026-08-18 18:06:00,review,P037,success,website,,ORDC09816545
C0982,2026-08-06 19:32:00,product_discovery,P026,success,mobile_app,,
C0982,2026-08-06 19:35:00,product_view,P026,success,mobile_app,,
C0982,2026-08-06 19:38:00,cart_add,P026,success,mobile_app,,
C0982,2026-08-06 19:45:00,checkout_start,P026,success,mobile_app,,
C0982,2026-08-06 19:47:00,payment_attempt,P026,success,mobile_app,TXNC09827260,
C0982,2026-08-06 19:50:00,payment_success,P026,success,mobile_app,TXNC09827260,
C0982,2026-08-06 19:52:00,order_confirmation,P026,success,mobile_app,TXNC09827260,ORDC09822966
C0982,2026-08-11 20:52:00,delivery,P026,success,mobile_app,,ORDC09822966
C0983,2026-08-06 10:50:00,product_discovery,P002,success,mobile_app,,
C0983,2026-08-06 10:53:00,product_view,P002,success,mobile_app,,
C0983,2026-08-06 10:55:00,cart_add,P002,success,mobile_app,,
C0984,2026-08-16 00:02:00,product_discovery,P028,success,mobile_app,,
C0984,2026-08-16 00:07:00,product_view,P028,success,mobile_app,,
C0985,2026-08-20 22:52:00,product_discovery,P035,success,website,,
C0985,2026-08-20 22:56:00,product_view,P035,success,website,,
C0986,2026-08-19 22:26:00,product_discovery,P035,success,mobile_app,,
C0986,2026-08-19 22:27:00,product_view,P035,success,mobile_app,,
C0987,2026-08-19 23:11:00,product_discovery,P008,success,website,,
C0987,2026-08-19 23:12:00,product_view,P008,success,website,,
C0987,2026-08-19 23:22:00,cart_add,P008,success,website,,
C0987,2026-08-19 23:23:00,checkout_start,P008,success,website,,
C0987,2026-08-19 23:29:00,payment_attempt,P008,success,website,TXNC09873110,
C0987,2026-08-19 23:34:00,payment_success,P008,success,website,TXNC09873110,
C0987,2026-08-19 23:35:00,order_confirmation,P008,success,website,TXNC09873110,ORDC09875206
C0987,2026-08-22 00:35:00,delivery,P008,success,website,,ORDC09875206
C0988,2026-08-13 17:19:00,product_discovery,P011,success,mobile_app,,
C0988,2026-08-13 17:20:00,product_view,P011,success,mobile_app,,
C0988,2026-08-13 17:21:00,cart_add,P011,success,mobile_app,,
C0988,2026-08-13 17:30:00,checkout_start,P011,success,mobile_app,,
C0988,2026-08-13 17:35:00,payment_attempt,P011,success,mobile_app,TXNC09888289,
C0988,2026-08-13 17:37:00,payment_success,P011,success,mobile_app,TXNC09888289,
C0988,2026-08-13 17:40:00,order_confirmation,P011,success,mobile_app,TXNC09888289,ORDC09886769
C0988,2026-08-20 19:40:00,delivery,P011,success,mobile_app,,ORDC09886769
C0988,2026-08-24 19:40:00,review,P011,success,mobile_app,,ORDC09886769
C0989,2026-08-04 13:22:00,product_discovery,P020,success,website,,
C0989,2026-08-04 13:24:00,product_view,P020,success,website,,
C0989,2026-08-04 13:28:00,cart_add,P020,success,website,,
C0990,2026-08-15 11:51:00,product_discovery,P028,success,website,,
C0990,2026-08-15 11:56:00,product_view,P028,success,website,,
C0990,2026-08-15 12:03:00,cart_add,P028,success,website,,
C0991,2026-08-03 05:28:00,product_discovery,P017,success,mobile_app,,
C0991,2026-08-03 05:30:00,product_view,P017,success,mobile_app,,
C0991,2026-08-03 05:32:00,cart_add,P017,success,mobile_app,,
C0991,2026-08-03 05:37:00,checkout_start,P017,success,mobile_app,,
C0991,2026-08-03 05:41:00,payment_attempt,P017,success,mobile_app,TXNC09919379,
C0991,2026-08-03 05:46:00,payment_success,P017,success,mobile_app,TXNC09919379,
C0991,2026-08-03 05:47:00,order_confirmation,P017,success,mobile_app,TXNC09919379,ORDC09918104
C0992,2026-08-15 01:39:00,product_discovery,P016,success,website,,
C0992,2026-08-15 01:42:00,product_view,P016,success,website,,
C0992,2026-08-15 01:44:00,cart_add,P016,success,website,,
C0993,2026-08-15 21:37:00,product_discovery,P006,success,mobile_app,,
C0993,2026-08-15 21:40:00,product_view,P006,success,mobile_app,,
C0993,2026-08-15 21:43:00,cart_add,P006,success,mobile_app,,
C0994,2026-08-03 13:29:00,product_discovery,P025,success,website,,
C0994,2026-08-03 13:33:00,product_view,P025,success,website,,
C0995,2026-08-17 21:45:00,product_discovery,P020,success,mobile_app,,
C0995,2026-08-17 21:46:00,product_view,P020,success,mobile_app,,
C0995,2026-08-17 21:56:00,cart_add,P020,success,mobile_app,,
C0996,2026-08-03 14:06:00,product_discovery,P004,success,website,,
C0996,2026-08-03 14:09:00,product_view,P004,success,website,,
C0997,2026-08-19 16:13:00,product_discovery,P035,success,mobile_app,,
C0997,2026-08-19 16:17:00,product_view,P035,success,mobile_app,,
C0998,2026-08-13 00:28:00,product_discovery,P010,success,website,,
C0998,2026-08-13 00:30:00,product_view,P010,success,website,,
C0999,2026-08-17 20:10:00,product_discovery,P024,success,website,,
C0999,2026-08-17 20:15:00,product_view,P024,success,website,,
C1000,2026-08-09 09:19:00,product_discovery,P030,success,mobile_app,,
C1000,2026-08-09 09:22:00,product_view,P030,success,mobile_app,,
C1000,2026-08-09 09:31:00,cart_add,P030,success,mobile_app,,
C1000,2026-08-09 09:46:00,checkout_start,P030,success,mobile_app,,
C1000,2026-08-09 09:50:00,payment_attempt,P030,success,mobile_app,TXNC10002424,
C1000,2026-08-09 09:53:00,payment_success,P030,success,mobile_app,TXNC10002424,
C1000,2026-08-09 09:55:00,order_confirmation,P030,success,mobile_app,TXNC10002424,ORDC10002302
C1000,2026-08-11 10:55:00,delivery,P030,success,mobile_app,,ORDC10002302
C1000,2026-08-23 10:55:00,review,P030,success,mobile_app,,ORDC10002302
C1001,2026-08-07 20:06:00,product_discovery,P036,success,mobile_app,,
C1001,2026-08-07 20:07:00,product_view,P036,success,mobile_app,,
C1001,2026-08-07 20:14:00,cart_add,P036,success,mobile_app,,
C1001,2026-08-07 20:29:00,checkout_start,P036,success,mobile_app,,
C1001,2026-08-07 20:37:00,payment_attempt,P036,success,mobile_app,TXNC10019722,
C1001,2026-08-07 20:38:00,payment_success,P036,success,mobile_app,TXNC10019722,
C1001,2026-08-07 20:41:00,order_confirmation,P036,success,mobile_app,TXNC10019722,ORDC10011119
C1001,2026-08-15 00:41:00,delivery,P036,success,mobile_app,,ORDC10011119
C1002,2026-08-16 09:05:00,product_discovery,P034,success,website,,
C1002,2026-08-16 09:10:00,product_view,P034,success,website,,
C1002,2026-08-16 09:13:00,cart_add,P034,success,website,,
C1002,2026-08-16 09:28:00,checkout_start,P034,success,website,,
C1002,2026-08-16 09:32:00,payment_attempt,P034,success,website,TXNC10027013,
C1002,2026-08-16 09:34:00,payment_success,P034,success,website,TXNC10027013,
C1002,2026-08-16 09:35:00,order_confirmation,P034,success,website,TXNC10027013,ORDC10027211
C1002,2026-08-18 11:35:00,delivery,P034,success,website,,ORDC10027211
C1003,2026-08-20 06:14:00,product_discovery,P035,success,website,,
C1003,2026-08-20 06:17:00,product_view,P035,success,website,,
C1004,2026-08-01 09:13:00,product_discovery,P037,success,mobile_app,,
C1004,2026-08-01 09:15:00,product_view,P037,success,mobile_app,,
C1004,2026-08-01 09:24:00,cart_add,P037,success,mobile_app,,
C1004,2026-08-01 09:25:00,checkout_start,P037,success,mobile_app,,
C1005,2026-08-01 11:13:00,product_discovery,P040,success,mobile_app,,
C1005,2026-08-01 11:16:00,product_view,P040,success,mobile_app,,
C1006,2026-08-17 18:32:00,product_discovery,P012,success,mobile_app,,
C1007,2026-08-11 03:16:00,product_discovery,P032,success,website,,
C1007,2026-08-11 03:17:00,product_view,P032,success,website,,
C1008,2026-08-12 10:11:00,product_discovery,P001,success,website,,
C1008,2026-08-12 10:14:00,product_view,P001,success,website,,
C1009,2026-08-09 15:03:00,product_discovery,P028,success,website,,
C1009,2026-08-09 15:08:00,product_view,P028,success,website,,
C1009,2026-08-09 15:10:00,cart_add,P028,success,website,,
C1009,2026-08-09 15:21:00,checkout_start,P028,success,website,,
C1009,2026-08-09 15:24:00,payment_attempt,P028,success,website,TXNC10098110,
C1009,2026-08-09 15:25:00,payment_success,P028,success,website,TXNC10098110,
C1009,2026-08-09 15:28:00,order_confirmation,P028,success,website,TXNC10098110,ORDC10094105
C1010,2026-08-10 07:28:00,product_discovery,P027,success,mobile_app,,
C1010,2026-08-10 07:29:00,product_view,P027,success,mobile_app,,
C1010,2026-08-10 07:33:00,cart_add,P027,success,mobile_app,,
C1010,2026-08-10 07:44:00,checkout_start,P027,success,mobile_app,,
C1010,2026-08-10 07:46:00,payment_attempt,P027,success,mobile_app,TXNC10109119,
C1010,2026-08-10 07:48:00,payment_success,P027,success,mobile_app,TXNC10109119,
C1010,2026-08-10 07:50:00,order_confirmation,P027,success,mobile_app,TXNC10109119,ORDC10107370
C1010,2026-08-12 09:50:00,delivery,P027,success,mobile_app,,ORDC10107370
C1010,2026-08-18 09:50:00,review,P027,success,mobile_app,,ORDC10107370
C1011,2026-08-12 17:04:00,product_discovery,P001,success,website,,
C1011,2026-08-12 17:05:00,product_view,P001,success,website,,
C1012,2026-08-14 22:05:00,product_discovery,P001,success,mobile_app,,
C1012,2026-08-14 22:09:00,product_view,P001,success,mobile_app,,
C1013,2026-08-11 02:15:00,product_discovery,P016,success,website,,
C1013,2026-08-11 02:20:00,product_view,P016,success,website,,
C1013,2026-08-11 02:25:00,cart_add,P016,success,website,,
C1014,2026-08-17 06:48:00,product_discovery,P016,success,mobile_app,,
C1014,2026-08-17 06:50:00,product_view,P016,success,mobile_app,,
C1014,2026-08-17 06:52:00,cart_add,P016,success,mobile_app,,
C1014,2026-08-17 07:01:00,checkout_start,P016,success,mobile_app,,
C1014,2026-08-17 07:05:00,payment_attempt,P016,success,mobile_app,TXNC10143436,
C1014,2026-08-17 07:07:00,payment_success,P016,success,mobile_app,TXNC10143436,
C1014,2026-08-17 07:09:00,order_confirmation,P016,success,mobile_app,TXNC10143436,ORDC10144148
C1014,2026-08-23 09:09:00,delivery,P016,success,mobile_app,,ORDC10144148
C1015,2026-08-09 23:43:00,product_discovery,P027,success,mobile_app,,
C1015,2026-08-09 23:45:00,product_view,P027,success,mobile_app,,
C1016,2026-08-12 22:27:00,product_discovery,P028,success,website,,
C1016,2026-08-12 22:30:00,product_view,P028,success,website,,
C1017,2026-08-09 07:42:00,product_discovery,P027,success,website,,
C1017,2026-08-09 07:45:00,product_view,P027,success,website,,
C1018,2026-08-02 12:28:00,product_discovery,P021,success,website,,
C1018,2026-08-02 12:31:00,product_view,P021,success,website,,
C1019,2026-08-05 12:56:00,product_discovery,P017,success,mobile_app,,
C1019,2026-08-05 12:59:00,product_view,P017,success,mobile_app,,
C1020,2026-08-01 15:27:00,product_discovery,P036,success,website,,
C1020,2026-08-01 15:30:00,product_view,P036,success,website,,
C1020,2026-08-01 15:36:00,cart_add,P036,success,website,,
C1020,2026-08-01 15:46:00,checkout_start,P036,success,website,,
C1020,2026-08-01 15:52:00,payment_attempt,P036,success,website,TXNC10205521,
C1020,2026-08-01 15:54:00,payment_success,P036,success,website,TXNC10205521,
C1020,2026-08-01 15:55:00,order_confirmation,P036,success,website,TXNC10205521,ORDC10203137
C1021,2026-08-16 05:21:00,product_discovery,P013,success,website,,
C1021,2026-08-16 05:25:00,product_view,P013,success,website,,
C1021,2026-08-16 05:27:00,cart_add,P013,success,website,,
C1022,2026-08-17 20:08:00,product_discovery,P031,success,website,,
C1022,2026-08-17 20:13:00,product_view,P031,success,website,,
C1023,2026-08-10 20:23:00,product_discovery,P036,success,mobile_app,,
C1023,2026-08-10 20:28:00,product_view,P036,success,mobile_app,,
C1024,2026-08-17 15:45:00,product_discovery,P008,success,mobile_app,,
C1024,2026-08-17 15:46:00,product_view,P008,success,mobile_app,,
C1024,2026-08-17 15:55:00,cart_add,P008,success,mobile_app,,
C1024,2026-08-17 16:04:00,checkout_start,P008,success,mobile_app,,
C1024,2026-08-17 16:07:00,payment_attempt,P008,success,mobile_app,TXNC10243112,
C1024,2026-08-17 16:10:00,payment_failure,P008,failed,mobile_app,TXNC10243112,
C1025,2026-08-14 05:12:00,product_discovery,P004,success,website,,
C1025,2026-08-14 05:16:00,product_view,P004,success,website,,
C1025,2026-08-14 05:25:00,cart_add,P004,success,website,,
C1026,2026-08-18 09:59:00,product_discovery,P033,success,mobile_app,,
C1026,2026-08-18 10:04:00,product_view,P033,success,mobile_app,,
C1026,2026-08-18 10:11:00,cart_add,P033,success,mobile_app,,
C1027,2026-08-04 23:22:00,product_discovery,P037,success,website,,
C1027,2026-08-04 23:27:00,product_view,P037,success,website,,
C1028,2026-08-17 10:31:00,product_discovery,P034,success,mobile_app,,
C1028,2026-08-17 10:34:00,product_view,P034,success,mobile_app,,
C1028,2026-08-17 10:39:00,cart_add,P034,success,mobile_app,,
C1029,2026-08-06 10:17:00,product_discovery,P003,success,website,,
C1030,2026-08-04 16:54:00,product_discovery,P018,success,website,,
C1030,2026-08-04 16:57:00,product_view,P018,success,website,,
C1030,2026-08-04 16:58:00,cart_add,P018,success,website,,
C1030,2026-08-04 17:02:00,checkout_start,P018,success,website,,
C1030,2026-08-04 17:06:00,payment_attempt,P018,success,website,TXNC10301022,
C1030,2026-08-04 17:09:00,payment_success,P018,success,website,TXNC10301022,
C1030,2026-08-04 17:11:00,order_confirmation,P018,success,website,TXNC10301022,ORDC10309999
C1030,2026-08-09 20:11:00,delivery,P018,success,website,,ORDC10309999
C1030,2026-08-10 20:11:00,review,P018,success,website,,ORDC10309999
C1031,2026-08-15 13:51:00,product_discovery,P001,success,mobile_app,,
C1031,2026-08-15 13:53:00,product_view,P001,success,mobile_app,,
C1032,2026-08-01 16:32:00,product_discovery,P035,success,website,,
C1032,2026-08-01 16:36:00,product_view,P035,success,website,,
C1032,2026-08-01 16:41:00,cart_add,P035,success,website,,
C1032,2026-08-01 16:52:00,checkout_start,P035,success,website,,
C1032,2026-08-01 16:56:00,payment_attempt,P035,success,website,TXNC10324614,
C1032,2026-08-01 16:59:00,payment_success,P035,success,website,TXNC10324614,
C1032,2026-08-01 17:02:00,order_confirmation,P035,success,website,TXNC10324614,ORDC10327479
C1032,2026-08-08 19:02:00,delivery,P035,success,website,,ORDC10327479
C1033,2026-08-12 05:36:00,product_discovery,P006,success,mobile_app,,
C1033,2026-08-12 05:38:00,product_view,P006,success,mobile_app,,
C1034,2026-08-12 11:53:00,product_discovery,P012,success,mobile_app,,
C1034,2026-08-12 11:54:00,product_view,P012,success,mobile_app,,
C1034,2026-08-12 11:57:00,cart_add,P012,success,mobile_app,,
C1034,2026-08-12 12:08:00,checkout_start,P012,success,mobile_app,,
C1034,2026-08-12 12:10:00,payment_attempt,P012,success,mobile_app,TXNC10347986,
C1034,2026-08-12 12:12:00,payment_success,P012,success,mobile_app,TXNC10347986,
C1034,2026-08-12 12:15:00,order_confirmation,P012,success,mobile_app,TXNC10347986,ORDC10342642
C1034,2026-08-14 14:15:00,delivery,P012,success,mobile_app,,ORDC10342642
C1035,2026-08-01 19:18:00,product_discovery,P008,success,website,,
C1035,2026-08-01 19:19:00,product_view,P008,success,website,,
C1036,2026-08-15 14:38:00,product_discovery,P039,success,website,,
C1036,2026-08-15 14:39:00,product_view,P039,success,website,,
C1037,2026-08-19 22:52:00,product_discovery,P022,success,website,,
C1037,2026-08-19 22:54:00,product_view,P022,success,website,,
C1037,2026-08-19 23:04:00,cart_add,P022,success,website,,
C1038,2026-08-08 21:10:00,product_discovery,P031,success,website,,
C1039,2026-08-17 01:56:00,product_discovery,P018,success,website,,
C1039,2026-08-17 01:57:00,product_view,P018,success,website,,
C1040,2026-08-03 16:00:00,product_discovery,P033,success,mobile_app,,
C1041,2026-08-06 10:30:00,product_discovery,P002,success,website,,
C1041,2026-08-06 10:34:00,product_view,P002,success,website,,
C1041,2026-08-06 10:40:00,cart_add,P002,success,website,,
C1041,2026-08-06 10:44:00,checkout_start,P002,success,website,,
C1041,2026-08-06 10:51:00,payment_attempt,P002,success,website,TXNC10412841,
C1041,2026-08-06 10:55:00,payment_success,P002,success,website,TXNC10412841,
C1041,2026-08-06 10:56:00,order_confirmation,P002,success,website,TXNC10412841,ORDC10415617
C1041,2026-08-10 13:56:00,delivery,P002,success,website,,ORDC10415617
C1041,2026-08-12 13:56:00,return,P002,success,website,,ORDC10415617
C1042,2026-08-15 02:08:00,product_discovery,P010,success,website,,
C1042,2026-08-15 02:12:00,product_view,P010,success,website,,
C1043,2026-08-11 00:14:00,product_discovery,P010,success,mobile_app,,
C1043,2026-08-11 00:19:00,product_view,P010,success,mobile_app,,
C1043,2026-08-11 00:25:00,cart_add,P010,success,mobile_app,,
C1043,2026-08-11 00:30:00,checkout_start,P010,success,mobile_app,,
C1043,2026-08-11 00:36:00,payment_attempt,P010,success,mobile_app,TXNC10432251,
C1043,2026-08-11 00:37:00,payment_success,P010,success,mobile_app,TXNC10432251,
C1043,2026-08-11 00:38:00,order_confirmation,P010,success,mobile_app,TXNC10432251,ORDC10433401
C1043,2026-08-16 03:38:00,delivery,P010,success,mobile_app,,ORDC10433401
C1044,2026-08-12 05:17:00,product_discovery,P005,success,website,,
C1044,2026-08-12 05:22:00,product_view,P005,success,website,,
C1045,2026-08-08 16:25:00,product_discovery,P009,success,website,,
C1045,2026-08-08 16:29:00,product_view,P009,success,website,,
C1046,2026-08-17 02:42:00,product_discovery,P027,success,mobile_app,,
C1046,2026-08-17 02:44:00,product_view,P027,success,mobile_app,,
C1047,2026-08-13 20:00:00,product_discovery,P032,success,mobile_app,,
C1047,2026-08-13 20:05:00,product_view,P032,success,mobile_app,,
C1048,2026-08-14 13:17:00,product_discovery,P027,success,website,,
C1048,2026-08-14 13:18:00,product_view,P027,success,website,,
C1049,2026-08-20 16:32:00,product_discovery,P002,success,mobile_app,,
C1049,2026-08-20 16:37:00,product_view,P002,success,mobile_app,,
C1049,2026-08-20 16:40:00,cart_add,P002,success,mobile_app,,
C1049,2026-08-20 16:41:00,checkout_start,P002,success,mobile_app,,
C1049,2026-08-20 16:47:00,payment_attempt,P002,success,mobile_app,TXNC10493283,
C1049,2026-08-20 16:50:00,payment_success,P002,success,mobile_app,TXNC10493283,
C1049,2026-08-20 16:53:00,order_confirmation,P002,success,mobile_app,TXNC10493283,ORDC10497898
C1049,2026-08-23 18:53:00,delivery,P002,success,mobile_app,,ORDC10497898
C1049,2026-08-26 18:53:00,return,P002,success,mobile_app,,ORDC10497898
C1049,2026-09-04 18:53:00,review,P002,success,mobile_app,,ORDC10497898
C1050,2026-08-17 08:27:00,product_discovery,P010,success,mobile_app,,
C1050,2026-08-17 08:28:00,product_view,P010,success,mobile_app,,
C1051,2026-08-17 07:03:00,product_discovery,P007,success,website,,
C1051,2026-08-17 07:07:00,product_view,P007,success,website,,
C1052,2026-08-09 15:28:00,product_discovery,P010,success,website,,
C1053,2026-08-14 06:50:00,product_discovery,P027,success,website,,
C1053,2026-08-14 06:52:00,product_view,P027,success,website,,
C1053,2026-08-14 06:55:00,cart_add,P027,success,website,,
C1053,2026-08-14 07:07:00,checkout_start,P027,success,website,,
C1053,2026-08-14 07:15:00,payment_attempt,P027,success,website,TXNC10536526,
C1053,2026-08-14 07:19:00,payment_success,P027,success,website,TXNC10536526,
C1054,2026-08-03 20:45:00,product_discovery,P010,success,website,,
C1054,2026-08-03 20:46:00,product_view,P010,success,website,,
C1055,2026-08-01 13:56:00,product_discovery,P026,success,mobile_app,,
C1055,2026-08-01 14:00:00,product_view,P026,success,mobile_app,,
C1055,2026-08-01 14:05:00,cart_add,P026,success,mobile_app,,
C1056,2026-08-06 12:08:00,product_discovery,P028,success,website,,
C1056,2026-08-06 12:11:00,product_view,P028,success,website,,
C1057,2026-08-04 04:20:00,product_discovery,P014,success,mobile_app,,
C1058,2026-08-10 06:14:00,product_discovery,P012,success,website,,
C1058,2026-08-10 06:18:00,product_view,P012,success,website,,
C1058,2026-08-10 06:25:00,cart_add,P012,success,website,,
C1059,2026-08-09 18:52:00,product_discovery,P028,success,website,,
C1059,2026-08-09 18:55:00,product_view,P028,success,website,,
C1060,2026-08-19 01:19:00,product_discovery,P022,success,website,,
C1060,2026-08-19 01:21:00,product_view,P022,success,website,,
C1061,2026-08-06 03:43:00,product_discovery,P039,success,website,,
C1061,2026-08-06 03:46:00,product_view,P039,success,website,,
C1061,2026-08-06 03:50:00,cart_add,P039,success,website,,
C1062,2026-08-03 06:26:00,product_discovery,P037,success,website,,
C1062,2026-08-03 06:31:00,product_view,P037,success,website,,
C1063,2026-08-08 11:48:00,product_discovery,P006,success,mobile_app,,
C1063,2026-08-08 11:49:00,product_view,P006,success,mobile_app,,
C1063,2026-08-08 11:54:00,cart_add,P006,success,mobile_app,,
C1064,2026-08-18 10:36:00,product_discovery,P026,success,mobile_app,,
C1064,2026-08-18 10:38:00,product_view,P026,success,mobile_app,,
C1065,2026-08-18 04:55:00,product_discovery,P033,success,website,,
C1065,2026-08-18 05:00:00,product_view,P033,success,website,,
C1066,2026-08-19 10:45:00,product_discovery,P025,success,mobile_app,,
C1066,2026-08-19 10:50:00,product_view,P025,success,mobile_app,,
C1067,2026-08-04 18:45:00,product_discovery,P030,success,website,,
C1067,2026-08-04 18:46:00,product_view,P030,success,website,,
C1067,2026-08-04 18:50:00,cart_add,P030,success,website,,
C1067,2026-08-04 19:03:00,checkout_start,P030,success,website,,
C1067,2026-08-04 19:06:00,payment_attempt,P030,success,website,TXNC10673638,
C1067,2026-08-04 19:11:00,payment_success,P030,success,website,TXNC10673638,
C1067,2026-08-04 19:14:00,order_confirmation,P030,success,website,TXNC10673638,ORDC10679573
C1067,2026-08-07 22:14:00,delivery,P030,success,website,,ORDC10679573
C1068,2026-08-20 19:27:00,product_discovery,P028,success,website,,
C1068,2026-08-20 19:31:00,product_view,P028,success,website,,
C1068,2026-08-20 19:41:00,cart_add,P028,success,website,,
C1068,2026-08-20 19:44:00,checkout_start,P028,success,website,,
C1069,2026-08-01 16:09:00,product_discovery,P010,success,mobile_app,,
C1069,2026-08-01 16:14:00,product_view,P010,success,mobile_app,,
C1070,2026-08-11 16:23:00,product_discovery,P021,success,website,,
C1070,2026-08-11 16:26:00,product_view,P021,success,website,,
C1071,2026-08-09 08:59:00,product_discovery,P006,success,website,,
C1071,2026-08-09 09:01:00,product_view,P006,success,website,,
C1072,2026-08-12 02:27:00,product_discovery,P017,success,mobile_app,,
C1072,2026-08-12 02:29:00,product_view,P017,success,mobile_app,,
C1073,2026-08-09 14:30:00,product_discovery,P019,success,mobile_app,,
C1073,2026-08-09 14:34:00,product_view,P019,success,mobile_app,,
C1074,2026-08-12 23:52:00,product_discovery,P040,success,mobile_app,,
C1075,2026-08-10 17:39:00,product_discovery,P033,success,mobile_app,,
C1075,2026-08-10 17:42:00,product_view,P033,success,mobile_app,,
C1075,2026-08-10 17:43:00,cart_add,P033,success,mobile_app,,
C1076,2026-08-19 07:46:00,product_discovery,P016,success,website,,
C1076,2026-08-19 07:48:00,product_view,P016,success,website,,
C1077,2026-08-14 07:22:00,product_discovery,P026,success,website,,
C1077,2026-08-14 07:24:00,product_view,P026,success,website,,
C1077,2026-08-14 07:32:00,cart_add,P026,success,website,,
C1078,2026-08-15 22:52:00,product_discovery,P035,success,mobile_app,,
C1079,2026-08-17 23:38:00,product_discovery,P007,success,mobile_app,,
C1079,2026-08-17 23:42:00,product_view,P007,success,mobile_app,,
C1080,2026-08-09 03:00:00,product_discovery,P039,success,mobile_app,,
C1080,2026-08-09 03:02:00,product_view,P039,success,mobile_app,,
C1081,2026-08-11 16:15:00,product_discovery,P003,success,website,,
C1081,2026-08-11 16:19:00,product_view,P003,success,website,,
C1082,2026-08-02 01:06:00,product_discovery,P039,success,mobile_app,,
C1082,2026-08-02 01:07:00,product_view,P039,success,mobile_app,,
C1082,2026-08-02 01:13:00,cart_add,P039,success,mobile_app,,
C1083,2026-08-06 03:30:00,product_discovery,P002,success,mobile_app,,
C1083,2026-08-06 03:33:00,product_view,P002,success,mobile_app,,
C1084,2026-08-02 21:49:00,product_discovery,P018,success,mobile_app,,
C1084,2026-08-02 21:50:00,product_view,P018,success,mobile_app,,
C1084,2026-08-02 21:58:00,cart_add,P018,success,mobile_app,,
C1085,2026-08-07 05:41:00,product_discovery,P012,success,website,,
C1085,2026-08-07 05:42:00,product_view,P012,success,website,,
C1086,2026-08-18 11:20:00,product_discovery,P020,success,website,,
C1086,2026-08-18 11:22:00,product_view,P020,success,website,,
C1087,2026-08-13 12:27:00,product_discovery,P011,success,mobile_app,,
C1087,2026-08-13 12:30:00,product_view,P011,success,mobile_app,,
C1088,2026-08-01 13:25:00,product_discovery,P036,success,website,,
C1088,2026-08-01 13:26:00,product_view,P036,success,website,,
C1088,2026-08-01 13:36:00,cart_add,P036,success,website,,
C1088,2026-08-01 13:42:00,checkout_start,P036,success,website,,
C1089,2026-08-11 18:29:00,product_discovery,P010,success,mobile_app,,
C1089,2026-08-11 18:32:00,product_view,P010,success,mobile_app,,
C1090,2026-08-17 18:27:00,product_discovery,P001,success,mobile_app,,
C1090,2026-08-17 18:29:00,product_view,P001,success,mobile_app,,
C1091,2026-08-06 07:23:00,product_discovery,P013,success,mobile_app,,
C1091,2026-08-06 07:28:00,product_view,P013,success,mobile_app,,
C1092,2026-08-09 06:06:00,product_discovery,P014,success,website,,
C1092,2026-08-09 06:11:00,product_view,P014,success,website,,
C1092,2026-08-09 06:17:00,cart_add,P014,success,website,,
C1093,2026-08-08 07:38:00,product_discovery,P033,success,website,,
C1093,2026-08-08 07:42:00,product_view,P033,success,website,,
C1094,2026-08-09 08:05:00,product_discovery,P023,success,mobile_app,,
C1094,2026-08-09 08:10:00,product_view,P023,success,mobile_app,,
C1095,2026-08-05 08:01:00,product_discovery,P030,success,mobile_app,,
C1095,2026-08-05 08:04:00,product_view,P030,success,mobile_app,,
C1096,2026-08-11 06:02:00,product_discovery,P025,success,mobile_app,,
C1096,2026-08-11 06:06:00,product_view,P025,success,mobile_app,,
C1096,2026-08-11 06:16:00,cart_add,P025,success,mobile_app,,
C1096,2026-08-11 06:31:00,checkout_start,P025,success,mobile_app,,
C1096,2026-08-11 06:33:00,payment_attempt,P025,success,mobile_app,TXNC10962700,
C1096,2026-08-11 06:34:00,payment_success,P025,success,mobile_app,TXNC10962700,
C1096,2026-08-11 06:37:00,order_confirmation,P025,success,mobile_app,TXNC10962700,ORDC10962698
C1096,2026-08-17 10:37:00,delivery,P025,success,mobile_app,,ORDC10962698
C1096,2026-08-25 10:37:00,review,P025,success,mobile_app,,ORDC10962698
C1097,2026-08-12 18:54:00,product_discovery,P038,success,website,,
C1097,2026-08-12 18:57:00,product_view,P038,success,website,,
C1098,2026-08-11 16:17:00,product_discovery,P036,success,mobile_app,,
C1098,2026-08-11 16:18:00,product_view,P036,success,mobile_app,,
C1098,2026-08-11 16:26:00,cart_add,P036,success,mobile_app,,
C1098,2026-08-11 16:32:00,checkout_start,P036,success,mobile_app,,
C1098,2026-08-11 16:40:00,payment_attempt,P036,success,mobile_app,TXNC10987484,
C1098,2026-08-11 16:41:00,payment_success,P036,success,mobile_app,TXNC10987484,
C1098,2026-08-11 16:42:00,order_confirmation,P036,success,mobile_app,TXNC10987484,ORDC10985384
C1098,2026-08-16 19:42:00,delivery,P036,success,mobile_app,,ORDC10985384
C1098,2026-08-23 19:42:00,review,P036,success,mobile_app,,ORDC10985384
C1099,2026-08-02 01:50:00,product_discovery,P001,success,website,,
C1099,2026-08-02 01:52:00,product_view,P001,success,website,,
C1099,2026-08-02 02:01:00,cart_add,P001,success,website,,
C1100,2026-08-05 05:04:00,product_discovery,P037,success,mobile_app,,
C1100,2026-08-05 05:06:00,product_view,P037,success,mobile_app,,
C1101,2026-08-15 23:56:00,product_discovery,P026,success,website,,
C1101,2026-08-16 00:01:00,product_view,P026,success,website,,
C1101,2026-08-16 00:08:00,cart_add,P026,success,website,,
C1102,2026-08-08 13:44:00,product_discovery,P034,success,website,,
C1102,2026-08-08 13:48:00,product_view,P034,success,website,,
C1103,2026-08-15 16:51:00,product_discovery,P037,success,mobile_app,,
C1103,2026-08-15 16:54:00,product_view,P037,success,mobile_app,,
C1103,2026-08-15 16:57:00,cart_add,P037,success,mobile_app,,
C1104,2026-08-01 22:00:00,product_discovery,P028,success,website,,
C1104,2026-08-01 22:05:00,product_view,P028,success,website,,
C1104,2026-08-01 22:15:00,cart_add,P028,success,website,,
C1104,2026-08-01 22:30:00,checkout_start,P028,success,website,,
C1105,2026-08-18 00:57:00,product_discovery,P009,success,mobile_app,,
C1105,2026-08-18 01:00:00,product_view,P009,success,mobile_app,,
C1106,2026-08-13 12:24:00,product_discovery,P016,success,mobile_app,,
C1106,2026-08-13 12:27:00,product_view,P016,success,mobile_app,,
C1107,2026-08-04 14:31:00,product_discovery,P002,success,website,,
C1107,2026-08-04 14:32:00,product_view,P002,success,website,,
C1108,2026-08-04 13:27:00,product_discovery,P019,success,mobile_app,,
C1109,2026-08-12 13:55:00,product_discovery,P024,success,website,,
C1109,2026-08-12 13:59:00,product_view,P024,success,website,,
C1110,2026-08-12 09:42:00,product_discovery,P005,success,website,,
C1110,2026-08-12 09:46:00,product_view,P005,success,website,,
C1110,2026-08-12 09:52:00,cart_add,P005,success,website,,
C1110,2026-08-12 10:00:00,checkout_start,P005,success,website,,
C1110,2026-08-12 10:03:00,payment_attempt,P005,success,website,TXNC11103927,
C1110,2026-08-12 10:08:00,payment_success,P005,success,website,TXNC11103927,
C1110,2026-08-12 10:09:00,order_confirmation,P005,success,website,TXNC11103927,ORDC11106616
C1110,2026-08-18 13:09:00,delivery,P005,success,website,,ORDC11106616
C1110,2026-08-27 13:09:00,review,P005,success,website,,ORDC11106616
C1111,2026-08-18 05:03:00,product_discovery,P017,success,website,,
C1111,2026-08-18 05:05:00,product_view,P017,success,website,,
C1112,2026-08-12 23:28:00,product_discovery,P010,success,website,,
C1112,2026-08-12 23:31:00,product_view,P010,success,website,,
C1113,2026-08-04 11:40:00,product_discovery,P015,success,website,,
C1113,2026-08-04 11:42:00,product_view,P015,success,website,,
C1114,2026-08-03 10:13:00,product_discovery,P023,success,mobile_app,,
C1114,2026-08-03 10:17:00,product_view,P023,success,mobile_app,,
C1115,2026-08-10 10:25:00,product_discovery,P013,success,mobile_app,,
C1115,2026-08-10 10:27:00,product_view,P013,success,mobile_app,,
C1115,2026-08-10 10:32:00,cart_add,P013,success,mobile_app,,
C1115,2026-08-10 10:34:00,checkout_start,P013,success,mobile_app,,
C1115,2026-08-10 10:39:00,payment_attempt,P013,success,mobile_app,TXNC11154372,
C1115,2026-08-10 10:43:00,payment_success,P013,success,mobile_app,TXNC11154372,
C1115,2026-08-10 10:45:00,order_confirmation,P013,success,mobile_app,TXNC11154372,ORDC11155451
C1115,2026-08-16 13:45:00,delivery,P013,success,mobile_app,,ORDC11155451
C1115,2026-08-22 13:45:00,review,P013,success,mobile_app,,ORDC11155451
C1116,2026-08-09 20:13:00,product_discovery,P005,success,mobile_app,,
C1116,2026-08-09 20:15:00,product_view,P005,success,mobile_app,,
C1117,2026-08-10 15:48:00,product_discovery,P019,success,mobile_app,,
C1118,2026-08-05 10:15:00,product_discovery,P021,success,mobile_app,,
C1118,2026-08-05 10:17:00,product_view,P021,success,mobile_app,,
C1119,2026-08-09 18:58:00,product_discovery,P024,success,website,,
C1119,2026-08-09 19:01:00,product_view,P024,success,website,,
C1119,2026-08-09 19:07:00,cart_add,P024,success,website,,
C1120,2026-08-11 22:09:00,product_discovery,P037,success,mobile_app,,
C1120,2026-08-11 22:11:00,product_view,P037,success,mobile_app,,
C1121,2026-08-06 03:52:00,product_discovery,P034,success,website,,
C1121,2026-08-06 03:53:00,product_view,P034,success,website,,
C1121,2026-08-06 04:03:00,cart_add,P034,success,website,,
C1121,2026-08-06 04:16:00,checkout_start,P034,success,website,,
C1121,2026-08-06 04:18:00,payment_attempt,P034,success,website,TXNC11217909,
C1121,2026-08-06 04:22:00,payment_success,P034,success,website,TXNC11217909,
C1121,2026-08-06 04:24:00,order_confirmation,P034,success,website,TXNC11217909,ORDC11211813
C1121,2026-08-10 08:24:00,delivery,P034,success,website,,ORDC11211813
C1121,2026-08-13 08:24:00,review,P034,success,website,,ORDC11211813
C1122,2026-08-15 00:27:00,product_discovery,P021,success,mobile_app,,
C1122,2026-08-15 00:29:00,product_view,P021,success,mobile_app,,
C1123,2026-08-19 03:47:00,product_discovery,P037,success,website,,
C1123,2026-08-19 03:51:00,product_view,P037,success,website,,
C1124,2026-08-13 11:20:00,product_discovery,P034,success,website,,
C1124,2026-08-13 11:23:00,product_view,P034,success,website,,
C1125,2026-08-20 05:12:00,product_discovery,P027,success,mobile_app,,
C1125,2026-08-20 05:15:00,product_view,P027,success,mobile_app,,
C1126,2026-08-13 23:53:00,product_discovery,P021,success,mobile_app,,
C1127,2026-08-08 02:59:00,product_discovery,P030,success,mobile_app,,
C1127,2026-08-08 03:00:00,product_view,P030,success,mobile_app,,
C1128,2026-08-06 10:20:00,product_discovery,P004,success,website,,
C1128,2026-08-06 10:22:00,product_view,P004,success,website,,
C1128,2026-08-06 10:28:00,cart_add,P004,success,website,,
C1129,2026-08-05 04:56:00,product_discovery,P006,success,website,,
C1129,2026-08-05 04:59:00,product_view,P006,success,website,,
C1129,2026-08-05 05:08:00,cart_add,P006,success,website,,
C1129,2026-08-05 05:23:00,checkout_start,P006,success,website,,
C1129,2026-08-05 05:24:00,payment_attempt,P006,success,website,TXNC11291705,
C1129,2026-08-05 05:25:00,payment_failure,P006,failed,website,TXNC11291705,
C1130,2026-08-08 06:10:00,product_discovery,P005,success,mobile_app,,
C1130,2026-08-08 06:13:00,product_view,P005,success,mobile_app,,
C1131,2026-08-05 05:01:00,product_discovery,P009,success,mobile_app,,
C1131,2026-08-05 05:02:00,product_view,P009,success,mobile_app,,
C1131,2026-08-05 05:05:00,cart_add,P009,success,mobile_app,,
C1131,2026-08-05 05:20:00,checkout_start,P009,success,mobile_app,,
C1131,2026-08-05 05:27:00,payment_attempt,P009,success,mobile_app,TXNC11313004,
C1131,2026-08-05 05:32:00,payment_success,P009,success,mobile_app,TXNC11313004,
C1131,2026-08-05 05:35:00,order_confirmation,P009,success,mobile_app,TXNC11313004,ORDC11319029
C1131,2026-08-12 08:35:00,delivery,P009,success,mobile_app,,ORDC11319029
C1131,2026-08-25 08:35:00,review,P009,success,mobile_app,,ORDC11319029
C1132,2026-08-08 01:47:00,product_discovery,P006,success,mobile_app,,
C1132,2026-08-08 01:52:00,product_view,P006,success,mobile_app,,
C1132,2026-08-08 01:56:00,cart_add,P006,success,mobile_app,,
C1132,2026-08-08 02:08:00,checkout_start,P006,success,mobile_app,,
C1133,2026-08-12 14:07:00,product_discovery,P004,success,website,,
C1133,2026-08-12 14:08:00,product_view,P004,success,website,,
C1133,2026-08-12 14:16:00,cart_add,P004,success,website,,
C1134,2026-08-09 01:55:00,product_discovery,P014,success,mobile_app,,
C1134,2026-08-09 01:58:00,product_view,P014,success,mobile_app,,
C1134,2026-08-09 02:01:00,cart_add,P014,success,mobile_app,,
C1134,2026-08-09 02:03:00,checkout_start,P014,success,mobile_app,,
C1134,2026-08-09 02:07:00,payment_attempt,P014,success,mobile_app,TXNC11347317,
C1134,2026-08-09 02:11:00,payment_success,P014,success,mobile_app,TXNC11347317,
C1134,2026-08-09 02:14:00,order_confirmation,P014,success,mobile_app,TXNC11347317,ORDC11347556
C1135,2026-08-10 23:03:00,product_discovery,P011,success,mobile_app,,
C1135,2026-08-10 23:08:00,product_view,P011,success,mobile_app,,
C1136,2026-08-03 18:31:00,product_discovery,P008,success,website,,
C1136,2026-08-03 18:32:00,product_view,P008,success,website,,
C1137,2026-08-12 04:05:00,product_discovery,P034,success,mobile_app,,
C1137,2026-08-12 04:08:00,product_view,P034,success,mobile_app,,
C1138,2026-08-11 03:38:00,product_discovery,P014,success,website,,
C1138,2026-08-11 03:42:00,product_view,P014,success,website,,
C1139,2026-08-11 09:01:00,product_discovery,P018,success,mobile_app,,
C1140,2026-08-10 00:54:00,product_discovery,P028,success,website,,
C1140,2026-08-10 00:57:00,product_view,P028,success,website,,
C1140,2026-08-10 01:00:00,cart_add,P028,success,website,,
C1140,2026-08-10 01:09:00,checkout_start,P028,success,website,,
C1140,2026-08-10 01:16:00,payment_attempt,P028,success,website,TXNC11401817,
C1140,2026-08-10 01:18:00,payment_success,P028,success,website,TXNC11401817,
C1140,2026-08-10 01:19:00,order_confirmation,P028,success,website,TXNC11401817,ORDC11401584
C1140,2026-08-16 04:19:00,delivery,P028,success,website,,ORDC11401584
C1140,2026-08-20 04:19:00,return,P028,success,website,,ORDC11401584
C1141,2026-08-17 06:01:00,product_discovery,P026,success,mobile_app,,
C1141,2026-08-17 06:05:00,product_view,P026,success,mobile_app,,
C1142,2026-08-05 05:24:00,product_discovery,P014,success,mobile_app,,
C1142,2026-08-05 05:27:00,product_view,P014,success,mobile_app,,
C1142,2026-08-05 05:32:00,cart_add,P014,success,mobile_app,,
C1143,2026-08-17 06:33:00,product_discovery,P040,success,mobile_app,,
C1143,2026-08-17 06:36:00,product_view,P040,success,mobile_app,,
C1144,2026-08-16 20:09:00,product_discovery,P005,success,website,,
C1144,2026-08-16 20:11:00,product_view,P005,success,website,,
C1145,2026-08-01 14:57:00,product_discovery,P031,success,mobile_app,,
C1146,2026-08-07 08:05:00,product_discovery,P005,success,website,,
C1146,2026-08-07 08:06:00,product_view,P005,success,website,,
C1146,2026-08-07 08:14:00,cart_add,P005,success,website,,
C1146,2026-08-07 08:22:00,checkout_start,P005,success,website,,
C1146,2026-08-07 08:30:00,payment_attempt,P005,success,website,TXNC11461284,
C1146,2026-08-07 08:35:00,payment_success,P005,success,website,TXNC11461284,
C1146,2026-08-07 08:37:00,order_confirmation,P005,success,website,TXNC11461284,ORDC11469606
C1146,2026-08-09 10:37:00,delivery,P005,success,website,,ORDC11469606
C1146,2026-08-15 10:37:00,return,P005,success,website,,ORDC11469606
C1147,2026-08-18 01:18:00,product_discovery,P023,success,mobile_app,,
C1147,2026-08-18 01:22:00,product_view,P023,success,mobile_app,,
C1148,2026-08-09 08:34:00,product_discovery,P020,success,mobile_app,,
C1148,2026-08-09 08:39:00,product_view,P020,success,mobile_app,,
C1149,2026-08-07 11:25:00,product_discovery,P034,success,website,,
C1149,2026-08-07 11:27:00,product_view,P034,success,website,,
C1149,2026-08-07 11:31:00,cart_add,P034,success,website,,
C1150,2026-08-02 00:52:00,product_discovery,P016,success,mobile_app,,
C1150,2026-08-02 00:55:00,product_view,P016,success,mobile_app,,
C1151,2026-08-09 22:19:00,product_discovery,P007,success,mobile_app,,
C1151,2026-08-09 22:24:00,product_view,P007,success,mobile_app,,
C1151,2026-08-09 22:32:00,cart_add,P007,success,mobile_app,,
C1151,2026-08-09 22:47:00,checkout_start,P007,success,mobile_app,,
C1151,2026-08-09 22:52:00,payment_attempt,P007,success,mobile_app,TXNC11516715,
C1151,2026-08-09 22:55:00,payment_success,P007,success,mobile_app,TXNC11516715,
C1151,2026-08-09 22:57:00,order_confirmation,P007,success,mobile_app,TXNC11516715,ORDC11515526
C1151,2026-08-16 01:57:00,delivery,P007,success,mobile_app,,ORDC11515526
C1151,2026-08-26 01:57:00,review,P007,success,mobile_app,,ORDC11515526
C1152,2026-08-04 03:09:00,product_discovery,P028,success,mobile_app,,
C1152,2026-08-04 03:14:00,product_view,P028,success,mobile_app,,
C1153,2026-08-01 12:33:00,product_discovery,P032,success,website,,
C1153,2026-08-01 12:37:00,product_view,P032,success,website,,
C1153,2026-08-01 12:46:00,cart_add,P032,success,website,,
C1153,2026-08-01 12:56:00,checkout_start,P032,success,website,,
C1153,2026-08-01 12:59:00,payment_attempt,P032,success,website,TXNC11535722,
C1153,2026-08-01 13:00:00,payment_success,P032,success,website,TXNC11535722,
C1153,2026-08-01 13:01:00,order_confirmation,P032,success,website,TXNC11535722,ORDC11534560
C1153,2026-08-03 16:01:00,delivery,P032,success,website,,ORDC11534560
C1153,2026-08-08 16:01:00,return,P032,success,website,,ORDC11534560
C1153,2026-08-09 16:01:00,review,P032,success,website,,ORDC11534560
C1154,2026-08-16 08:35:00,product_discovery,P001,success,website,,
C1154,2026-08-16 08:38:00,product_view,P001,success,website,,
C1154,2026-08-16 08:43:00,cart_add,P001,success,website,,
C1154,2026-08-16 08:52:00,checkout_start,P001,success,website,,
C1154,2026-08-16 08:55:00,payment_attempt,P001,success,website,TXNC11545434,
C1154,2026-08-16 08:57:00,payment_success,P001,success,website,TXNC11545434,
C1154,2026-08-16 08:58:00,order_confirmation,P001,success,website,TXNC11545434,ORDC11542322
C1154,2026-08-21 11:58:00,delivery,P001,success,website,,ORDC11542322
C1154,2026-09-01 11:58:00,review,P001,success,website,,ORDC11542322
C1155,2026-08-15 19:54:00,product_discovery,P025,success,mobile_app,,
C1155,2026-08-15 19:58:00,product_view,P025,success,mobile_app,,
C1155,2026-08-15 20:00:00,cart_add,P025,success,mobile_app,,
C1156,2026-08-08 09:42:00,product_discovery,P012,success,mobile_app,,
C1156,2026-08-08 09:45:00,product_view,P012,success,mobile_app,,
C1156,2026-08-08 09:48:00,cart_add,P012,success,mobile_app,,
C1157,2026-08-10 19:21:00,product_discovery,P036,success,website,,
C1157,2026-08-10 19:24:00,product_view,P036,success,website,,
C1158,2026-08-15 15:08:00,product_discovery,P030,success,website,,
C1158,2026-08-15 15:12:00,product_view,P030,success,website,,
C1159,2026-08-13 07:34:00,product_discovery,P029,success,mobile_app,,
C1159,2026-08-13 07:39:00,product_view,P029,success,mobile_app,,
C1160,2026-08-11 01:33:00,product_discovery,P030,success,mobile_app,,
C1160,2026-08-11 01:37:00,product_view,P030,success,mobile_app,,
C1161,2026-08-18 18:45:00,product_discovery,P027,success,website,,
C1161,2026-08-18 18:47:00,product_view,P027,success,website,,
C1161,2026-08-18 18:52:00,cart_add,P027,success,website,,
C1161,2026-08-18 19:02:00,checkout_start,P027,success,website,,
C1161,2026-08-18 19:05:00,payment_attempt,P027,success,website,TXNC11615806,
C1161,2026-08-18 19:06:00,payment_success,P027,success,website,TXNC11615806,
C1161,2026-08-18 19:08:00,order_confirmation,P027,success,website,TXNC11615806,ORDC11611097
C1161,2026-08-24 23:08:00,delivery,P027,success,website,,ORDC11611097
C1161,2026-08-25 23:08:00,review,P027,success,website,,ORDC11611097
C1162,2026-08-07 11:33:00,product_discovery,P007,success,mobile_app,,
C1163,2026-08-07 22:41:00,product_discovery,P037,success,mobile_app,,
C1163,2026-08-07 22:44:00,product_view,P037,success,mobile_app,,
C1163,2026-08-07 22:46:00,cart_add,P037,success,mobile_app,,
C1163,2026-08-07 22:57:00,checkout_start,P037,success,mobile_app,,
C1163,2026-08-07 22:58:00,payment_attempt,P037,success,mobile_app,TXNC11639458,
C1163,2026-08-07 23:00:00,payment_success,P037,success,mobile_app,TXNC11639458,
C1163,2026-08-07 23:02:00,order_confirmation,P037,success,mobile_app,TXNC11639458,ORDC11633535
C1163,2026-08-15 02:02:00,delivery,P037,success,mobile_app,,ORDC11633535
C1163,2026-08-23 02:02:00,review,P037,success,mobile_app,,ORDC11633535
C1164,2026-08-15 12:36:00,product_discovery,P013,success,website,,
C1165,2026-08-15 01:45:00,product_discovery,P008,success,website,,
C1165,2026-08-15 01:47:00,product_view,P008,success,website,,
C1166,2026-08-12 20:14:00,product_discovery,P029,success,mobile_app,,
C1166,2026-08-12 20:15:00,product_view,P029,success,mobile_app,,
C1167,2026-08-05 12:30:00,product_discovery,P016,success,mobile_app,,
C1167,2026-08-05 12:35:00,product_view,P016,success,mobile_app,,
C1168,2026-08-04 15:52:00,product_discovery,P002,success,website,,
C1168,2026-08-04 15:54:00,product_view,P002,success,website,,
C1169,2026-08-18 05:02:00,product_discovery,P035,success,website,,
C1169,2026-08-18 05:06:00,product_view,P035,success,website,,
C1169,2026-08-18 05:11:00,cart_add,P035,success,website,,
C1170,2026-08-16 12:39:00,product_discovery,P018,success,mobile_app,,
C1170,2026-08-16 12:43:00,product_view,P018,success,mobile_app,,
C1171,2026-08-19 20:16:00,product_discovery,P028,success,website,,
C1171,2026-08-19 20:17:00,product_view,P028,success,website,,
C1172,2026-08-01 14:01:00,product_discovery,P038,success,mobile_app,,
C1172,2026-08-01 14:02:00,product_view,P038,success,mobile_app,,
C1173,2026-08-09 09:43:00,product_discovery,P009,success,mobile_app,,
C1173,2026-08-09 09:47:00,product_view,P009,success,mobile_app,,
C1174,2026-08-20 19:24:00,product_discovery,P033,success,website,,
C1174,2026-08-20 19:27:00,product_view,P033,success,website,,
C1175,2026-08-02 18:16:00,product_discovery,P012,success,website,,
C1175,2026-08-02 18:19:00,product_view,P012,success,website,,
C1176,2026-08-17 14:35:00,product_discovery,P009,success,mobile_app,,
C1176,2026-08-17 14:38:00,product_view,P009,success,mobile_app,,
C1176,2026-08-17 14:40:00,cart_add,P009,success,mobile_app,,
C1177,2026-08-12 01:38:00,product_discovery,P039,success,website,,
C1177,2026-08-12 01:43:00,product_view,P039,success,website,,
C1177,2026-08-12 01:52:00,cart_add,P039,success,website,,
C1178,2026-08-17 05:04:00,product_discovery,P021,success,mobile_app,,
C1178,2026-08-17 05:09:00,product_view,P021,success,mobile_app,,
C1179,2026-08-02 00:07:00,product_discovery,P011,success,website,,
C1179,2026-08-02 00:08:00,product_view,P011,success,website,,
C1179,2026-08-02 00:16:00,cart_add,P011,success,website,,
C1180,2026-08-06 14:26:00,product_discovery,P016,success,website,,
C1180,2026-08-06 14:28:00,product_view,P016,success,website,,
C1180,2026-08-06 14:35:00,cart_add,P016,success,website,,
C1180,2026-08-06 14:42:00,checkout_start,P016,success,website,,
C1180,2026-08-06 14:43:00,payment_attempt,P016,success,website,TXNC11802875,
C1180,2026-08-06 14:44:00,payment_success,P016,success,website,TXNC11802875,
C1180,2026-08-06 14:45:00,order_confirmation,P016,success,website,TXNC11802875,ORDC11807132
C1180,2026-08-10 15:45:00,delivery,P016,success,website,,ORDC11807132
C1180,2026-08-18 15:45:00,return,P016,success,website,,ORDC11807132
C1181,2026-08-15 20:06:00,product_discovery,P037,success,website,,
C1181,2026-08-15 20:08:00,product_view,P037,success,website,,
C1181,2026-08-15 20:16:00,cart_add,P037,success,website,,
C1182,2026-08-05 00:31:00,product_discovery,P028,success,website,,
C1182,2026-08-05 00:32:00,product_view,P028,success,website,,
C1183,2026-08-19 18:22:00,product_discovery,P009,success,website,,
C1183,2026-08-19 18:25:00,product_view,P009,success,website,,
C1184,2026-08-02 23:18:00,product_discovery,P022,success,website,,
C1184,2026-08-02 23:23:00,product_view,P022,success,website,,
C1185,2026-08-12 02:43:00,product_discovery,P033,success,mobile_app,,
C1185,2026-08-12 02:46:00,product_view,P033,success,mobile_app,,
C1185,2026-08-12 02:55:00,cart_add,P033,success,mobile_app,,
C1186,2026-08-11 01:28:00,product_discovery,P025,success,website,,
C1187,2026-08-19 03:17:00,product_discovery,P034,success,mobile_app,,
C1187,2026-08-19 03:18:00,product_view,P034,success,mobile_app,,
C1188,2026-08-13 15:12:00,product_discovery,P022,success,website,,
C1188,2026-08-13 15:14:00,product_view,P022,success,website,,
C1188,2026-08-13 15:19:00,cart_add,P022,success,website,,
C1189,2026-08-09 11:27:00,product_discovery,P005,success,website,,
C1190,2026-08-14 10:13:00,product_discovery,P016,success,mobile_app,,
C1190,2026-08-14 10:17:00,product_view,P016,success,mobile_app,,
C1190,2026-08-14 10:26:00,cart_add,P016,success,mobile_app,,
C1190,2026-08-14 10:28:00,checkout_start,P016,success,mobile_app,,
C1190,2026-08-14 10:33:00,payment_attempt,P016,success,mobile_app,TXNC11901528,
C1190,2026-08-14 10:36:00,payment_success,P016,success,mobile_app,TXNC11901528,
C1190,2026-08-14 10:37:00,order_confirmation,P016,success,mobile_app,TXNC11901528,ORDC11901973
C1190,2026-08-21 12:37:00,delivery,P016,success,mobile_app,,ORDC11901973
C1191,2026-08-21 07:39:00,product_discovery,P004,success,website,,
C1192,2026-08-14 03:56:00,product_discovery,P040,success,website,,
C1192,2026-08-14 03:59:00,product_view,P040,success,website,,
C1192,2026-08-14 04:06:00,cart_add,P040,success,website,,
C1192,2026-08-14 04:16:00,checkout_start,P040,success,website,,
C1192,2026-08-14 04:24:00,payment_attempt,P040,success,website,TXNC11925432,
C1192,2026-08-14 04:25:00,payment_success,P040,success,website,TXNC11925432,
C1192,2026-08-14 04:27:00,order_confirmation,P040,success,website,TXNC11925432,ORDC11926738
C1192,2026-08-17 08:27:00,delivery,P040,success,website,,ORDC11926738
C1192,2026-08-18 08:27:00,return,P040,success,website,,ORDC11926738
C1192,2026-08-30 08:27:00,review,P040,success,website,,ORDC11926738
C1193,2026-08-19 19:06:00,product_discovery,P013,success,mobile_app,,
C1193,2026-08-19 19:07:00,product_view,P013,success,mobile_app,,
C1194,2026-08-09 22:01:00,product_discovery,P009,success,mobile_app,,
C1194,2026-08-09 22:05:00,product_view,P009,success,mobile_app,,
C1195,2026-08-15 08:13:00,product_discovery,P024,success,mobile_app,,
C1195,2026-08-15 08:15:00,product_view,P024,success,mobile_app,,
C1196,2026-08-03 10:14:00,product_discovery,P038,success,website,,
C1196,2026-08-03 10:16:00,product_view,P038,success,website,,
C1197,2026-08-19 13:52:00,product_discovery,P001,success,website,,
C1198,2026-08-04 05:12:00,product_discovery,P029,success,website,,
C1199,2026-08-09 06:57:00,product_discovery,P039,success,website,,
C1199,2026-08-09 07:00:00,product_view,P039,success,website,,
C1200,2026-08-04 02:50:00,product_discovery,P005,success,website,,
C1200,2026-08-04 02:53:00,product_view,P005,success,website,,
C1201,2026-08-18 01:31:00,product_discovery,P023,success,website,,
C1201,2026-08-18 01:35:00,product_view,P023,success,website,,
C1201,2026-08-18 01:41:00,cart_add,P023,success,website,,
C1201,2026-08-18 01:46:00,checkout_start,P023,success,website,,
C1201,2026-08-18 01:50:00,payment_attempt,P023,success,website,TXNC12015383,
C1201,2026-08-18 01:53:00,payment_success,P023,success,website,TXNC12015383,
C1201,2026-08-18 01:56:00,order_confirmation,P023,success,website,TXNC12015383,ORDC12016679
C1201,2026-08-24 05:56:00,delivery,P023,success,website,,ORDC12016679
C1201,2026-08-27 05:56:00,review,P023,success,website,,ORDC12016679
C1202,2026-08-20 11:31:00,product_discovery,P034,success,website,,
C1202,2026-08-20 11:34:00,product_view,P034,success,website,,
C1203,2026-08-17 19:53:00,product_discovery,P010,success,website,,
C1203,2026-08-17 19:55:00,product_view,P010,success,website,,
C1203,2026-08-17 20:03:00,cart_add,P010,success,website,,
C1204,2026-08-02 02:26:00,product_discovery,P018,success,mobile_app,,
C1204,2026-08-02 02:31:00,product_view,P018,success,mobile_app,,
C1205,2026-08-20 18:42:00,product_discovery,P040,success,mobile_app,,
C1206,2026-08-10 00:56:00,product_discovery,P025,success,mobile_app,,
C1206,2026-08-10 00:57:00,product_view,P025,success,mobile_app,,
C1207,2026-08-11 03:25:00,product_discovery,P035,success,website,,
C1208,2026-08-18 16:41:00,product_discovery,P023,success,website,,
C1208,2026-08-18 16:46:00,product_view,P023,success,website,,
C1208,2026-08-18 16:52:00,cart_add,P023,success,website,,
C1209,2026-08-18 11:24:00,product_discovery,P038,success,website,,
C1209,2026-08-18 11:25:00,product_view,P038,success,website,,
C1210,2026-08-11 01:29:00,product_discovery,P004,success,website,,
C1210,2026-08-11 01:34:00,product_view,P004,success,website,,
C1210,2026-08-11 01:39:00,cart_add,P004,success,website,,
C1211,2026-08-14 08:43:00,product_discovery,P037,success,mobile_app,,
C1211,2026-08-14 08:45:00,product_view,P037,success,mobile_app,,
C1211,2026-08-14 08:53:00,cart_add,P037,success,mobile_app,,
C1212,2026-08-01 16:17:00,product_discovery,P018,success,mobile_app,,
C1212,2026-08-01 16:18:00,product_view,P018,success,mobile_app,,
C1213,2026-08-14 07:53:00,product_discovery,P026,success,website,,
C1213,2026-08-14 07:58:00,product_view,P026,success,website,,
C1213,2026-08-14 08:03:00,cart_add,P026,success,website,,
C1213,2026-08-14 08:16:00,checkout_start,P026,success,website,,
C1213,2026-08-14 08:17:00,payment_attempt,P026,success,website,TXNC12136259,
C1213,2026-08-14 08:20:00,payment_success,P026,success,website,TXNC12136259,
C1213,2026-08-14 08:22:00,order_confirmation,P026,success,website,TXNC12136259,ORDC12138207
C1213,2026-08-18 09:22:00,delivery,P026,success,website,,ORDC12138207
C1214,2026-08-06 06:58:00,product_discovery,P027,success,website,,
C1214,2026-08-06 07:03:00,product_view,P027,success,website,,
C1214,2026-08-06 07:08:00,cart_add,P027,success,website,,
C1215,2026-08-02 18:58:00,product_discovery,P029,success,website,,
C1215,2026-08-02 19:01:00,product_view,P029,success,website,,
C1216,2026-08-12 14:17:00,product_discovery,P009,success,website,,
C1216,2026-08-12 14:19:00,product_view,P009,success,website,,
C1216,2026-08-12 14:29:00,cart_add,P009,success,website,,
C1217,2026-08-02 05:01:00,product_discovery,P012,success,mobile_app,,
C1217,2026-08-02 05:06:00,product_view,P012,success,mobile_app,,
C1217,2026-08-02 05:15:00,cart_add,P012,success,mobile_app,,
C1217,2026-08-02 05:16:00,checkout_start,P012,success,mobile_app,,
C1217,2026-08-02 05:21:00,payment_attempt,P012,success,mobile_app,TXNC12171264,
C1217,2026-08-02 05:24:00,payment_success,P012,success,mobile_app,TXNC12171264,
C1217,2026-08-02 05:25:00,order_confirmation,P012,success,mobile_app,TXNC12171264,ORDC12176729
C1217,2026-08-07 06:25:00,delivery,P012,success,mobile_app,,ORDC12176729
C1217,2026-08-09 06:25:00,return,P012,success,mobile_app,,ORDC12176729
C1217,2026-08-13 06:25:00,review,P012,success,mobile_app,,ORDC12176729
C1218,2026-08-14 07:29:00,product_discovery,P024,success,mobile_app,,
C1218,2026-08-14 07:30:00,product_view,P024,success,mobile_app,,
C1219,2026-08-08 18:20:00,product_discovery,P039,success,mobile_app,,
C1219,2026-08-08 18:23:00,product_view,P039,success,mobile_app,,
C1220,2026-08-08 00:35:00,product_discovery,P040,success,website,,
C1220,2026-08-08 00:37:00,product_view,P040,success,website,,
C1220,2026-08-08 00:42:00,cart_add,P040,success,website,,
C1220,2026-08-08 00:57:00,checkout_start,P040,success,website,,
C1220,2026-08-08 00:59:00,payment_attempt,P040,success,website,TXNC12206129,
C1220,2026-08-08 01:04:00,payment_success,P040,success,website,TXNC12206129,
C1220,2026-08-08 01:07:00,order_confirmation,P040,success,website,TXNC12206129,ORDC12206636
C1220,2026-08-14 03:07:00,delivery,P040,success,website,,ORDC12206636
C1220,2026-08-17 03:07:00,return,P040,success,website,,ORDC12206636
C1221,2026-08-16 02:33:00,product_discovery,P006,success,website,,
C1221,2026-08-16 02:35:00,product_view,P006,success,website,,
C1221,2026-08-16 02:45:00,cart_add,P006,success,website,,
C1222,2026-08-18 00:20:00,product_discovery,P008,success,website,,
C1222,2026-08-18 00:25:00,product_view,P008,success,website,,
C1223,2026-08-08 13:05:00,product_discovery,P018,success,website,,
C1223,2026-08-08 13:10:00,product_view,P018,success,website,,
C1224,2026-08-19 12:21:00,product_discovery,P024,success,website,,
C1224,2026-08-19 12:25:00,product_view,P024,success,website,,
C1224,2026-08-19 12:27:00,cart_add,P024,success,website,,
C1224,2026-08-19 12:35:00,checkout_start,P024,success,website,,
C1224,2026-08-19 12:42:00,payment_attempt,P024,success,website,TXNC12246766,
C1224,2026-08-19 12:47:00,payment_success,P024,success,website,TXNC12246766,
C1224,2026-08-19 12:49:00,order_confirmation,P024,success,website,TXNC12246766,ORDC12244774
C1224,2026-08-22 16:49:00,delivery,P024,success,website,,ORDC12244774
C1225,2026-08-04 04:25:00,product_discovery,P035,success,website,,
C1225,2026-08-04 04:29:00,product_view,P035,success,website,,
C1225,2026-08-04 04:32:00,cart_add,P035,success,website,,
C1226,2026-08-08 11:24:00,product_discovery,P008,success,website,,
C1226,2026-08-08 11:28:00,product_view,P008,success,website,,
C1227,2026-08-15 17:30:00,product_discovery,P013,success,website,,
C1228,2026-08-04 01:58:00,product_discovery,P027,success,mobile_app,,
C1228,2026-08-04 02:03:00,product_view,P027,success,mobile_app,,
C1228,2026-08-04 02:11:00,cart_add,P027,success,mobile_app,,
C1228,2026-08-04 02:14:00,checkout_start,P027,success,mobile_app,,
C1229,2026-08-05 03:10:00,product_discovery,P005,success,website,,
C1229,2026-08-05 03:15:00,product_view,P005,success,website,,
C1229,2026-08-05 03:22:00,cart_add,P005,success,website,,
C1230,2026-08-17 04:36:00,product_discovery,P036,success,website,,
C1230,2026-08-17 04:39:00,product_view,P036,success,website,,
C1230,2026-08-17 04:45:00,cart_add,P036,success,website,,
C1231,2026-08-17 18:24:00,product_discovery,P003,success,website,,
C1231,2026-08-17 18:27:00,product_view,P003,success,website,,
C1231,2026-08-17 18:34:00,cart_add,P003,success,website,,
C1231,2026-08-17 18:46:00,checkout_start,P003,success,website,,
C1231,2026-08-17 18:51:00,payment_attempt,P003,success,website,TXNC12313205,
C1231,2026-08-17 18:53:00,payment_success,P003,success,website,TXNC12313205,
C1231,2026-08-17 18:56:00,order_confirmation,P003,success,website,TXNC12313205,ORDC12319345
C1231,2026-08-19 19:56:00,delivery,P003,success,website,,ORDC12319345
C1232,2026-08-16 02:39:00,product_discovery,P030,success,mobile_app,,
C1232,2026-08-16 02:42:00,product_view,P030,success,mobile_app,,
C1232,2026-08-16 02:51:00,cart_add,P030,success,mobile_app,,
C1232,2026-08-16 02:56:00,checkout_start,P030,success,mobile_app,,
C1232,2026-08-16 02:58:00,payment_attempt,P030,success,mobile_app,TXNC12329082,
C1232,2026-08-16 03:01:00,payment_failure,P030,failed,mobile_app,TXNC12329082,
C1233,2026-08-13 02:43:00,product_discovery,P034,success,mobile_app,,
C1233,2026-08-13 02:46:00,product_view,P034,success,mobile_app,,
C1233,2026-08-13 02:52:00,cart_add,P034,success,mobile_app,,
C1234,2026-08-18 01:12:00,product_discovery,P014,success,mobile_app,,
C1234,2026-08-18 01:17:00,product_view,P014,success,mobile_app,,
C1235,2026-08-09 05:41:00,product_discovery,P019,success,website,,
C1235,2026-08-09 05:42:00,product_view,P019,success,website,,
C1236,2026-08-05 04:28:00,product_discovery,P019,success,mobile_app,,
C1236,2026-08-05 04:33:00,product_view,P019,success,mobile_app,,
C1236,2026-08-05 04:37:00,cart_add,P019,success,mobile_app,,
C1237,2026-08-13 21:33:00,product_discovery,P033,success,website,,
C1237,2026-08-13 21:34:00,product_view,P033,success,website,,
C1237,2026-08-13 21:35:00,cart_add,P033,success,website,,
C1237,2026-08-13 21:44:00,checkout_start,P033,success,website,,
C1238,2026-08-20 06:39:00,product_discovery,P002,success,mobile_app,,
C1238,2026-08-20 06:41:00,product_view,P002,success,mobile_app,,
C1239,2026-08-11 10:56:00,product_discovery,P034,success,website,,
C1239,2026-08-11 11:00:00,product_view,P034,success,website,,
C1239,2026-08-11 11:02:00,cart_add,P034,success,website,,
C1239,2026-08-11 11:17:00,checkout_start,P034,success,website,,
C1239,2026-08-11 11:25:00,payment_attempt,P034,success,website,TXNC12399081,
C1239,2026-08-11 11:28:00,payment_failure,P034,failed,website,TXNC12399081,
C1240,2026-08-04 10:43:00,product_discovery,P018,success,website,,
C1240,2026-08-04 10:46:00,product_view,P018,success,website,,
C1240,2026-08-04 10:50:00,cart_add,P018,success,website,,
C1241,2026-08-08 23:08:00,product_discovery,P018,success,mobile_app,,
C1241,2026-08-08 23:13:00,product_view,P018,success,mobile_app,,
C1241,2026-08-08 23:15:00,cart_add,P018,success,mobile_app,,
C1241,2026-08-08 23:21:00,checkout_start,P018,success,mobile_app,,
C1241,2026-08-08 23:22:00,payment_attempt,P018,success,mobile_app,TXNC12419540,
C1241,2026-08-08 23:25:00,payment_success,P018,success,mobile_app,TXNC12419540,
C1241,2026-08-08 23:28:00,order_confirmation,P018,success,mobile_app,TXNC12419540,ORDC12411583
C1241,2026-08-15 00:28:00,delivery,P018,success,mobile_app,,ORDC12411583
C1242,2026-08-16 15:44:00,product_discovery,P013,success,mobile_app,,
C1242,2026-08-16 15:48:00,product_view,P013,success,mobile_app,,
C1242,2026-08-16 15:51:00,cart_add,P013,success,mobile_app,,
C1243,2026-08-15 18:40:00,product_discovery,P006,success,website,,
C1243,2026-08-15 18:41:00,product_view,P006,success,website,,
C1244,2026-08-06 01:53:00,product_discovery,P012,success,website,,
C1244,2026-08-06 01:57:00,product_view,P012,success,website,,
C1245,2026-08-14 14:53:00,product_discovery,P016,success,mobile_app,,
C1245,2026-08-14 14:57:00,product_view,P016,success,mobile_app,,
C1245,2026-08-14 15:00:00,cart_add,P016,success,mobile_app,,
C1246,2026-08-07 23:32:00,product_discovery,P032,success,mobile_app,,
C1246,2026-08-07 23:36:00,product_view,P032,success,mobile_app,,
C1247,2026-08-03 12:43:00,product_discovery,P015,success,website,,
C1247,2026-08-03 12:46:00,product_view,P015,success,website,,
C1248,2026-08-16 09:46:00,product_discovery,P028,success,website,,
C1248,2026-08-16 09:48:00,product_view,P028,success,website,,
C1248,2026-08-16 09:54:00,cart_add,P028,success,website,,
C1248,2026-08-16 10:00:00,checkout_start,P028,success,website,,
C1248,2026-08-16 10:03:00,payment_attempt,P028,success,website,TXNC12488925,
C1248,2026-08-16 10:07:00,payment_success,P028,success,website,TXNC12488925,
C1248,2026-08-16 10:10:00,order_confirmation,P028,success,website,TXNC12488925,ORDC12485766
C1248,2026-08-21 13:10:00,delivery,P028,success,website,,ORDC12485766
C1248,2026-08-27 13:10:00,return,P028,success,website,,ORDC12485766
C1248,2026-08-27 13:10:00,review,P028,success,website,,ORDC12485766
C1249,2026-08-10 16:35:00,product_discovery,P026,success,mobile_app,,
C1249,2026-08-10 16:39:00,product_view,P026,success,mobile_app,,
C1250,2026-08-17 21:41:00,product_discovery,P015,success,mobile_app,,
C1250,2026-08-17 21:42:00,product_view,P015,success,mobile_app,,
C1251,2026-08-21 06:12:00,product_discovery,P011,success,website,,
C1251,2026-08-21 06:13:00,product_view,P011,success,website,,
C1251,2026-08-21 06:23:00,cart_add,P011,success,website,,
C1251,2026-08-21 06:26:00,checkout_start,P011,success,website,,
C1251,2026-08-21 06:27:00,payment_attempt,P011,success,website,TXNC12511345,
C1251,2026-08-21 06:31:00,payment_success,P011,success,website,TXNC12511345,
C1251,2026-08-21 06:34:00,order_confirmation,P011,success,website,TXNC12511345,ORDC12516778
C1251,2026-08-27 07:34:00,delivery,P011,success,website,,ORDC12516778
C1252,2026-08-04 21:44:00,product_discovery,P035,success,mobile_app,,
C1252,2026-08-04 21:46:00,product_view,P035,success,mobile_app,,
C1252,2026-08-04 21:49:00,cart_add,P035,success,mobile_app,,
C1253,2026-08-13 21:59:00,product_discovery,P016,success,website,,
C1253,2026-08-13 22:00:00,product_view,P016,success,website,,
C1254,2026-08-10 09:19:00,product_discovery,P032,success,website,,
C1254,2026-08-10 09:21:00,product_view,P032,success,website,,
C1255,2026-08-18 21:50:00,product_discovery,P016,success,website,,
C1255,2026-08-18 21:53:00,product_view,P016,success,website,,
C1255,2026-08-18 22:00:00,cart_add,P016,success,website,,
C1255,2026-08-18 22:03:00,checkout_start,P016,success,website,,
C1255,2026-08-18 22:08:00,payment_attempt,P016,success,website,TXNC12552253,
C1255,2026-08-18 22:09:00,payment_success,P016,success,website,TXNC12552253,
C1255,2026-08-18 22:12:00,order_confirmation,P016,success,website,TXNC12552253,ORDC12557805
C1256,2026-08-20 05:25:00,product_discovery,P035,success,website,,
C1256,2026-08-20 05:26:00,product_view,P035,success,website,,
C1257,2026-08-15 02:47:00,product_discovery,P020,success,mobile_app,,
C1257,2026-08-15 02:51:00,product_view,P020,success,mobile_app,,
C1258,2026-08-11 18:37:00,product_discovery,P013,success,website,,
C1258,2026-08-11 18:40:00,product_view,P013,success,website,,
C1259,2026-08-07 23:03:00,product_discovery,P028,success,website,,
C1259,2026-08-07 23:05:00,product_view,P028,success,website,,
C1260,2026-08-07 19:19:00,product_discovery,P035,success,website,,
C1261,2026-08-12 15:26:00,product_discovery,P026,success,mobile_app,,
C1261,2026-08-12 15:31:00,product_view,P026,success,mobile_app,,
C1262,2026-08-01 21:35:00,product_discovery,P026,success,website,,
C1262,2026-08-01 21:39:00,product_view,P026,success,website,,
C1263,2026-08-08 09:38:00,product_discovery,P022,success,website,,
C1264,2026-08-05 04:26:00,product_discovery,P014,success,mobile_app,,
C1264,2026-08-05 04:31:00,product_view,P014,success,mobile_app,,
C1265,2026-08-20 09:41:00,product_discovery,P031,success,website,,
C1265,2026-08-20 09:42:00,product_view,P031,success,website,,
C1266,2026-08-18 04:25:00,product_discovery,P022,success,website,,
C1266,2026-08-18 04:26:00,product_view,P022,success,website,,
C1266,2026-08-18 04:36:00,cart_add,P022,success,website,,
C1267,2026-08-17 01:02:00,product_discovery,P014,success,mobile_app,,
C1267,2026-08-17 01:07:00,product_view,P014,success,mobile_app,,
C1268,2026-08-17 11:08:00,product_discovery,P031,success,website,,
C1268,2026-08-17 11:09:00,product_view,P031,success,website,,
C1269,2026-08-18 13:21:00,product_discovery,P001,success,website,,
C1269,2026-08-18 13:26:00,product_view,P001,success,website,,
C1270,2026-08-21 02:59:00,product_discovery,P008,success,website,,
C1270,2026-08-21 03:03:00,product_view,P008,success,website,,
C1271,2026-08-18 09:03:00,product_discovery,P036,success,mobile_app,,
C1272,2026-08-04 00:12:00,product_discovery,P028,success,mobile_app,,
C1272,2026-08-04 00:15:00,product_view,P028,success,mobile_app,,
C1272,2026-08-04 00:25:00,cart_add,P028,success,mobile_app,,
C1272,2026-08-04 00:35:00,checkout_start,P028,success,mobile_app,,
C1272,2026-08-04 00:38:00,payment_attempt,P028,success,mobile_app,TXNC12724349,
C1272,2026-08-04 00:43:00,payment_success,P028,success,mobile_app,TXNC12724349,
C1272,2026-08-04 00:45:00,order_confirmation,P028,success,mobile_app,TXNC12724349,ORDC12725116
C1272,2026-08-08 04:45:00,delivery,P028,success,mobile_app,,ORDC12725116
C1273,2026-08-20 17:31:00,product_discovery,P009,success,website,,
C1273,2026-08-20 17:36:00,product_view,P009,success,website,,
C1274,2026-08-10 19:21:00,product_discovery,P012,success,website,,
C1275,2026-08-01 11:03:00,product_discovery,P020,success,website,,
C1275,2026-08-01 11:05:00,product_view,P020,success,website,,
C1276,2026-08-03 11:43:00,product_discovery,P004,success,mobile_app,,
C1276,2026-08-03 11:48:00,product_view,P004,success,mobile_app,,
C1276,2026-08-03 11:54:00,cart_add,P004,success,mobile_app,,
C1277,2026-08-15 15:25:00,product_discovery,P001,success,website,,
C1277,2026-08-15 15:28:00,product_view,P001,success,website,,
C1277,2026-08-15 15:35:00,cart_add,P001,success,website,,
C1278,2026-08-18 18:52:00,product_discovery,P026,success,mobile_app,,
C1278,2026-08-18 18:57:00,product_view,P026,success,mobile_app,,
C1279,2026-08-04 19:14:00,product_discovery,P007,success,website,,
C1279,2026-08-04 19:17:00,product_view,P007,success,website,,
C1280,2026-08-19 11:12:00,product_discovery,P034,success,mobile_app,,
C1280,2026-08-19 11:15:00,product_view,P034,success,mobile_app,,
C1280,2026-08-19 11:25:00,cart_add,P034,success,mobile_app,,
C1280,2026-08-19 11:38:00,checkout_start,P034,success,mobile_app,,
C1280,2026-08-19 11:46:00,payment_attempt,P034,success,mobile_app,TXNC12801043,
C1280,2026-08-19 11:48:00,payment_success,P034,success,mobile_app,TXNC12801043,
C1280,2026-08-19 11:49:00,order_confirmation,P034,success,mobile_app,TXNC12801043,ORDC12803400
C1280,2026-08-21 13:49:00,delivery,P034,success,mobile_app,,ORDC12803400
C1281,2026-08-02 12:30:00,product_discovery,P009,success,mobile_app,,
C1281,2026-08-02 12:34:00,product_view,P009,success,mobile_app,,
C1282,2026-08-18 15:03:00,product_discovery,P008,success,website,,
C1282,2026-08-18 15:08:00,product_view,P008,success,website,,
C1282,2026-08-18 15:15:00,cart_add,P008,success,website,,
C1283,2026-08-13 05:04:00,product_discovery,P021,success,website,,
C1283,2026-08-13 05:09:00,product_view,P021,success,website,,
C1283,2026-08-13 05:12:00,cart_add,P021,success,website,,
C1284,2026-08-04 14:02:00,product_discovery,P028,success,mobile_app,,
C1284,2026-08-04 14:06:00,product_view,P028,success,mobile_app,,
C1284,2026-08-04 14:11:00,cart_add,P028,success,mobile_app,,
C1284,2026-08-04 14:20:00,checkout_start,P028,success,mobile_app,,
C1284,2026-08-04 14:26:00,payment_attempt,P028,success,mobile_app,TXNC12846991,
C1284,2026-08-04 14:30:00,payment_success,P028,success,mobile_app,TXNC12846991,
C1284,2026-08-04 14:32:00,order_confirmation,P028,success,mobile_app,TXNC12846991,ORDC12844502
C1284,2026-08-07 16:32:00,delivery,P028,success,mobile_app,,ORDC12844502
C1285,2026-08-05 18:57:00,product_discovery,P029,success,mobile_app,,
C1285,2026-08-05 19:02:00,product_view,P029,success,mobile_app,,
C1286,2026-08-03 11:23:00,product_discovery,P024,success,mobile_app,,
C1286,2026-08-03 11:28:00,product_view,P024,success,mobile_app,,
C1287,2026-08-16 01:28:00,product_discovery,P018,success,mobile_app,,
C1288,2026-08-17 03:50:00,product_discovery,P017,success,mobile_app,,
C1288,2026-08-17 03:51:00,product_view,P017,success,mobile_app,,
C1288,2026-08-17 03:52:00,cart_add,P017,success,mobile_app,,
C1289,2026-08-15 03:48:00,product_discovery,P030,success,mobile_app,,
C1289,2026-08-15 03:50:00,product_view,P030,success,mobile_app,,
C1289,2026-08-15 03:59:00,cart_add,P030,success,mobile_app,,
C1290,2026-08-15 06:44:00,product_discovery,P010,success,website,,
C1291,2026-08-20 07:30:00,product_discovery,P008,success,website,,
C1291,2026-08-20 07:34:00,product_view,P008,success,website,,
C1292,2026-08-20 20:31:00,product_discovery,P035,success,mobile_app,,
C1292,2026-08-20 20:33:00,product_view,P035,success,mobile_app,,
C1293,2026-08-16 14:59:00,product_discovery,P021,success,website,,
C1293,2026-08-16 15:04:00,product_view,P021,success,website,,
C1294,2026-08-16 10:54:00,product_discovery,P026,success,mobile_app,,
C1295,2026-08-20 02:35:00,product_discovery,P033,success,website,,
C1296,2026-08-11 10:09:00,product_discovery,P003,success,mobile_app,,
C1296,2026-08-11 10:14:00,product_view,P003,success,mobile_app,,
C1297,2026-08-15 18:57:00,product_discovery,P001,success,mobile_app,,
C1297,2026-08-15 19:00:00,product_view,P001,success,mobile_app,,
C1298,2026-08-14 06:17:00,product_discovery,P006,success,mobile_app,,
C1298,2026-08-14 06:18:00,product_view,P006,success,mobile_app,,
C1299,2026-08-03 07:11:00,product_discovery,P012,success,mobile_app,,
C1299,2026-08-03 07:16:00,product_view,P012,success,mobile_app,,
C1299,2026-08-03 07:17:00,cart_add,P012,success,mobile_app,,
C1300,2026-08-15 20:24:00,product_discovery,P024,success,mobile_app,,
C1300,2026-08-15 20:25:00,product_view,P024,success,mobile_app,,
C1301,2026-08-16 19:51:00,product_discovery,P013,success,website,,
C1302,2026-08-17 09:31:00,product_discovery,P019,success,website,,
C1302,2026-08-17 09:34:00,product_view,P019,success,website,,
C1303,2026-08-20 08:10:00,product_discovery,P013,success,mobile_app,,
C1303,2026-08-20 08:12:00,product_view,P013,success,mobile_app,,
C1304,2026-08-11 08:04:00,product_discovery,P017,success,website,,
C1304,2026-08-11 08:08:00,product_view,P017,success,website,,
C1305,2026-08-15 22:31:00,product_discovery,P034,success,mobile_app,,
C1306,2026-08-20 07:52:00,product_discovery,P038,success,mobile_app,,
C1306,2026-08-20 07:54:00,product_view,P038,success,mobile_app,,
C1306,2026-08-20 07:58:00,cart_add,P038,success,mobile_app,,
C1307,2026-08-19 18:51:00,product_discovery,P019,success,website,,
C1307,2026-08-19 18:54:00,product_view,P019,success,website,,
C1308,2026-08-18 05:50:00,product_discovery,P018,success,website,,
C1308,2026-08-18 05:55:00,product_view,P018,success,website,,
C1309,2026-08-07 06:27:00,product_discovery,P003,success,website,,
C1309,2026-08-07 06:32:00,product_view,P003,success,website,,
C1310,2026-08-11 23:10:00,product_discovery,P038,success,mobile_app,,
C1310,2026-08-11 23:13:00,product_view,P038,success,mobile_app,,
C1310,2026-08-11 23:23:00,cart_add,P038,success,mobile_app,,
C1310,2026-08-11 23:29:00,checkout_start,P038,success,mobile_app,,
C1310,2026-08-11 23:35:00,payment_attempt,P038,success,mobile_app,TXNC13101129,
C1310,2026-08-11 23:37:00,payment_success,P038,success,mobile_app,TXNC13101129,
C1310,2026-08-11 23:39:00,order_confirmation,P038,success,mobile_app,TXNC13101129,ORDC13102641
C1310,2026-08-16 01:39:00,delivery,P038,success,mobile_app,,ORDC13102641
C1311,2026-08-18 10:43:00,product_discovery,P002,success,mobile_app,,
C1311,2026-08-18 10:48:00,product_view,P002,success,mobile_app,,
C1311,2026-08-18 10:58:00,cart_add,P002,success,mobile_app,,
C1312,2026-08-20 07:31:00,product_discovery,P016,success,mobile_app,,
C1312,2026-08-20 07:34:00,product_view,P016,success,mobile_app,,
C1312,2026-08-20 07:42:00,cart_add,P016,success,mobile_app,,
C1313,2026-08-21 07:11:00,product_discovery,P015,success,website,,
C1313,2026-08-21 07:15:00,product_view,P015,success,website,,
C1313,2026-08-21 07:20:00,cart_add,P015,success,website,,
C1313,2026-08-21 07:27:00,checkout_start,P015,success,website,,
C1313,2026-08-21 07:30:00,payment_attempt,P015,success,website,TXNC13135924,
C1313,2026-08-21 07:35:00,payment_success,P015,success,website,TXNC13135924,
C1313,2026-08-21 07:38:00,order_confirmation,P015,success,website,TXNC13135924,ORDC13133286
C1313,2026-08-23 09:38:00,delivery,P015,success,website,,ORDC13133286
C1313,2026-09-05 09:38:00,review,P015,success,website,,ORDC13133286
C1314,2026-08-04 13:15:00,product_discovery,P023,success,mobile_app,,
C1314,2026-08-04 13:19:00,product_view,P023,success,mobile_app,,
C1314,2026-08-04 13:20:00,cart_add,P023,success,mobile_app,,
C1314,2026-08-04 13:24:00,checkout_start,P023,success,mobile_app,,
C1314,2026-08-04 13:29:00,payment_attempt,P023,success,mobile_app,TXNC13144024,
C1314,2026-08-04 13:31:00,payment_success,P023,success,mobile_app,TXNC13144024,
C1314,2026-08-04 13:33:00,order_confirmation,P023,success,mobile_app,TXNC13144024,ORDC13145009
C1314,2026-08-08 15:33:00,delivery,P023,success,mobile_app,,ORDC13145009
C1314,2026-08-11 15:33:00,return,P023,success,mobile_app,,ORDC13145009
C1314,2026-08-16 15:33:00,review,P023,success,mobile_app,,ORDC13145009
C1315,2026-08-13 20:16:00,product_discovery,P026,success,website,,
C1315,2026-08-13 20:20:00,product_view,P026,success,website,,
C1315,2026-08-13 20:28:00,cart_add,P026,success,website,,
C1315,2026-08-13 20:41:00,checkout_start,P026,success,website,,
C1315,2026-08-13 20:48:00,payment_attempt,P026,success,website,TXNC13153187,
C1315,2026-08-13 20:52:00,payment_success,P026,success,website,TXNC13153187,
C1315,2026-08-13 20:54:00,order_confirmation,P026,success,website,TXNC13153187,ORDC13157956
C1315,2026-08-18 00:54:00,delivery,P026,success,website,,ORDC13157956
C1316,2026-08-14 16:16:00,product_discovery,P002,success,website,,
C1316,2026-08-14 16:21:00,product_view,P002,success,website,,
C1317,2026-08-09 01:36:00,product_discovery,P033,success,website,,
C1317,2026-08-09 01:41:00,product_view,P033,success,website,,
C1317,2026-08-09 01:48:00,cart_add,P033,success,website,,
C1318,2026-08-12 17:02:00,product_discovery,P013,success,website,,
C1318,2026-08-12 17:04:00,product_view,P013,success,website,,
C1319,2026-08-16 05:11:00,product_discovery,P012,success,mobile_app,,
C1319,2026-08-16 05:13:00,product_view,P012,success,mobile_app,,
C1319,2026-08-16 05:20:00,cart_add,P012,success,mobile_app,,
C1320,2026-08-10 22:19:00,product_discovery,P012,success,website,,
C1320,2026-08-10 22:23:00,product_view,P012,success,website,,
C1321,2026-08-03 05:07:00,product_discovery,P023,success,website,,
C1321,2026-08-03 05:11:00,product_view,P023,success,website,,
C1322,2026-08-04 06:18:00,product_discovery,P037,success,mobile_app,,
C1323,2026-08-16 05:04:00,product_discovery,P026,success,mobile_app,,
C1323,2026-08-16 05:05:00,product_view,P026,success,mobile_app,,
C1323,2026-08-16 05:10:00,cart_add,P026,success,mobile_app,,
C1323,2026-08-16 05:12:00,checkout_start,P026,success,mobile_app,,
C1323,2026-08-16 05:20:00,payment_attempt,P026,success,mobile_app,TXNC13238758,
C1323,2026-08-16 05:23:00,payment_success,P026,success,mobile_app,TXNC13238758,
C1323,2026-08-16 05:25:00,order_confirmation,P026,success,mobile_app,TXNC13238758,ORDC13233930
C1323,2026-08-21 09:25:00,delivery,P026,success,mobile_app,,ORDC13233930
C1323,2026-08-22 09:25:00,review,P026,success,mobile_app,,ORDC13233930
C1324,2026-08-09 00:06:00,product_discovery,P038,success,mobile_app,,
C1324,2026-08-09 00:08:00,product_view,P038,success,mobile_app,,
C1324,2026-08-09 00:18:00,cart_add,P038,success,mobile_app,,
C1325,2026-08-11 21:49:00,product_discovery,P019,success,website,,
C1325,2026-08-11 21:50:00,product_view,P019,success,website,,
C1326,2026-08-14 23:18:00,product_discovery,P024,success,mobile_app,,
C1326,2026-08-14 23:22:00,product_view,P024,success,mobile_app,,
C1326,2026-08-14 23:27:00,cart_add,P024,success,mobile_app,,
C1326,2026-08-14 23:28:00,checkout_start,P024,success,mobile_app,,
C1326,2026-08-14 23:31:00,payment_attempt,P024,success,mobile_app,TXNC13267833,
C1326,2026-08-14 23:32:00,payment_success,P024,success,mobile_app,TXNC13267833,
C1326,2026-08-14 23:34:00,order_confirmation,P024,success,mobile_app,TXNC13267833,ORDC13262829
C1326,2026-08-21 02:34:00,delivery,P024,success,mobile_app,,ORDC13262829
C1326,2026-08-23 02:34:00,review,P024,success,mobile_app,,ORDC13262829
C1327,2026-08-13 12:10:00,product_discovery,P007,success,website,,
C1327,2026-08-13 12:12:00,product_view,P007,success,website,,
C1327,2026-08-13 12:19:00,cart_add,P007,success,website,,
C1327,2026-08-13 12:25:00,checkout_start,P007,success,website,,
C1327,2026-08-13 12:29:00,payment_attempt,P007,success,website,TXNC13279577,
C1327,2026-08-13 12:34:00,payment_success,P007,success,website,TXNC13279577,
C1327,2026-08-13 12:35:00,order_confirmation,P007,success,website,TXNC13279577,ORDC13271627
C1327,2026-08-20 14:35:00,delivery,P007,success,website,,ORDC13271627
C1328,2026-08-10 00:34:00,product_discovery,P033,success,website,,
C1328,2026-08-10 00:37:00,product_view,P033,success,website,,
C1329,2026-08-01 20:13:00,product_discovery,P012,success,mobile_app,,
C1329,2026-08-01 20:14:00,product_view,P012,success,mobile_app,,
C1329,2026-08-01 20:21:00,cart_add,P012,success,mobile_app,,
C1330,2026-08-07 06:31:00,product_discovery,P020,success,website,,
C1330,2026-08-07 06:32:00,product_view,P020,success,website,,
C1331,2026-08-11 06:37:00,product_discovery,P018,success,website,,
C1331,2026-08-11 06:40:00,product_view,P018,success,website,,
C1331,2026-08-11 06:41:00,cart_add,P018,success,website,,
C1332,2026-08-07 19:36:00,product_discovery,P018,success,website,,
C1332,2026-08-07 19:40:00,product_view,P018,success,website,,
C1332,2026-08-07 19:47:00,cart_add,P018,success,website,,
C1333,2026-08-14 23:10:00,product_discovery,P021,success,website,,
C1333,2026-08-14 23:12:00,product_view,P021,success,website,,
C1334,2026-08-15 05:53:00,product_discovery,P019,success,mobile_app,,
C1334,2026-08-15 05:58:00,product_view,P019,success,mobile_app,,
C1335,2026-08-10 04:28:00,product_discovery,P031,success,website,,
C1335,2026-08-10 04:31:00,product_view,P031,success,website,,
C1335,2026-08-10 04:37:00,cart_add,P031,success,website,,
C1336,2026-08-18 05:32:00,product_discovery,P032,success,website,,
C1336,2026-08-18 05:37:00,product_view,P032,success,website,,
C1337,2026-08-02 01:37:00,product_discovery,P037,success,website,,
C1337,2026-08-02 01:41:00,product_view,P037,success,website,,
C1338,2026-08-18 08:30:00,product_discovery,P034,success,mobile_app,,
C1338,2026-08-18 08:33:00,product_view,P034,success,mobile_app,,
C1339,2026-08-11 23:15:00,product_discovery,P002,success,website,,
C1339,2026-08-11 23:20:00,product_view,P002,success,website,,
C1340,2026-08-11 03:40:00,product_discovery,P027,success,website,,
C1340,2026-08-11 03:43:00,product_view,P027,success,website,,
C1340,2026-08-11 03:51:00,cart_add,P027,success,website,,
C1340,2026-08-11 03:58:00,checkout_start,P027,success,website,,
C1340,2026-08-11 04:01:00,payment_attempt,P027,success,website,TXNC13403023,
C1340,2026-08-11 04:02:00,payment_success,P027,success,website,TXNC13403023,
C1340,2026-08-11 04:03:00,order_confirmation,P027,success,website,TXNC13403023,ORDC13405740
C1340,2026-08-18 06:03:00,delivery,P027,success,website,,ORDC13405740
C1341,2026-08-09 08:15:00,product_discovery,P014,success,mobile_app,,
C1341,2026-08-09 08:20:00,product_view,P014,success,mobile_app,,
C1341,2026-08-09 08:26:00,cart_add,P014,success,mobile_app,,
C1341,2026-08-09 08:37:00,checkout_start,P014,success,mobile_app,,
C1341,2026-08-09 08:43:00,payment_attempt,P014,success,mobile_app,TXNC13419724,
C1341,2026-08-09 08:47:00,payment_success,P014,success,mobile_app,TXNC13419724,
C1341,2026-08-09 08:49:00,order_confirmation,P014,success,mobile_app,TXNC13419724,ORDC13418600
C1341,2026-08-14 11:49:00,delivery,P014,success,mobile_app,,ORDC13418600
C1342,2026-08-10 10:28:00,product_discovery,P019,success,website,,
C1342,2026-08-10 10:33:00,product_view,P019,success,website,,
C1342,2026-08-10 10:41:00,cart_add,P019,success,website,,
C1342,2026-08-10 10:52:00,checkout_start,P019,success,website,,
C1342,2026-08-10 10:59:00,payment_attempt,P019,success,website,TXNC13427850,
C1342,2026-08-10 11:03:00,payment_success,P019,success,website,TXNC13427850,
C1343,2026-08-06 10:26:00,product_discovery,P009,success,website,,
C1343,2026-08-06 10:31:00,product_view,P009,success,website,,
C1343,2026-08-06 10:38:00,cart_add,P009,success,website,,
C1343,2026-08-06 10:44:00,checkout_start,P009,success,website,,
C1343,2026-08-06 10:47:00,payment_attempt,P009,success,website,TXNC13438731,
C1343,2026-08-06 10:48:00,payment_success,P009,success,website,TXNC13438731,
C1343,2026-08-06 10:49:00,order_confirmation,P009,success,website,TXNC13438731,ORDC13437378
C1343,2026-08-09 12:49:00,delivery,P009,success,website,,ORDC13437378
C1344,2026-08-06 18:41:00,product_discovery,P012,success,mobile_app,,
C1344,2026-08-06 18:43:00,product_view,P012,success,mobile_app,,
C1345,2026-08-02 00:52:00,product_discovery,P014,success,mobile_app,,
C1345,2026-08-02 00:56:00,product_view,P014,success,mobile_app,,
C1346,2026-08-06 20:06:00,product_discovery,P012,success,mobile_app,,
C1346,2026-08-06 20:11:00,product_view,P012,success,mobile_app,,
C1346,2026-08-06 20:21:00,cart_add,P012,success,mobile_app,,
C1346,2026-08-06 20:35:00,checkout_start,P012,success,mobile_app,,
C1346,2026-08-06 20:38:00,payment_attempt,P012,success,mobile_app,TXNC13462144,
C1346,2026-08-06 20:39:00,payment_success,P012,success,mobile_app,TXNC13462144,
C1346,2026-08-06 20:42:00,order_confirmation,P012,success,mobile_app,TXNC13462144,ORDC13469515
C1346,2026-08-09 00:42:00,delivery,P012,success,mobile_app,,ORDC13469515
C1347,2026-08-17 15:01:00,product_discovery,P035,success,website,,
C1347,2026-08-17 15:06:00,product_view,P035,success,website,,
C1347,2026-08-17 15:15:00,cart_add,P035,success,website,,
C1348,2026-08-17 20:30:00,product_discovery,P004,success,mobile_app,,
C1348,2026-08-17 20:34:00,product_view,P004,success,mobile_app,,
C1349,2026-08-17 15:22:00,product_discovery,P033,success,mobile_app,,
C1349,2026-08-17 15:26:00,product_view,P033,success,mobile_app,,
C1350,2026-08-07 07:21:00,product_discovery,P038,success,website,,
C1350,2026-08-07 07:23:00,product_view,P038,success,website,,
C1351,2026-08-06 20:44:00,product_discovery,P031,success,website,,
C1352,2026-08-15 22:38:00,product_discovery,P005,success,mobile_app,,
C1352,2026-08-15 22:42:00,product_view,P005,success,mobile_app,,
C1353,2026-08-17 00:23:00,product_discovery,P029,success,mobile_app,,
C1353,2026-08-17 00:27:00,product_view,P029,success,mobile_app,,
C1354,2026-08-02 03:31:00,product_discovery,P009,success,website,,
C1354,2026-08-02 03:36:00,product_view,P009,success,website,,
C1354,2026-08-02 03:40:00,cart_add,P009,success,website,,
C1355,2026-08-07 23:02:00,product_discovery,P020,success,website,,
C1355,2026-08-07 23:07:00,product_view,P020,success,website,,
C1355,2026-08-07 23:15:00,cart_add,P020,success,website,,
C1356,2026-08-18 06:10:00,product_discovery,P009,success,website,,
C1356,2026-08-18 06:15:00,product_view,P009,success,website,,
C1357,2026-08-06 12:28:00,product_discovery,P002,success,website,,
C1357,2026-08-06 12:33:00,product_view,P002,success,website,,
C1358,2026-08-09 14:52:00,product_discovery,P033,success,mobile_app,,
C1358,2026-08-09 14:56:00,product_view,P033,success,mobile_app,,
C1358,2026-08-09 14:59:00,cart_add,P033,success,mobile_app,,
C1359,2026-08-20 17:38:00,product_discovery,P033,success,mobile_app,,
C1359,2026-08-20 17:43:00,product_view,P033,success,mobile_app,,
C1359,2026-08-20 17:51:00,cart_add,P033,success,mobile_app,,
C1359,2026-08-20 18:05:00,checkout_start,P033,success,mobile_app,,
C1359,2026-08-20 18:08:00,payment_attempt,P033,success,mobile_app,TXNC13597223,
C1359,2026-08-20 18:09:00,payment_success,P033,success,mobile_app,TXNC13597223,
C1359,2026-08-20 18:10:00,order_confirmation,P033,success,mobile_app,TXNC13597223,ORDC13596067
C1359,2026-08-24 20:10:00,delivery,P033,success,mobile_app,,ORDC13596067
C1360,2026-08-04 01:18:00,product_discovery,P013,success,mobile_app,,
C1360,2026-08-04 01:22:00,product_view,P013,success,mobile_app,,
C1360,2026-08-04 01:23:00,cart_add,P013,success,mobile_app,,
C1360,2026-08-04 01:37:00,checkout_start,P013,success,mobile_app,,
C1360,2026-08-04 01:41:00,payment_attempt,P013,success,mobile_app,TXNC13606956,
C1360,2026-08-04 01:42:00,payment_success,P013,success,mobile_app,TXNC13606956,
C1360,2026-08-04 01:43:00,order_confirmation,P013,success,mobile_app,TXNC13606956,ORDC13609313
C1360,2026-08-10 02:43:00,delivery,P013,success,mobile_app,,ORDC13609313
C1361,2026-08-03 03:23:00,product_discovery,P004,success,mobile_app,,
C1361,2026-08-03 03:28:00,product_view,P004,success,mobile_app,,
C1362,2026-08-18 03:49:00,product_discovery,P012,success,website,,
C1362,2026-08-18 03:51:00,product_view,P012,success,website,,
C1363,2026-08-15 04:40:00,product_discovery,P018,success,mobile_app,,
C1363,2026-08-15 04:41:00,product_view,P018,success,mobile_app,,
C1363,2026-08-15 04:43:00,cart_add,P018,success,mobile_app,,
C1363,2026-08-15 04:46:00,checkout_start,P018,success,mobile_app,,
C1363,2026-08-15 04:47:00,payment_attempt,P018,success,mobile_app,TXNC13634996,
C1363,2026-08-15 04:52:00,payment_success,P018,success,mobile_app,TXNC13634996,
C1363,2026-08-15 04:54:00,order_confirmation,P018,success,mobile_app,TXNC13634996,ORDC13639797
C1363,2026-08-22 05:54:00,delivery,P018,success,mobile_app,,ORDC13639797
C1363,2026-08-24 05:54:00,review,P018,success,mobile_app,,ORDC13639797
C1363,2026-08-30 05:54:00,return,P018,success,mobile_app,,ORDC13639797
C1364,2026-08-12 03:58:00,product_discovery,P013,success,website,,
C1364,2026-08-12 04:03:00,product_view,P013,success,website,,
C1365,2026-08-14 06:55:00,product_discovery,P001,success,mobile_app,,
C1365,2026-08-14 06:56:00,product_view,P001,success,mobile_app,,
C1365,2026-08-14 07:04:00,cart_add,P001,success,mobile_app,,
C1365,2026-08-14 07:08:00,checkout_start,P001,success,mobile_app,,
C1365,2026-08-14 07:16:00,payment_attempt,P001,success,mobile_app,TXNC13655124,
C1365,2026-08-14 07:20:00,payment_success,P001,success,mobile_app,TXNC13655124,
C1365,2026-08-14 07:22:00,order_confirmation,P001,success,mobile_app,TXNC13655124,ORDC13656384
C1365,2026-08-21 11:22:00,delivery,P001,success,mobile_app,,ORDC13656384
C1366,2026-08-06 23:59:00,product_discovery,P022,success,mobile_app,,
C1366,2026-08-07 00:04:00,product_view,P022,success,mobile_app,,
C1367,2026-08-18 13:12:00,product_discovery,P012,success,mobile_app,,
C1367,2026-08-18 13:13:00,product_view,P012,success,mobile_app,,
C1368,2026-08-05 01:05:00,product_discovery,P012,success,website,,
C1368,2026-08-05 01:09:00,product_view,P012,success,website,,
C1368,2026-08-05 01:11:00,cart_add,P012,success,website,,
C1369,2026-08-16 23:10:00,product_discovery,P035,success,website,,
C1369,2026-08-16 23:12:00,product_view,P035,success,website,,
C1370,2026-08-12 18:02:00,product_discovery,P020,success,mobile_app,,
C1370,2026-08-12 18:07:00,product_view,P020,success,mobile_app,,
C1370,2026-08-12 18:12:00,cart_add,P020,success,mobile_app,,
C1370,2026-08-12 18:16:00,checkout_start,P020,success,mobile_app,,
C1370,2026-08-12 18:19:00,payment_attempt,P020,success,mobile_app,TXNC13704144,
C1370,2026-08-12 18:23:00,payment_success,P020,success,mobile_app,TXNC13704144,
C1370,2026-08-12 18:24:00,order_confirmation,P020,success,mobile_app,TXNC13704144,ORDC13703574
C1370,2026-08-17 21:24:00,delivery,P020,success,mobile_app,,ORDC13703574
C1371,2026-08-19 01:51:00,product_discovery,P018,success,website,,
C1371,2026-08-19 01:54:00,product_view,P018,success,website,,
C1372,2026-08-08 07:14:00,product_discovery,P022,success,mobile_app,,
C1372,2026-08-08 07:17:00,product_view,P022,success,mobile_app,,
C1373,2026-08-18 16:31:00,product_discovery,P027,success,website,,
C1374,2026-08-10 15:15:00,product_discovery,P023,success,website,,
C1374,2026-08-10 15:19:00,product_view,P023,success,website,,
C1374,2026-08-10 15:20:00,cart_add,P023,success,website,,
C1375,2026-08-17 15:23:00,product_discovery,P017,success,mobile_app,,
C1376,2026-08-11 01:28:00,product_discovery,P025,success,mobile_app,,
C1376,2026-08-11 01:33:00,product_view,P025,success,mobile_app,,
C1376,2026-08-11 01:37:00,cart_add,P025,success,mobile_app,,
C1376,2026-08-11 01:47:00,checkout_start,P025,success,mobile_app,,
C1376,2026-08-11 01:52:00,payment_attempt,P025,success,mobile_app,TXNC13764983,
C1376,2026-08-11 01:54:00,payment_success,P025,success,mobile_app,TXNC13764983,
C1376,2026-08-11 01:56:00,order_confirmation,P025,success,mobile_app,TXNC13764983,ORDC13768698
C1376,2026-08-16 02:56:00,delivery,P025,success,mobile_app,,ORDC13768698
C1377,2026-08-12 09:59:00,product_discovery,P016,success,mobile_app,,
C1377,2026-08-12 10:04:00,product_view,P016,success,mobile_app,,
C1378,2026-08-15 21:19:00,product_discovery,P022,success,mobile_app,,
C1378,2026-08-15 21:24:00,product_view,P022,success,mobile_app,,
C1379,2026-08-04 09:20:00,product_discovery,P005,success,mobile_app,,
C1379,2026-08-04 09:24:00,product_view,P005,success,mobile_app,,
C1379,2026-08-04 09:27:00,cart_add,P005,success,mobile_app,,
C1380,2026-08-03 08:03:00,product_discovery,P029,success,website,,
C1380,2026-08-03 08:06:00,product_view,P029,success,website,,
C1381,2026-08-19 22:21:00,product_discovery,P019,success,website,,
C1381,2026-08-19 22:23:00,product_view,P019,success,website,,
C1381,2026-08-19 22:25:00,cart_add,P019,success,website,,
C1381,2026-08-19 22:37:00,checkout_start,P019,success,website,,
C1381,2026-08-19 22:43:00,payment_attempt,P019,success,website,TXNC13816918,
C1381,2026-08-19 22:47:00,payment_success,P019,success,website,TXNC13816918,
C1381,2026-08-19 22:48:00,order_confirmation,P019,success,website,TXNC13816918,ORDC13818673
C1381,2026-08-24 00:48:00,delivery,P019,success,website,,ORDC13818673
C1382,2026-08-07 05:27:00,product_discovery,P017,success,website,,
C1382,2026-08-07 05:29:00,product_view,P017,success,website,,
C1383,2026-08-19 16:13:00,product_discovery,P032,success,website,,
C1384,2026-08-12 23:45:00,product_discovery,P024,success,website,,
C1384,2026-08-12 23:50:00,product_view,P024,success,website,,
C1384,2026-08-12 23:51:00,cart_add,P024,success,website,,
C1384,2026-08-13 00:05:00,checkout_start,P024,success,website,,
C1384,2026-08-13 00:13:00,payment_attempt,P024,success,website,TXNC13846468,
C1384,2026-08-13 00:14:00,payment_success,P024,success,website,TXNC13846468,
C1384,2026-08-13 00:17:00,order_confirmation,P024,success,website,TXNC13846468,ORDC13842840
C1384,2026-08-15 02:17:00,delivery,P024,success,website,,ORDC13842840
C1385,2026-08-16 03:04:00,product_discovery,P013,success,website,,
C1385,2026-08-16 03:08:00,product_view,P013,success,website,,
C1386,2026-08-18 03:33:00,product_discovery,P010,success,mobile_app,,
C1386,2026-08-18 03:34:00,product_view,P010,success,mobile_app,,
C1387,2026-08-13 08:12:00,product_discovery,P028,success,website,,
C1387,2026-08-13 08:16:00,product_view,P028,success,website,,
C1387,2026-08-13 08:17:00,cart_add,P028,success,website,,
C1388,2026-08-06 11:00:00,product_discovery,P021,success,mobile_app,,
C1388,2026-08-06 11:02:00,product_view,P021,success,mobile_app,,
C1388,2026-08-06 11:06:00,cart_add,P021,success,mobile_app,,
C1389,2026-08-11 17:59:00,product_discovery,P013,success,mobile_app,,
C1389,2026-08-11 18:04:00,product_view,P013,success,mobile_app,,
C1390,2026-08-05 11:10:00,product_discovery,P007,success,website,,
C1390,2026-08-05 11:15:00,product_view,P007,success,website,,
C1390,2026-08-05 11:16:00,cart_add,P007,success,website,,
C1391,2026-08-02 21:49:00,product_discovery,P021,success,mobile_app,,
C1391,2026-08-02 21:51:00,product_view,P021,success,mobile_app,,
C1392,2026-08-10 23:42:00,product_discovery,P018,success,website,,
C1392,2026-08-10 23:44:00,product_view,P018,success,website,,
C1393,2026-08-11 08:06:00,product_discovery,P008,success,mobile_app,,
C1393,2026-08-11 08:07:00,product_view,P008,success,mobile_app,,
C1394,2026-08-11 12:01:00,product_discovery,P029,success,mobile_app,,
C1394,2026-08-11 12:03:00,product_view,P029,success,mobile_app,,
C1394,2026-08-11 12:10:00,cart_add,P029,success,mobile_app,,
C1395,2026-08-05 07:37:00,product_discovery,P033,success,website,,
C1395,2026-08-05 07:39:00,product_view,P033,success,website,,
C1395,2026-08-05 07:41:00,cart_add,P033,success,website,,
C1395,2026-08-05 07:53:00,checkout_start,P033,success,website,,
C1395,2026-08-05 07:59:00,payment_attempt,P033,success,website,TXNC13954446,
C1395,2026-08-05 08:00:00,payment_success,P033,success,website,TXNC13954446,
C1395,2026-08-05 08:02:00,order_confirmation,P033,success,website,TXNC13954446,ORDC13959335
C1395,2026-08-07 09:02:00,delivery,P033,success,website,,ORDC13959335
C1395,2026-08-14 09:02:00,return,P033,success,website,,ORDC13959335
C1396,2026-08-20 20:18:00,product_discovery,P007,success,mobile_app,,
C1396,2026-08-20 20:21:00,product_view,P007,success,mobile_app,,
C1397,2026-08-20 15:00:00,product_discovery,P020,success,website,,
C1397,2026-08-20 15:01:00,product_view,P020,success,website,,
C1397,2026-08-20 15:08:00,cart_add,P020,success,website,,
C1397,2026-08-20 15:09:00,checkout_start,P020,success,website,,
C1397,2026-08-20 15:14:00,payment_attempt,P020,success,website,TXNC13976296,
C1397,2026-08-20 15:15:00,payment_success,P020,success,website,TXNC13976296,
C1397,2026-08-20 15:16:00,order_confirmation,P020,success,website,TXNC13976296,ORDC13971151
C1397,2026-08-23 17:16:00,delivery,P020,success,website,,ORDC13971151
C1398,2026-08-02 17:24:00,product_discovery,P039,success,website,,
C1398,2026-08-02 17:27:00,product_view,P039,success,website,,
C1398,2026-08-02 17:34:00,cart_add,P039,success,website,,
C1399,2026-08-13 03:13:00,product_discovery,P010,success,website,,
C1399,2026-08-13 03:16:00,product_view,P010,success,website,,
C1399,2026-08-13 03:18:00,cart_add,P010,success,website,,
C1400,2026-08-08 07:09:00,product_discovery,P026,success,mobile_app,,
C1400,2026-08-08 07:12:00,product_view,P026,success,mobile_app,,
C1400,2026-08-08 07:13:00,cart_add,P026,success,mobile_app,,
C1401,2026-08-12 00:57:00,product_discovery,P003,success,website,,
C1402,2026-08-09 21:54:00,product_discovery,P039,success,website,,
C1402,2026-08-09 21:56:00,product_view,P039,success,website,,
C1402,2026-08-09 22:02:00,cart_add,P039,success,website,,
C1403,2026-08-02 20:13:00,product_discovery,P008,success,mobile_app,,
C1403,2026-08-02 20:17:00,product_view,P008,success,mobile_app,,
C1404,2026-08-20 19:59:00,product_discovery,P039,success,website,,
C1404,2026-08-20 20:02:00,product_view,P039,success,website,,
C1405,2026-08-16 06:28:00,product_discovery,P035,success,mobile_app,,
C1405,2026-08-16 06:33:00,product_view,P035,success,mobile_app,,
C1406,2026-08-18 08:54:00,product_discovery,P037,success,website,,
C1406,2026-08-18 08:56:00,product_view,P037,success,website,,
C1406,2026-08-18 08:59:00,cart_add,P037,success,website,,
C1407,2026-08-03 04:53:00,product_discovery,P007,success,mobile_app,,
C1407,2026-08-03 04:56:00,product_view,P007,success,mobile_app,,
C1408,2026-08-07 00:53:00,product_discovery,P012,success,mobile_app,,
C1408,2026-08-07 00:56:00,product_view,P012,success,mobile_app,,
C1408,2026-08-07 01:04:00,cart_add,P012,success,mobile_app,,
C1408,2026-08-07 01:13:00,checkout_start,P012,success,mobile_app,,
C1408,2026-08-07 01:18:00,payment_attempt,P012,success,mobile_app,TXNC14083157,
C1408,2026-08-07 01:21:00,payment_success,P012,success,mobile_app,TXNC14083157,
C1408,2026-08-07 01:24:00,order_confirmation,P012,success,mobile_app,TXNC14083157,ORDC14081560
C1408,2026-08-10 05:24:00,delivery,P012,success,mobile_app,,ORDC14081560
C1408,2026-08-21 05:24:00,review,P012,success,mobile_app,,ORDC14081560
C1409,2026-08-02 02:37:00,product_discovery,P016,success,website,,
C1409,2026-08-02 02:41:00,product_view,P016,success,website,,
C1410,2026-08-20 20:24:00,product_discovery,P023,success,website,,
C1410,2026-08-20 20:29:00,product_view,P023,success,website,,
C1411,2026-08-07 07:31:00,product_discovery,P035,success,mobile_app,,
C1411,2026-08-07 07:32:00,product_view,P035,success,mobile_app,,
C1411,2026-08-07 07:41:00,cart_add,P035,success,mobile_app,,
C1411,2026-08-07 07:47:00,checkout_start,P035,success,mobile_app,,
C1411,2026-08-07 07:50:00,payment_attempt,P035,success,mobile_app,TXNC14118984,
C1411,2026-08-07 07:55:00,payment_success,P035,success,mobile_app,TXNC14118984,
C1411,2026-08-07 07:56:00,order_confirmation,P035,success,mobile_app,TXNC14118984,ORDC14116609
C1412,2026-08-09 15:34:00,product_discovery,P028,success,website,,
C1412,2026-08-09 15:39:00,product_view,P028,success,website,,
C1412,2026-08-09 15:43:00,cart_add,P028,success,website,,
C1413,2026-08-13 20:37:00,product_discovery,P019,success,website,,
C1413,2026-08-13 20:40:00,product_view,P019,success,website,,
C1414,2026-08-03 05:18:00,product_discovery,P033,success,website,,
C1414,2026-08-03 05:22:00,product_view,P033,success,website,,
C1415,2026-08-20 10:45:00,product_discovery,P015,success,website,,
C1415,2026-08-20 10:47:00,product_view,P015,success,website,,
C1416,2026-08-19 01:56:00,product_discovery,P010,success,website,,
C1416,2026-08-19 02:01:00,product_view,P010,success,website,,
C1416,2026-08-19 02:05:00,cart_add,P010,success,website,,
C1417,2026-08-04 22:41:00,product_discovery,P007,success,website,,
C1417,2026-08-04 22:46:00,product_view,P007,success,website,,
C1418,2026-08-15 04:57:00,product_discovery,P028,success,website,,
C1419,2026-08-10 10:55:00,product_discovery,P019,success,mobile_app,,
C1419,2026-08-10 11:00:00,product_view,P019,success,mobile_app,,
C1420,2026-08-04 10:20:00,product_discovery,P020,success,website,,
C1420,2026-08-04 10:21:00,product_view,P020,success,website,,
C1420,2026-08-04 10:30:00,cart_add,P020,success,website,,
C1420,2026-08-04 10:34:00,checkout_start,P020,success,website,,
C1421,2026-08-10 16:07:00,product_discovery,P009,success,website,,
C1421,2026-08-10 16:11:00,product_view,P009,success,website,,
C1422,2026-08-04 23:04:00,product_discovery,P027,success,mobile_app,,
C1422,2026-08-04 23:09:00,product_view,P027,success,mobile_app,,
C1423,2026-08-07 14:51:00,product_discovery,P009,success,mobile_app,,
C1423,2026-08-07 14:52:00,product_view,P009,success,mobile_app,,
C1423,2026-08-07 15:02:00,cart_add,P009,success,mobile_app,,
C1424,2026-08-04 13:46:00,product_discovery,P018,success,mobile_app,,
C1424,2026-08-04 13:47:00,product_view,P018,success,mobile_app,,
C1425,2026-08-03 16:02:00,product_discovery,P039,success,mobile_app,,
C1425,2026-08-03 16:04:00,product_view,P039,success,mobile_app,,
C1425,2026-08-03 16:09:00,cart_add,P039,success,mobile_app,,
C1425,2026-08-03 16:18:00,checkout_start,P039,success,mobile_app,,
C1425,2026-08-03 16:26:00,payment_attempt,P039,success,mobile_app,TXNC14256593,
C1425,2026-08-03 16:29:00,payment_success,P039,success,mobile_app,TXNC14256593,
C1425,2026-08-03 16:30:00,order_confirmation,P039,success,mobile_app,TXNC14256593,ORDC14255185
C1425,2026-08-08 17:30:00,delivery,P039,success,mobile_app,,ORDC14255185
C1426,2026-08-17 01:37:00,product_discovery,P032,success,mobile_app,,
C1426,2026-08-17 01:39:00,product_view,P032,success,mobile_app,,
C1426,2026-08-17 01:41:00,cart_add,P032,success,mobile_app,,
C1426,2026-08-17 01:51:00,checkout_start,P032,success,mobile_app,,
C1426,2026-08-17 01:57:00,payment_attempt,P032,success,mobile_app,TXNC14269102,
C1426,2026-08-17 02:01:00,payment_success,P032,success,mobile_app,TXNC14269102,
C1426,2026-08-17 02:04:00,order_confirmation,P032,success,mobile_app,TXNC14269102,ORDC14265590
C1426,2026-08-24 05:04:00,delivery,P032,success,mobile_app,,ORDC14265590
C1427,2026-08-20 08:43:00,product_discovery,P017,success,mobile_app,,
C1428,2026-08-17 13:26:00,product_discovery,P032,success,website,,
C1428,2026-08-17 13:31:00,product_view,P032,success,website,,
C1429,2026-08-07 09:08:00,product_discovery,P007,success,mobile_app,,
C1429,2026-08-07 09:13:00,product_view,P007,success,mobile_app,,
C1430,2026-08-13 03:25:00,product_discovery,P025,success,website,,
C1430,2026-08-13 03:30:00,product_view,P025,success,website,,
C1431,2026-08-04 00:09:00,product_discovery,P016,success,mobile_app,,
C1431,2026-08-04 00:14:00,product_view,P016,success,mobile_app,,
C1432,2026-08-10 07:02:00,product_discovery,P003,success,mobile_app,,
C1432,2026-08-10 07:06:00,product_view,P003,success,mobile_app,,
C1432,2026-08-10 07:16:00,cart_add,P003,success,mobile_app,,
C1432,2026-08-10 07:17:00,checkout_start,P003,success,mobile_app,,
C1432,2026-08-10 07:24:00,payment_attempt,P003,success,mobile_app,TXNC14321420,
C1432,2026-08-10 07:26:00,payment_success,P003,success,mobile_app,TXNC14321420,
C1432,2026-08-10 07:27:00,order_confirmation,P003,success,mobile_app,TXNC14321420,ORDC14326389
C1432,2026-08-15 08:27:00,delivery,P003,success,mobile_app,,ORDC14326389
C1433,2026-08-20 15:54:00,product_discovery,P017,success,mobile_app,,
C1433,2026-08-20 15:57:00,product_view,P017,success,mobile_app,,
C1434,2026-08-19 04:00:00,product_discovery,P004,success,mobile_app,,
C1434,2026-08-19 04:04:00,product_view,P004,success,mobile_app,,
C1434,2026-08-19 04:09:00,cart_add,P004,success,mobile_app,,
C1435,2026-08-18 20:57:00,product_discovery,P036,success,mobile_app,,
C1435,2026-08-18 21:01:00,product_view,P036,success,mobile_app,,
C1435,2026-08-18 21:04:00,cart_add,P036,success,mobile_app,,
C1436,2026-08-09 08:07:00,product_discovery,P040,success,website,,
C1436,2026-08-09 08:10:00,product_view,P040,success,website,,
C1436,2026-08-09 08:12:00,cart_add,P040,success,website,,
C1436,2026-08-09 08:14:00,checkout_start,P040,success,website,,
C1436,2026-08-09 08:20:00,payment_attempt,P040,success,website,TXNC14364050,
C1436,2026-08-09 08:24:00,payment_success,P040,success,website,TXNC14364050,
C1436,2026-08-09 08:27:00,order_confirmation,P040,success,website,TXNC14364050,ORDC14366521
C1436,2026-08-12 12:27:00,delivery,P040,success,website,,ORDC14366521
C1436,2026-08-14 12:27:00,review,P040,success,website,,ORDC14366521
C1437,2026-08-05 15:39:00,product_discovery,P038,success,mobile_app,,
C1437,2026-08-05 15:44:00,product_view,P038,success,mobile_app,,
C1438,2026-08-14 01:47:00,product_discovery,P035,success,website,,
C1438,2026-08-14 01:51:00,product_view,P035,success,website,,
C1439,2026-08-03 09:26:00,product_discovery,P039,success,mobile_app,,
C1439,2026-08-03 09:29:00,product_view,P039,success,mobile_app,,
C1440,2026-08-10 08:40:00,product_discovery,P009,success,mobile_app,,
C1440,2026-08-10 08:41:00,product_view,P009,success,mobile_app,,
C1440,2026-08-10 08:46:00,cart_add,P009,success,mobile_app,,
C1441,2026-08-06 10:47:00,product_discovery,P029,success,website,,
C1441,2026-08-06 10:49:00,product_view,P029,success,website,,
C1442,2026-08-06 10:35:00,product_discovery,P015,success,website,,
C1442,2026-08-06 10:37:00,product_view,P015,success,website,,
C1443,2026-08-08 02:05:00,product_discovery,P016,success,website,,
C1443,2026-08-08 02:10:00,product_view,P016,success,website,,
C1444,2026-08-13 21:02:00,product_discovery,P037,success,website,,
C1444,2026-08-13 21:06:00,product_view,P037,success,website,,
C1444,2026-08-13 21:15:00,cart_add,P037,success,website,,
C1444,2026-08-13 21:26:00,checkout_start,P037,success,website,,
C1444,2026-08-13 21:33:00,payment_attempt,P037,success,website,TXNC14446963,
C1444,2026-08-13 21:36:00,payment_success,P037,success,website,TXNC14446963,
C1444,2026-08-13 21:38:00,order_confirmation,P037,success,website,TXNC14446963,ORDC14444845
C1444,2026-08-16 00:38:00,delivery,P037,success,website,,ORDC14444845
C1444,2026-08-30 00:38:00,review,P037,success,website,,ORDC14444845
C1445,2026-08-20 03:53:00,product_discovery,P016,success,website,,
C1445,2026-08-20 03:54:00,product_view,P016,success,website,,
C1445,2026-08-20 04:03:00,cart_add,P016,success,website,,
C1446,2026-08-19 16:52:00,product_discovery,P039,success,website,,
C1446,2026-08-19 16:55:00,product_view,P039,success,website,,
C1446,2026-08-19 17:04:00,cart_add,P039,success,website,,
C1447,2026-08-14 09:37:00,product_discovery,P004,success,mobile_app,,
C1447,2026-08-14 09:42:00,product_view,P004,success,mobile_app,,
C1448,2026-08-05 05:34:00,product_discovery,P002,success,mobile_app,,
C1448,2026-08-05 05:39:00,product_view,P002,success,mobile_app,,
C1449,2026-08-17 09:44:00,product_discovery,P010,success,website,,
C1450,2026-08-17 16:35:00,product_discovery,P018,success,mobile_app,,
C1450,2026-08-17 16:36:00,product_view,P018,success,mobile_app,,
C1451,2026-08-18 17:26:00,product_discovery,P009,success,mobile_app,,
C1451,2026-08-18 17:28:00,product_view,P009,success,mobile_app,,
C1452,2026-08-16 16:27:00,product_discovery,P020,success,mobile_app,,
C1452,2026-08-16 16:29:00,product_view,P020,success,mobile_app,,
C1452,2026-08-16 16:38:00,cart_add,P020,success,mobile_app,,
C1452,2026-08-16 16:41:00,checkout_start,P020,success,mobile_app,,
C1452,2026-08-16 16:47:00,payment_attempt,P020,success,mobile_app,TXNC14521867,
C1452,2026-08-16 16:50:00,payment_success,P020,success,mobile_app,TXNC14521867,
C1452,2026-08-16 16:51:00,order_confirmation,P020,success,mobile_app,TXNC14521867,ORDC14529679
C1452,2026-08-23 20:51:00,delivery,P020,success,mobile_app,,ORDC14529679
C1453,2026-08-18 22:33:00,product_discovery,P012,success,website,,
C1453,2026-08-18 22:34:00,product_view,P012,success,website,,
C1453,2026-08-18 22:42:00,cart_add,P012,success,website,,
C1454,2026-08-10 12:23:00,product_discovery,P037,success,mobile_app,,
C1454,2026-08-10 12:27:00,product_view,P037,success,mobile_app,,
C1455,2026-08-09 03:29:00,product_discovery,P012,success,website,,
C1455,2026-08-09 03:32:00,product_view,P012,success,website,,
C1455,2026-08-09 03:39:00,cart_add,P012,success,website,,
C1456,2026-08-07 06:16:00,product_discovery,P026,success,website,,
C1456,2026-08-07 06:18:00,product_view,P026,success,website,,
C1457,2026-08-18 10:35:00,product_discovery,P007,success,mobile_app,,
C1457,2026-08-18 10:36:00,product_view,P007,success,mobile_app,,
C1457,2026-08-18 10:37:00,cart_add,P007,success,mobile_app,,
C1457,2026-08-18 10:38:00,checkout_start,P007,success,mobile_app,,
C1457,2026-08-18 10:40:00,payment_attempt,P007,success,mobile_app,TXNC14579669,
C1457,2026-08-18 10:41:00,payment_failure,P007,failed,mobile_app,TXNC14579669,
C1458,2026-08-10 02:07:00,product_discovery,P020,success,website,,
C1458,2026-08-10 02:12:00,product_view,P020,success,website,,
C1458,2026-08-10 02:14:00,cart_add,P020,success,website,,
C1458,2026-08-10 02:18:00,checkout_start,P020,success,website,,
C1458,2026-08-10 02:26:00,payment_attempt,P020,success,website,TXNC14584577,
C1458,2026-08-10 02:29:00,payment_success,P020,success,website,TXNC14584577,
C1458,2026-08-10 02:32:00,order_confirmation,P020,success,website,TXNC14584577,ORDC14587130
C1458,2026-08-17 04:32:00,delivery,P020,success,website,,ORDC14587130
C1459,2026-08-12 21:04:00,product_discovery,P010,success,mobile_app,,
C1459,2026-08-12 21:05:00,product_view,P010,success,mobile_app,,
C1459,2026-08-12 21:14:00,cart_add,P010,success,mobile_app,,
C1459,2026-08-12 21:27:00,checkout_start,P010,success,mobile_app,,
C1459,2026-08-12 21:32:00,payment_attempt,P010,success,mobile_app,TXNC14592765,
C1459,2026-08-12 21:35:00,payment_success,P010,success,mobile_app,TXNC14592765,
C1459,2026-08-12 21:38:00,order_confirmation,P010,success,mobile_app,TXNC14592765,ORDC14592633
C1459,2026-08-16 01:38:00,delivery,P010,success,mobile_app,,ORDC14592633
C1460,2026-08-11 16:18:00,product_discovery,P036,success,mobile_app,,
C1460,2026-08-11 16:22:00,product_view,P036,success,mobile_app,,
C1461,2026-08-06 22:28:00,product_discovery,P024,success,website,,
C1461,2026-08-06 22:30:00,product_view,P024,success,website,,
C1462,2026-08-10 12:47:00,product_discovery,P003,success,mobile_app,,
C1462,2026-08-10 12:48:00,product_view,P003,success,mobile_app,,
C1462,2026-08-10 12:56:00,cart_add,P003,success,mobile_app,,
C1462,2026-08-10 13:11:00,checkout_start,P003,success,mobile_app,,
C1462,2026-08-10 13:13:00,payment_attempt,P003,success,mobile_app,TXNC14622490,
C1462,2026-08-10 13:16:00,payment_success,P003,success,mobile_app,TXNC14622490,
C1462,2026-08-10 13:19:00,order_confirmation,P003,success,mobile_app,TXNC14622490,ORDC14629715
C1462,2026-08-17 17:19:00,delivery,P003,success,mobile_app,,ORDC14629715
C1462,2026-08-25 17:19:00,review,P003,success,mobile_app,,ORDC14629715
C1463,2026-08-18 16:59:00,product_discovery,P013,success,mobile_app,,
C1463,2026-08-18 17:03:00,product_view,P013,success,mobile_app,,
C1464,2026-08-01 21:00:00,product_discovery,P032,success,website,,
C1464,2026-08-01 21:03:00,product_view,P032,success,website,,
C1465,2026-08-12 15:45:00,product_discovery,P019,success,website,,
C1465,2026-08-12 15:50:00,product_view,P019,success,website,,
C1465,2026-08-12 15:54:00,cart_add,P019,success,website,,
C1465,2026-08-12 15:59:00,checkout_start,P019,success,website,,
C1465,2026-08-12 16:02:00,payment_attempt,P019,success,website,TXNC14651785,
C1465,2026-08-12 16:07:00,payment_failure,P019,failed,website,TXNC14651785,
C1466,2026-08-08 05:26:00,product_discovery,P025,success,website,,
C1466,2026-08-08 05:29:00,product_view,P025,success,website,,
C1466,2026-08-08 05:30:00,cart_add,P025,success,website,,
C1466,2026-08-08 05:41:00,checkout_start,P025,success,website,,
C1466,2026-08-08 05:44:00,payment_attempt,P025,success,website,TXNC14661732,
C1466,2026-08-08 05:46:00,payment_success,P025,success,website,TXNC14661732,
C1466,2026-08-08 05:47:00,order_confirmation,P025,success,website,TXNC14661732,ORDC14666247
C1466,2026-08-13 06:47:00,delivery,P025,success,website,,ORDC14666247
C1467,2026-08-01 16:30:00,product_discovery,P003,success,mobile_app,,
C1467,2026-08-01 16:32:00,product_view,P003,success,mobile_app,,
C1467,2026-08-01 16:34:00,cart_add,P003,success,mobile_app,,
C1467,2026-08-01 16:35:00,checkout_start,P003,success,mobile_app,,
C1467,2026-08-01 16:41:00,payment_attempt,P003,success,mobile_app,TXNC14677388,
C1467,2026-08-01 16:43:00,payment_success,P003,success,mobile_app,TXNC14677388,
C1467,2026-08-01 16:45:00,order_confirmation,P003,success,mobile_app,TXNC14677388,ORDC14673321
C1467,2026-08-05 18:45:00,delivery,P003,success,mobile_app,,ORDC14673321
C1468,2026-08-14 07:35:00,product_discovery,P020,success,website,,
C1468,2026-08-14 07:38:00,product_view,P020,success,website,,
C1469,2026-08-10 17:54:00,product_discovery,P025,success,mobile_app,,
C1469,2026-08-10 17:56:00,product_view,P025,success,mobile_app,,
C1470,2026-08-01 13:41:00,product_discovery,P026,success,website,,
C1470,2026-08-01 13:45:00,product_view,P026,success,website,,
C1471,2026-08-03 22:28:00,product_discovery,P008,success,website,,
C1472,2026-08-13 13:14:00,product_discovery,P021,success,website,,
C1472,2026-08-13 13:17:00,product_view,P021,success,website,,
C1473,2026-08-07 20:26:00,product_discovery,P019,success,mobile_app,,
C1473,2026-08-07 20:27:00,product_view,P019,success,mobile_app,,
C1473,2026-08-07 20:34:00,cart_add,P019,success,mobile_app,,
C1474,2026-08-03 07:14:00,product_discovery,P036,success,mobile_app,,
C1474,2026-08-03 07:16:00,product_view,P036,success,mobile_app,,
C1475,2026-08-03 19:42:00,product_discovery,P008,success,website,,
C1475,2026-08-03 19:43:00,product_view,P008,success,website,,
C1476,2026-08-17 02:48:00,product_discovery,P005,success,website,,
C1476,2026-08-17 02:52:00,product_view,P005,success,website,,
C1476,2026-08-17 03:00:00,cart_add,P005,success,website,,
C1476,2026-08-17 03:08:00,checkout_start,P005,success,website,,
C1476,2026-08-17 03:09:00,payment_attempt,P005,success,website,TXNC14769251,
C1476,2026-08-17 03:11:00,payment_success,P005,success,website,TXNC14769251,
C1476,2026-08-17 03:14:00,order_confirmation,P005,success,website,TXNC14769251,ORDC14761232
C1476,2026-08-21 05:14:00,delivery,P005,success,website,,ORDC14761232
C1477,2026-08-05 21:34:00,product_discovery,P004,success,mobile_app,,
C1477,2026-08-05 21:38:00,product_view,P004,success,mobile_app,,
C1478,2026-08-06 11:00:00,product_discovery,P012,success,website,,
C1478,2026-08-06 11:03:00,product_view,P012,success,website,,
C1479,2026-08-11 08:35:00,product_discovery,P005,success,website,,
C1479,2026-08-11 08:40:00,product_view,P005,success,website,,
C1480,2026-08-13 18:48:00,product_discovery,P021,success,website,,
C1480,2026-08-13 18:49:00,product_view,P021,success,website,,
C1481,2026-08-01 17:32:00,product_discovery,P040,success,website,,
C1481,2026-08-01 17:35:00,product_view,P040,success,website,,
C1481,2026-08-01 17:38:00,cart_add,P040,success,website,,
C1482,2026-08-10 00:11:00,product_discovery,P001,success,website,,
C1482,2026-08-10 00:15:00,product_view,P001,success,website,,
C1482,2026-08-10 00:17:00,cart_add,P001,success,website,,
C1482,2026-08-10 00:30:00,checkout_start,P001,success,website,,
C1483,2026-08-20 02:00:00,product_discovery,P031,success,mobile_app,,
C1483,2026-08-20 02:03:00,product_view,P031,success,mobile_app,,
C1484,2026-08-18 08:32:00,product_discovery,P016,success,mobile_app,,
C1484,2026-08-18 08:37:00,product_view,P016,success,mobile_app,,
C1485,2026-08-04 19:38:00,product_discovery,P030,success,mobile_app,,
C1485,2026-08-04 19:40:00,product_view,P030,success,mobile_app,,
C1485,2026-08-04 19:43:00,cart_add,P030,success,mobile_app,,
C1485,2026-08-04 19:50:00,checkout_start,P030,success,mobile_app,,
C1485,2026-08-04 19:53:00,payment_attempt,P030,success,mobile_app,TXNC14851343,
C1485,2026-08-04 19:57:00,payment_success,P030,success,mobile_app,TXNC14851343,
C1485,2026-08-04 19:58:00,order_confirmation,P030,success,mobile_app,TXNC14851343,ORDC14857723
C1485,2026-08-07 21:58:00,delivery,P030,success,mobile_app,,ORDC14857723
C1486,2026-08-10 13:37:00,product_discovery,P027,success,mobile_app,,
C1486,2026-08-10 13:41:00,product_view,P027,success,mobile_app,,
C1486,2026-08-10 13:49:00,cart_add,P027,success,mobile_app,,
C1487,2026-08-08 18:02:00,product_discovery,P026,success,website,,
C1487,2026-08-08 18:07:00,product_view,P026,success,website,,
C1487,2026-08-08 18:11:00,cart_add,P026,success,website,,
C1488,2026-08-21 05:06:00,product_discovery,P040,success,mobile_app,,
C1488,2026-08-21 05:10:00,product_view,P040,success,mobile_app,,
C1489,2026-08-08 07:36:00,product_discovery,P014,success,mobile_app,,
C1489,2026-08-08 07:38:00,product_view,P014,success,mobile_app,,
C1489,2026-08-08 07:47:00,cart_add,P014,success,mobile_app,,
C1489,2026-08-08 07:52:00,checkout_start,P014,success,mobile_app,,
C1490,2026-08-06 06:36:00,product_discovery,P022,success,website,,
C1490,2026-08-06 06:40:00,product_view,P022,success,website,,
C1491,2026-08-11 09:55:00,product_discovery,P002,success,website,,
C1491,2026-08-11 09:59:00,product_view,P002,success,website,,
C1492,2026-08-18 07:24:00,product_discovery,P037,success,website,,
C1492,2026-08-18 07:28:00,product_view,P037,success,website,,
C1493,2026-08-08 12:50:00,product_discovery,P030,success,website,,
C1493,2026-08-08 12:52:00,product_view,P030,success,website,,
C1494,2026-08-18 16:54:00,product_discovery,P040,success,website,,
C1494,2026-08-18 16:55:00,product_view,P040,success,website,,
C1495,2026-08-20 22:54:00,product_discovery,P004,success,mobile_app,,
C1495,2026-08-20 22:55:00,product_view,P004,success,mobile_app,,
C1496,2026-08-04 18:14:00,product_discovery,P014,success,mobile_app,,
C1496,2026-08-04 18:15:00,product_view,P014,success,mobile_app,,
C1496,2026-08-04 18:21:00,cart_add,P014,success,mobile_app,,
C1497,2026-08-09 00:55:00,product_discovery,P012,success,mobile_app,,
C1497,2026-08-09 00:58:00,product_view,P012,success,mobile_app,,
C1498,2026-08-04 19:01:00,product_discovery,P011,success,mobile_app,,
C1498,2026-08-04 19:02:00,product_view,P011,success,mobile_app,,
C1499,2026-08-14 02:44:00,product_discovery,P036,success,mobile_app,,
C1499,2026-08-14 02:47:00,product_view,P036,success,mobile_app,,
C1499,2026-08-14 02:51:00,cart_add,P036,success,mobile_app,,
C1499,2026-08-14 03:02:00,checkout_start,P036,success,mobile_app,,
C1500,2026-08-02 05:30:00,product_discovery,P009,success,mobile_app,,
C1500,2026-08-02 05:34:00,product_view,P009,success,mobile_app,,
C1500,2026-08-02 05:37:00,cart_add,P009,success,mobile_app,,
C1500,2026-08-02 05:47:00,checkout_start,P009,success,mobile_app,,
C1500,2026-08-02 05:53:00,payment_attempt,P009,success,mobile_app,TXNC15003979,
C1500,2026-08-02 05:57:00,payment_success,P009,success,mobile_app,TXNC15003979,
C1500,2026-08-02 05:59:00,order_confirmation,P009,success,mobile_app,TXNC15003979,ORDC15006633
C1500,2026-08-06 08:59:00,delivery,P009,success,mobile_app,,ORDC15006633
C1500,2026-08-09 08:59:00,return,P009,success,mobile_app,,ORDC15006633
C1501,2026-08-16 17:56:00,product_discovery,P026,success,website,,
C1501,2026-08-16 17:57:00,product_view,P026,success,website,,
C1501,2026-08-16 18:01:00,cart_add,P026,success,website,,
C1502,2026-08-19 08:57:00,product_discovery,P006,success,mobile_app,,
C1502,2026-08-19 09:02:00,product_view,P006,success,mobile_app,,
C1503,2026-08-14 18:23:00,product_discovery,P027,success,website,,
C1503,2026-08-14 18:26:00,product_view,P027,success,website,,
C1504,2026-08-13 04:13:00,product_discovery,P002,success,mobile_app,,
C1504,2026-08-13 04:16:00,product_view,P002,success,mobile_app,,
C1504,2026-08-13 04:17:00,cart_add,P002,success,mobile_app,,
C1505,2026-08-11 13:10:00,product_discovery,P028,success,mobile_app,,
C1505,2026-08-11 13:11:00,product_view,P028,success,mobile_app,,
C1505,2026-08-11 13:19:00,cart_add,P028,success,mobile_app,,
C1505,2026-08-11 13:25:00,checkout_start,P028,success,mobile_app,,
C1505,2026-08-11 13:28:00,payment_attempt,P028,success,mobile_app,TXNC15051174,
C1505,2026-08-11 13:33:00,payment_failure,P028,failed,mobile_app,TXNC15051174,
C1506,2026-08-09 23:53:00,product_discovery,P013,success,mobile_app,,
C1506,2026-08-09 23:57:00,product_view,P013,success,mobile_app,,
C1506,2026-08-10 00:02:00,cart_add,P013,success,mobile_app,,
C1507,2026-08-12 23:56:00,product_discovery,P028,success,mobile_app,,
C1507,2026-08-12 23:59:00,product_view,P028,success,mobile_app,,
C1507,2026-08-13 00:05:00,cart_add,P028,success,mobile_app,,
C1508,2026-08-07 17:48:00,product_discovery,P018,success,website,,
C1508,2026-08-07 17:52:00,product_view,P018,success,website,,
C1508,2026-08-07 17:54:00,cart_add,P018,success,website,,
C1509,2026-08-12 21:52:00,product_discovery,P008,success,website,,
C1509,2026-08-12 21:54:00,product_view,P008,success,website,,
C1510,2026-08-05 08:43:00,product_discovery,P024,success,website,,
C1510,2026-08-05 08:45:00,product_view,P024,success,website,,
C1510,2026-08-05 08:49:00,cart_add,P024,success,website,,
C1511,2026-08-17 18:54:00,product_discovery,P001,success,mobile_app,,
C1512,2026-08-14 14:15:00,product_discovery,P030,success,mobile_app,,
C1512,2026-08-14 14:16:00,product_view,P030,success,mobile_app,,
C1512,2026-08-14 14:17:00,cart_add,P030,success,mobile_app,,
C1512,2026-08-14 14:21:00,checkout_start,P030,success,mobile_app,,
C1512,2026-08-14 14:23:00,payment_attempt,P030,success,mobile_app,TXNC15122500,
C1512,2026-08-14 14:24:00,payment_success,P030,success,mobile_app,TXNC15122500,
C1512,2026-08-14 14:27:00,order_confirmation,P030,success,mobile_app,TXNC15122500,ORDC15121819
C1512,2026-08-21 15:27:00,delivery,P030,success,mobile_app,,ORDC15121819
C1513,2026-08-05 19:45:00,product_discovery,P032,success,website,,
C1513,2026-08-05 19:49:00,product_view,P032,success,website,,
C1513,2026-08-05 19:59:00,cart_add,P032,success,website,,
C1514,2026-08-12 21:12:00,product_discovery,P001,success,website,,
C1514,2026-08-12 21:14:00,product_view,P001,success,website,,
C1515,2026-08-13 16:00:00,product_discovery,P037,success,website,,
C1515,2026-08-13 16:01:00,product_view,P037,success,website,,
C1516,2026-08-20 15:27:00,product_discovery,P021,success,website,,
C1516,2026-08-20 15:29:00,product_view,P021,success,website,,
C1517,2026-08-10 17:09:00,product_discovery,P033,success,mobile_app,,
C1517,2026-08-10 17:11:00,product_view,P033,success,mobile_app,,
C1517,2026-08-10 17:17:00,cart_add,P033,success,mobile_app,,
C1518,2026-08-16 21:17:00,product_discovery,P017,success,mobile_app,,
C1519,2026-08-02 18:17:00,product_discovery,P032,success,mobile_app,,
C1519,2026-08-02 18:18:00,product_view,P032,success,mobile_app,,
C1520,2026-08-18 17:28:00,product_discovery,P029,success,website,,
C1520,2026-08-18 17:29:00,product_view,P029,success,website,,
C1520,2026-08-18 17:35:00,cart_add,P029,success,website,,
C1520,2026-08-18 17:45:00,checkout_start,P029,success,website,,
C1520,2026-08-18 17:47:00,payment_attempt,P029,success,website,TXNC15206227,
C1520,2026-08-18 17:51:00,payment_success,P029,success,website,TXNC15206227,
C1520,2026-08-18 17:53:00,order_confirmation,P029,success,website,TXNC15206227,ORDC15205919
C1520,2026-08-25 21:53:00,delivery,P029,success,website,,ORDC15205919
C1521,2026-08-02 07:19:00,product_discovery,P023,success,mobile_app,,
C1521,2026-08-02 07:23:00,product_view,P023,success,mobile_app,,
C1521,2026-08-02 07:29:00,cart_add,P023,success,mobile_app,,
C1521,2026-08-02 07:43:00,checkout_start,P023,success,mobile_app,,
C1521,2026-08-02 07:50:00,payment_attempt,P023,success,mobile_app,TXNC15218608,
C1521,2026-08-02 07:54:00,payment_success,P023,success,mobile_app,TXNC15218608,
C1521,2026-08-02 07:57:00,order_confirmation,P023,success,mobile_app,TXNC15218608,ORDC15217874
C1521,2026-08-06 08:57:00,delivery,P023,success,mobile_app,,ORDC15217874
C1522,2026-08-04 17:35:00,product_discovery,P026,success,mobile_app,,
C1522,2026-08-04 17:36:00,product_view,P026,success,mobile_app,,
C1523,2026-08-05 12:26:00,product_discovery,P014,success,website,,
C1523,2026-08-05 12:27:00,product_view,P014,success,website,,
C1524,2026-08-05 20:00:00,product_discovery,P002,success,mobile_app,,
C1524,2026-08-05 20:04:00,product_view,P002,success,mobile_app,,
C1525,2026-08-05 15:44:00,product_discovery,P032,success,mobile_app,,
C1525,2026-08-05 15:48:00,product_view,P032,success,mobile_app,,
C1526,2026-08-16 11:36:00,product_discovery,P004,success,mobile_app,,
C1527,2026-08-08 16:33:00,product_discovery,P031,success,mobile_app,,
C1527,2026-08-08 16:35:00,product_view,P031,success,mobile_app,,
C1527,2026-08-08 16:43:00,cart_add,P031,success,mobile_app,,
C1528,2026-08-08 08:12:00,product_discovery,P011,success,mobile_app,,
C1528,2026-08-08 08:15:00,product_view,P011,success,mobile_app,,
C1528,2026-08-08 08:22:00,cart_add,P011,success,mobile_app,,
C1529,2026-08-07 17:57:00,product_discovery,P022,success,mobile_app,,
C1529,2026-08-07 17:59:00,product_view,P022,success,mobile_app,,
C1530,2026-08-11 12:09:00,product_discovery,P024,success,mobile_app,,
C1530,2026-08-11 12:11:00,product_view,P024,success,mobile_app,,
C1530,2026-08-11 12:17:00,cart_add,P024,success,mobile_app,,
C1530,2026-08-11 12:32:00,checkout_start,P024,success,mobile_app,,
C1530,2026-08-11 12:38:00,payment_attempt,P024,success,mobile_app,TXNC15308801,
C1530,2026-08-11 12:41:00,payment_success,P024,success,mobile_app,TXNC15308801,
C1530,2026-08-11 12:44:00,order_confirmation,P024,success,mobile_app,TXNC15308801,ORDC15304184
C1530,2026-08-18 14:44:00,delivery,P024,success,mobile_app,,ORDC15304184
C1531,2026-08-17 10:43:00,product_discovery,P038,success,website,,
C1531,2026-08-17 10:45:00,product_view,P038,success,website,,
C1531,2026-08-17 10:53:00,cart_add,P038,success,website,,
C1531,2026-08-17 10:59:00,checkout_start,P038,success,website,,
C1531,2026-08-17 11:01:00,payment_attempt,P038,success,website,TXNC15313430,
C1531,2026-08-17 11:06:00,payment_success,P038,success,website,TXNC15313430,
C1531,2026-08-17 11:09:00,order_confirmation,P038,success,website,TXNC15313430,ORDC15315358
C1531,2026-08-20 12:09:00,delivery,P038,success,website,,ORDC15315358
C1531,2026-08-23 12:09:00,review,P038,success,website,,ORDC15315358
C1532,2026-08-09 14:40:00,product_discovery,P004,success,mobile_app,,
C1532,2026-08-09 14:42:00,product_view,P004,success,mobile_app,,
C1533,2026-08-20 02:28:00,product_discovery,P040,success,mobile_app,,
C1533,2026-08-20 02:33:00,product_view,P040,success,mobile_app,,
C1533,2026-08-20 02:38:00,cart_add,P040,success,mobile_app,,
C1533,2026-08-20 02:46:00,checkout_start,P040,success,mobile_app,,
C1533,2026-08-20 02:50:00,payment_attempt,P040,success,mobile_app,TXNC15334083,
C1533,2026-08-20 02:55:00,payment_success,P040,success,mobile_app,TXNC15334083,
C1533,2026-08-20 02:57:00,order_confirmation,P040,success,mobile_app,TXNC15334083,ORDC15334193
C1533,2026-08-25 05:57:00,delivery,P040,success,mobile_app,,ORDC15334193
C1534,2026-08-01 13:57:00,product_discovery,P020,success,mobile_app,,
C1534,2026-08-01 13:59:00,product_view,P020,success,mobile_app,,
C1535,2026-08-15 23:42:00,product_discovery,P027,success,website,,
C1535,2026-08-15 23:45:00,product_view,P027,success,website,,
C1536,2026-08-10 00:38:00,product_discovery,P036,success,website,,
C1536,2026-08-10 00:43:00,product_view,P036,success,website,,
C1537,2026-08-07 13:23:00,product_discovery,P030,success,mobile_app,,
C1537,2026-08-07 13:25:00,product_view,P030,success,mobile_app,,
C1538,2026-08-14 16:17:00,product_discovery,P009,success,mobile_app,,
C1538,2026-08-14 16:18:00,product_view,P009,success,mobile_app,,
C1539,2026-08-09 17:25:00,product_discovery,P010,success,mobile_app,,
C1539,2026-08-09 17:29:00,product_view,P010,success,mobile_app,,
C1539,2026-08-09 17:36:00,cart_add,P010,success,mobile_app,,
C1540,2026-08-15 06:49:00,product_discovery,P003,success,mobile_app,,
C1540,2026-08-15 06:52:00,product_view,P003,success,mobile_app,,
C1541,2026-08-12 23:27:00,product_discovery,P004,success,website,,
C1542,2026-08-02 21:04:00,product_discovery,P009,success,website,,
C1542,2026-08-02 21:05:00,product_view,P009,success,website,,
C1543,2026-08-09 12:46:00,product_discovery,P023,success,mobile_app,,
C1543,2026-08-09 12:47:00,product_view,P023,success,mobile_app,,
C1544,2026-08-13 17:42:00,product_discovery,P004,success,mobile_app,,
C1544,2026-08-13 17:46:00,product_view,P004,success,mobile_app,,
C1544,2026-08-13 17:55:00,cart_add,P004,success,mobile_app,,
C1545,2026-08-04 22:52:00,product_discovery,P008,success,mobile_app,,
C1545,2026-08-04 22:54:00,product_view,P008,success,mobile_app,,
C1546,2026-08-15 23:06:00,product_discovery,P015,success,mobile_app,,
C1547,2026-08-18 14:15:00,product_discovery,P015,success,website,,
C1547,2026-08-18 14:17:00,product_view,P015,success,website,,
C1548,2026-08-15 18:25:00,product_discovery,P026,success,website,,
C1548,2026-08-15 18:30:00,product_view,P026,success,website,,
C1549,2026-08-17 14:20:00,product_discovery,P027,success,website,,
C1549,2026-08-17 14:21:00,product_view,P027,success,website,,
C1550,2026-08-14 14:15:00,product_discovery,P032,success,website,,
C1550,2026-08-14 14:18:00,product_view,P032,success,website,,
C1550,2026-08-14 14:28:00,cart_add,P032,success,website,,
C1550,2026-08-14 14:37:00,checkout_start,P032,success,website,,
C1550,2026-08-14 14:40:00,payment_attempt,P032,success,website,TXNC15503494,
C1550,2026-08-14 14:45:00,payment_failure,P032,failed,website,TXNC15503494,
C1551,2026-08-15 14:47:00,product_discovery,P040,success,mobile_app,,
C1551,2026-08-15 14:50:00,product_view,P040,success,mobile_app,,
C1552,2026-08-20 07:55:00,product_discovery,P013,success,mobile_app,,
C1552,2026-08-20 07:58:00,product_view,P013,success,mobile_app,,
C1553,2026-08-16 03:14:00,product_discovery,P019,success,mobile_app,,
C1553,2026-08-16 03:15:00,product_view,P019,success,mobile_app,,
C1553,2026-08-16 03:24:00,cart_add,P019,success,mobile_app,,
C1554,2026-08-02 06:45:00,product_discovery,P025,success,website,,
C1554,2026-08-02 06:47:00,product_view,P025,success,website,,
C1554,2026-08-02 06:57:00,cart_add,P025,success,website,,
C1554,2026-08-02 07:02:00,checkout_start,P025,success,website,,
C1554,2026-08-02 07:06:00,payment_attempt,P025,success,website,TXNC15545970,
C1554,2026-08-02 07:09:00,payment_success,P025,success,website,TXNC15545970,
C1554,2026-08-02 07:12:00,order_confirmation,P025,success,website,TXNC15545970,ORDC15545134
C1554,2026-08-06 09:12:00,delivery,P025,success,website,,ORDC15545134
C1554,2026-08-09 09:12:00,return,P025,success,website,,ORDC15545134
C1555,2026-08-06 00:41:00,product_discovery,P032,success,mobile_app,,
C1555,2026-08-06 00:44:00,product_view,P032,success,mobile_app,,
C1555,2026-08-06 00:51:00,cart_add,P032,success,mobile_app,,
C1555,2026-08-06 00:54:00,checkout_start,P032,success,mobile_app,,
C1555,2026-08-06 01:02:00,payment_attempt,P032,success,mobile_app,TXNC15555675,
C1555,2026-08-06 01:04:00,payment_failure,P032,failed,mobile_app,TXNC15555675,
C1556,2026-08-03 18:34:00,product_discovery,P001,success,website,,
C1557,2026-08-01 14:07:00,product_discovery,P018,success,website,,
C1557,2026-08-01 14:10:00,product_view,P018,success,website,,
C1557,2026-08-01 14:20:00,cart_add,P018,success,website,,
C1558,2026-08-06 05:35:00,product_discovery,P013,success,mobile_app,,
C1559,2026-08-10 20:00:00,product_discovery,P002,success,mobile_app,,
C1559,2026-08-10 20:01:00,product_view,P002,success,mobile_app,,
C1560,2026-08-11 17:32:00,product_discovery,P014,success,website,,
C1560,2026-08-11 17:33:00,product_view,P014,success,website,,
C1561,2026-08-03 21:29:00,product_discovery,P006,success,website,,
C1561,2026-08-03 21:33:00,product_view,P006,success,website,,
C1561,2026-08-03 21:43:00,cart_add,P006,success,website,,
C1562,2026-08-17 07:51:00,product_discovery,P037,success,mobile_app,,
C1562,2026-08-17 07:52:00,product_view,P037,success,mobile_app,,
C1563,2026-08-10 09:06:00,product_discovery,P025,success,website,,
C1563,2026-08-10 09:07:00,product_view,P025,success,website,,
C1564,2026-08-01 15:14:00,product_discovery,P037,success,website,,
C1564,2026-08-01 15:15:00,product_view,P037,success,website,,
C1564,2026-08-01 15:20:00,cart_add,P037,success,website,,
C1565,2026-08-19 13:58:00,product_discovery,P018,success,website,,
C1565,2026-08-19 14:01:00,product_view,P018,success,website,,
C1566,2026-08-11 12:39:00,product_discovery,P001,success,website,,
C1566,2026-08-11 12:44:00,product_view,P001,success,website,,
C1567,2026-08-17 07:54:00,product_discovery,P032,success,website,,
C1567,2026-08-17 07:55:00,product_view,P032,success,website,,
C1567,2026-08-17 07:57:00,cart_add,P032,success,website,,
C1567,2026-08-17 08:05:00,checkout_start,P032,success,website,,
C1567,2026-08-17 08:08:00,payment_attempt,P032,success,website,TXNC15677082,
C1567,2026-08-17 08:13:00,payment_success,P032,success,website,TXNC15677082,
C1567,2026-08-17 08:15:00,order_confirmation,P032,success,website,TXNC15677082,ORDC15676681
C1567,2026-08-22 12:15:00,delivery,P032,success,website,,ORDC15676681
C1568,2026-08-18 19:03:00,product_discovery,P019,success,website,,
C1568,2026-08-18 19:07:00,product_view,P019,success,website,,
C1569,2026-08-11 03:46:00,product_discovery,P006,success,mobile_app,,
C1569,2026-08-11 03:48:00,product_view,P006,success,mobile_app,,
C1569,2026-08-11 03:54:00,cart_add,P006,success,mobile_app,,
C1569,2026-08-11 04:02:00,checkout_start,P006,success,mobile_app,,
C1569,2026-08-11 04:05:00,payment_attempt,P006,success,mobile_app,TXNC15696627,
C1569,2026-08-11 04:10:00,payment_success,P006,success,mobile_app,TXNC15696627,
C1569,2026-08-11 04:13:00,order_confirmation,P006,success,mobile_app,TXNC15696627,ORDC15696597
C1569,2026-08-17 06:13:00,delivery,P006,success,mobile_app,,ORDC15696597
C1570,2026-08-06 00:24:00,product_discovery,P026,success,website,,
C1570,2026-08-06 00:28:00,product_view,P026,success,website,,
C1571,2026-08-13 03:45:00,product_discovery,P007,success,website,,
C1571,2026-08-13 03:48:00,product_view,P007,success,website,,
C1571,2026-08-13 03:51:00,cart_add,P007,success,website,,
C1571,2026-08-13 04:02:00,checkout_start,P007,success,website,,
C1571,2026-08-13 04:08:00,payment_attempt,P007,success,website,TXNC15716332,
C1571,2026-08-13 04:11:00,payment_success,P007,success,website,TXNC15716332,
C1571,2026-08-13 04:13:00,order_confirmation,P007,success,website,TXNC15716332,ORDC15717435
C1571,2026-08-20 06:13:00,delivery,P007,success,website,,ORDC15717435
C1572,2026-08-03 18:07:00,product_discovery,P015,success,mobile_app,,
C1572,2026-08-03 18:09:00,product_view,P015,success,mobile_app,,
C1572,2026-08-03 18:13:00,cart_add,P015,success,mobile_app,,
C1572,2026-08-03 18:28:00,checkout_start,P015,success,mobile_app,,
C1572,2026-08-03 18:30:00,payment_attempt,P015,success,mobile_app,TXNC15722183,
C1572,2026-08-03 18:33:00,payment_success,P015,success,mobile_app,TXNC15722183,
C1572,2026-08-03 18:35:00,order_confirmation,P015,success,mobile_app,TXNC15722183,ORDC15724428
C1572,2026-08-06 19:35:00,delivery,P015,success,mobile_app,,ORDC15724428
C1572,2026-08-07 19:35:00,return,P015,success,mobile_app,,ORDC15724428
C1572,2026-08-10 19:35:00,review,P015,success,mobile_app,,ORDC15724428
C1573,2026-08-05 13:25:00,product_discovery,P005,success,website,,
C1573,2026-08-05 13:28:00,product_view,P005,success,website,,
C1574,2026-08-09 11:15:00,product_discovery,P026,success,website,,
C1574,2026-08-09 11:20:00,product_view,P026,success,website,,
C1575,2026-08-08 05:54:00,product_discovery,P028,success,mobile_app,,
C1575,2026-08-08 05:59:00,product_view,P028,success,mobile_app,,
C1575,2026-08-08 06:07:00,cart_add,P028,success,mobile_app,,
C1576,2026-08-02 00:57:00,product_discovery,P017,success,mobile_app,,
C1576,2026-08-02 01:01:00,product_view,P017,success,mobile_app,,
C1577,2026-08-14 16:38:00,product_discovery,P040,success,mobile_app,,
C1577,2026-08-14 16:42:00,product_view,P040,success,mobile_app,,
C1578,2026-08-12 10:12:00,product_discovery,P006,success,mobile_app,,
C1578,2026-08-12 10:15:00,product_view,P006,success,mobile_app,,
C1579,2026-08-20 05:38:00,product_discovery,P007,success,mobile_app,,
C1579,2026-08-20 05:42:00,product_view,P007,success,mobile_app,,
C1579,2026-08-20 05:46:00,cart_add,P007,success,mobile_app,,
C1580,2026-08-08 09:11:00,product_discovery,P036,success,mobile_app,,
C1580,2026-08-08 09:13:00,product_view,P036,success,mobile_app,,
C1581,2026-08-04 06:06:00,product_discovery,P038,success,website,,
C1581,2026-08-04 06:11:00,product_view,P038,success,website,,
C1582,2026-08-07 14:02:00,product_discovery,P037,success,mobile_app,,
C1582,2026-08-07 14:07:00,product_view,P037,success,mobile_app,,
C1583,2026-08-04 00:15:00,product_discovery,P034,success,mobile_app,,
C1583,2026-08-04 00:17:00,product_view,P034,success,mobile_app,,
C1583,2026-08-04 00:22:00,cart_add,P034,success,mobile_app,,
C1584,2026-08-08 20:59:00,product_discovery,P028,success,website,,
C1584,2026-08-08 21:01:00,product_view,P028,success,website,,
C1585,2026-08-12 09:33:00,product_discovery,P016,success,website,,
C1585,2026-08-12 09:37:00,product_view,P016,success,website,,
C1585,2026-08-12 09:40:00,cart_add,P016,success,website,,
C1586,2026-08-06 10:01:00,product_discovery,P022,success,mobile_app,,
C1586,2026-08-06 10:03:00,product_view,P022,success,mobile_app,,
C1587,2026-08-04 12:01:00,product_discovery,P009,success,website,,
C1587,2026-08-04 12:05:00,product_view,P009,success,website,,
C1588,2026-08-13 06:48:00,product_discovery,P024,success,website,,
C1588,2026-08-13 06:52:00,product_view,P024,success,website,,
C1589,2026-08-17 07:24:00,product_discovery,P028,success,website,,
C1590,2026-08-21 07:23:00,product_discovery,P023,success,mobile_app,,
C1590,2026-08-21 07:27:00,product_view,P023,success,mobile_app,,
C1590,2026-08-21 07:31:00,cart_add,P023,success,mobile_app,,
C1591,2026-08-01 21:10:00,product_discovery,P011,success,website,,
C1591,2026-08-01 21:15:00,product_view,P011,success,website,,
C1592,2026-08-13 18:08:00,product_discovery,P024,success,mobile_app,,
C1593,2026-08-19 07:26:00,product_discovery,P012,success,mobile_app,,
C1593,2026-08-19 07:27:00,product_view,P012,success,mobile_app,,
C1594,2026-08-08 04:01:00,product_discovery,P009,success,mobile_app,,
C1594,2026-08-08 04:02:00,product_view,P009,success,mobile_app,,
C1594,2026-08-08 04:11:00,cart_add,P009,success,mobile_app,,
C1594,2026-08-08 04:13:00,checkout_start,P009,success,mobile_app,,
C1594,2026-08-08 04:18:00,payment_attempt,P009,success,mobile_app,TXNC15941145,
C1594,2026-08-08 04:21:00,payment_success,P009,success,mobile_app,TXNC15941145,
C1594,2026-08-08 04:22:00,order_confirmation,P009,success,mobile_app,TXNC15941145,ORDC15944992
C1594,2026-08-11 08:22:00,delivery,P009,success,mobile_app,,ORDC15944992
C1595,2026-08-06 04:56:00,product_discovery,P007,success,website,,
C1595,2026-08-06 05:00:00,product_view,P007,success,website,,
C1595,2026-08-06 05:09:00,cart_add,P007,success,website,,
C1596,2026-08-04 05:20:00,product_discovery,P033,success,website,,
C1596,2026-08-04 05:21:00,product_view,P033,success,website,,
C1597,2026-08-06 22:55:00,product_discovery,P027,success,mobile_app,,
C1597,2026-08-06 22:57:00,product_view,P027,success,mobile_app,,
C1598,2026-08-11 03:51:00,product_discovery,P003,success,mobile_app,,
C1599,2026-08-16 14:48:00,product_discovery,P024,success,mobile_app,,
C1599,2026-08-16 14:52:00,product_view,P024,success,mobile_app,,
C1599,2026-08-16 14:56:00,cart_add,P024,success,mobile_app,,
C1600,2026-08-19 07:42:00,product_discovery,P033,success,mobile_app,,
C1600,2026-08-19 07:44:00,product_view,P033,success,mobile_app,,
