customer_id,timestamp,event,product_id,status
C0001,2026-08-10 15:06:00,product_discovery,P034,success
C0001,2026-08-10 15:08:00,product_view,P034,success
C0002,2026-08-03 23:42:00,product_discovery,P037,success
C0002,2026-08-03 23:43:00,product_view,P037,success
C0002,2026-08-03 23:52:00,cart_add,P037,success
C0002,2026-08-03 23:57:00,checkout_start,P037,success
C0002,2026-08-04 00:04:00,payment_attempt,P037,success
C0002,2026-08-04 00:07:00,payment_failure,P037,failed
C0003,2026-08-20 11:35:00,product_discovery,P019,success
C0003,2026-08-20 11:36:00,product_view,P019,success
C0004,2026-08-08 12:15:00,product_discovery,P007,success
C0004,2026-08-08 12:16:00,product_view,P007,success
C0005,2026-08-05 16:04:00,product_discovery,P013,success
C0005,2026-08-05 16:07:00,product_view,P013,success
C0006,2026-08-19 22:01:00,product_discovery,P028,success
C0006,2026-08-19 22:04:00,product_view,P028,success
C0006,2026-08-19 22:12:00,cart_add,P028,success
C0006,2026-08-19 22:22:00,checkout_start,P028,success
C0006,2026-08-19 22:25:00,payment_attempt,P028,success
C0006,2026-08-19 22:28:00,payment_success,P028,success
C0006,2026-08-19 22:31:00,order_confirmation,P028,success
C0007,2026-08-13 23:38:00,product_discovery,P035,success
C0007,2026-08-13 23:41:00,product_view,P035,success
C0008,2026-08-09 01:45:00,product_discovery,P008,success
C0008,2026-08-09 01:50:00,product_view,P008,success
C0008,2026-08-09 01:57:00,cart_add,P008,success
C0008,2026-08-09 02:08:00,checkout_start,P008,success
C0008,2026-08-09 02:10:00,payment_attempt,P008,success
C0008,2026-08-09 02:15:00,payment_success,P008,success
C0008,2026-08-09 02:18:00,order_confirmation,P008,success
C0009,2026-08-05 17:12:00,product_discovery,P004,success
C0009,2026-08-05 17:16:00,product_view,P004,success
C0009,2026-08-05 17:21:00,cart_add,P004,success
C0009,2026-08-05 17:30:00,checkout_start,P004,success
C0009,2026-08-05 17:36:00,payment_attempt,P004,success
C0009,2026-08-05 17:37:00,payment_success,P004,success
C0009,2026-08-05 17:39:00,order_confirmation,P004,success
C0010,2026-08-03 00:36:00,product_discovery,P029,success
C0010,2026-08-03 00:39:00,product_view,P029,success
C0011,2026-08-14 10:39:00,product_discovery,P009,success
C0011,2026-08-14 10:44:00,product_view,P009,success
C0012,2026-08-17 07:01:00,product_discovery,P015,success
C0012,2026-08-17 07:02:00,product_view,P015,success
C0012,2026-08-17 07:09:00,cart_add,P015,success
C0013,2026-08-06 14:33:00,product_discovery,P039,success
C0013,2026-08-06 14:38:00,product_view,P039,success
C0013,2026-08-06 14:44:00,cart_add,P039,success
C0013,2026-08-06 14:47:00,checkout_start,P039,success
C0013,2026-08-06 14:49:00,payment_attempt,P039,success
C0013,2026-08-06 14:53:00,payment_success,P039,success
C0013,2026-08-06 14:56:00,order_confirmation,P039,success
C0014,2026-08-01 10:47:00,product_discovery,P022,success
C0014,2026-08-01 10:48:00,product_view,P022,success
C0014,2026-08-01 10:52:00,cart_add,P022,success
C0015,2026-08-01 16:32:00,product_discovery,P005,success
C0015,2026-08-01 16:33:00,product_view,P005,success
C0016,2026-08-08 08:16:00,product_discovery,P026,success
C0016,2026-08-08 08:19:00,product_view,P026,success
C0016,2026-08-08 08:22:00,cart_add,P026,success
C0017,2026-08-13 15:56:00,product_discovery,P038,success
C0017,2026-08-13 16:01:00,product_view,P038,success
C0018,2026-08-06 00:16:00,product_discovery,P008,success
C0018,2026-08-06 00:17:00,product_view,P008,success
C0019,2026-08-20 20:27:00,product_discovery,P011,success
C0019,2026-08-20 20:30:00,product_view,P011,success
C0020,2026-08-07 13:59:00,product_discovery,P010,success
C0020,2026-08-07 14:02:00,product_view,P010,success
C0020,2026-08-07 14:05:00,cart_add,P010,success
C0021,2026-08-07 19:18:00,product_discovery,P029,success
C0021,2026-08-07 19:22:00,product_view,P029,success
C0021,2026-08-07 19:27:00,cart_add,P029,success
C0022,2026-08-09 22:23:00,product_discovery,P031,success
C0022,2026-08-09 22:24:00,product_view,P031,success
C0022,2026-08-09 22:29:00,cart_add,P031,success
C0022,2026-08-09 22:34:00,checkout_start,P031,success
C0022,2026-08-09 22:42:00,payment_attempt,P031,success
C0022,2026-08-09 22:45:00,payment_failure,P031,failed
C0023,2026-08-06 10:53:00,product_discovery,P028,success
C0024,2026-08-07 13:05:00,product_discovery,P035,success
C0025,2026-08-19 14:16:00,product_discovery,P035,success
C0025,2026-08-19 14:17:00,product_view,P035,success
C0025,2026-08-19 14:21:00,cart_add,P035,success
C0025,2026-08-19 14:27:00,checkout_start,P035,success
C0025,2026-08-19 14:33:00,payment_attempt,P035,success
C0025,2026-08-19 14:38:00,payment_success,P035,success
C0025,2026-08-19 14:40:00,order_confirmation,P035,success
C0026,2026-08-16 14:05:00,product_discovery,P031,success
C0026,2026-08-16 14:06:00,product_view,P031,success
C0027,2026-08-07 05:26:00,product_discovery,P004,success
C0028,2026-08-03 02:09:00,product_discovery,P004,success
C0028,2026-08-03 02:10:00,product_view,P004,success
C0029,2026-08-16 05:23:00,product_discovery,P032,success
C0029,2026-08-16 05:28:00,product_view,P032,success
C0029,2026-08-16 05:32:00,cart_add,P032,success
C0029,2026-08-16 05:44:00,checkout_start,P032,success
C0030,2026-08-10 05:23:00,product_discovery,P002,success
C0030,2026-08-10 05:24:00,product_view,P002,success
C0030,2026-08-10 05:34:00,cart_add,P002,success
C0030,2026-08-10 05:45:00,checkout_start,P002,success
C0030,2026-08-10 05:52:00,payment_attempt,P002,success
C0030,2026-08-10 05:56:00,payment_success,P002,success
C0030,2026-08-10 05:59:00,order_confirmation,P002,success
C0031,2026-08-04 08:58:00,product_discovery,P014,success
C0031,2026-08-04 09:01:00,product_view,P014,success
C0032,2026-08-19 19:35:00,product_discovery,P035,success
C0032,2026-08-19 19:36:00,product_view,P035,success
C0032,2026-08-19 19:43:00,cart_add,P035,success
C0033,2026-08-10 22:14:00,product_discovery,P001,success
C0033,2026-08-10 22:18:00,product_view,P001,success
C0034,2026-08-05 17:07:00,product_discovery,P037,success
C0034,2026-08-05 17:11:00,product_view,P037,success
C0034,2026-08-05 17:17:00,cart_add,P037,success
C0035,2026-08-15 18:13:00,product_discovery,P036,success
C0035,2026-08-15 18:18:00,product_view,P036,success
C0036,2026-08-12 10:42:00,product_discovery,P039,success
C0036,2026-08-12 10:45:00,product_view,P039,success
C0037,2026-08-13 10:07:00,product_discovery,P014,success
C0037,2026-08-13 10:08:00,product_view,P014,success
C0038,2026-08-06 18:34:00,product_discovery,P034,success
C0038,2026-08-06 18:37:00,product_view,P034,success
C0039,2026-08-03 07:06:00,product_discovery,P027,success
C0039,2026-08-03 07:11:00,product_view,P027,success
C0040,2026-08-20 11:10:00,product_discovery,P015,success
C0040,2026-08-20 11:14:00,product_view,P015,success
C0041,2026-08-04 14:45:00,product_discovery,P026,success
C0041,2026-08-04 14:50:00,product_view,P026,success
C0042,2026-08-09 19:24:00,product_discovery,P018,success
C0042,2026-08-09 19:25:00,product_view,P018,success
C0043,2026-08-01 20:20:00,product_discovery,P026,success
C0043,2026-08-01 20:23:00,product_view,P026,success
C0044,2026-08-04 22:28:00,product_discovery,P017,success
C0045,2026-08-07 08:18:00,product_discovery,P035,success
C0045,2026-08-07 08:19:00,product_view,P035,success
C0046,2026-08-03 15:57:00,product_discovery,P030,success
C0046,2026-08-03 15:59:00,product_view,P030,success
C0046,2026-08-03 16:00:00,cart_add,P030,success
C0047,2026-08-10 23:29:00,product_discovery,P019,success
C0048,2026-08-08 03:31:00,product_discovery,P001,success
C0048,2026-08-08 03:33:00,product_view,P001,success
C0049,2026-08-18 23:10:00,product_discovery,P033,success
C0049,2026-08-18 23:12:00,product_view,P033,success
C0050,2026-08-18 23:56:00,product_discovery,P002,success
C0050,2026-08-18 23:59:00,product_view,P002,success
C0051,2026-08-10 04:44:00,product_discovery,P004,success
C0051,2026-08-10 04:49:00,product_view,P004,success
C0052,2026-08-13 00:13:00,product_discovery,P028,success
C0052,2026-08-13 00:16:00,product_view,P028,success
C0052,2026-08-13 00:19:00,cart_add,P028,success
C0053,2026-08-08 09:29:00,product_discovery,P008,success
C0053,2026-08-08 09:31:00,product_view,P008,success
C0053,2026-08-08 09:32:00,cart_add,P008,success
C0054,2026-08-04 06:37:00,product_discovery,P017,success
C0054,2026-08-04 06:41:00,product_view,P017,success
C0054,2026-08-04 06:42:00,cart_add,P017,success
C0054,2026-08-04 06:46:00,checkout_start,P017,success
C0054,2026-08-04 06:47:00,payment_attempt,P017,success
C0054,2026-08-04 06:51:00,payment_success,P017,success
C0054,2026-08-04 06:52:00,order_confirmation,P017,success
C0055,2026-08-06 00:39:00,product_discovery,P024,success
C0055,2026-08-06 00:41:00,product_view,P024,success
C0056,2026-08-02 10:13:00,product_discovery,P026,success
C0056,2026-08-02 10:16:00,product_view,P026,success
C0057,2026-08-19 01:57:00,product_discovery,P029,success
C0057,2026-08-19 01:58:00,product_view,P029,success
C0058,2026-08-05 04:22:00,product_discovery,P021,success
C0058,2026-08-05 04:25:00,product_view,P021,success
C0059,2026-08-13 23:29:00,product_discovery,P002,success
C0059,2026-08-13 23:32:00,product_view,P002,success
C0059,2026-08-13 23:39:00,cart_add,P002,success
C0060,2026-08-03 10:47:00,product_discovery,P029,success
C0060,2026-08-03 10:48:00,product_view,P029,success
C0060,2026-08-03 10:50:00,cart_add,P029,success
C0061,2026-08-15 02:54:00,product_discovery,P002,success
C0061,2026-08-15 02:55:00,product_view,P002,success
C0061,2026-08-15 02:57:00,cart_add,P002,success
C0062,2026-08-16 01:59:00,product_discovery,P018,success
C0062,2026-08-16 02:01:00,product_view,P018,success
C0062,2026-08-16 02:08:00,cart_add,P018,success
C0063,2026-08-17 22:34:00,product_discovery,P017,success
C0063,2026-08-17 22:35:00,product_view,P017,success
C0063,2026-08-17 22:38:00,cart_add,P017,success
C0063,2026-08-17 22:47:00,checkout_start,P017,success
C0063,2026-08-17 22:54:00,payment_attempt,P017,success
C0063,2026-08-17 22:55:00,payment_success,P017,success
C0063,2026-08-17 22:56:00,order_confirmation,P017,success
C0064,2026-08-19 07:35:00,product_discovery,P013,success
C0064,2026-08-19 07:37:00,product_view,P013,success
C0064,2026-08-19 07:38:00,cart_add,P013,success
C0065,2026-08-06 07:51:00,product_discovery,P031,success
C0065,2026-08-06 07:56:00,product_view,P031,success
C0065,2026-08-06 07:58:00,cart_add,P031,success
C0065,2026-08-06 07:59:00,checkout_start,P031,success
C0065,2026-08-06 08:04:00,payment_attempt,P031,success
C0065,2026-08-06 08:08:00,payment_success,P031,success
C0065,2026-08-06 08:10:00,order_confirmation,P031,success
C0066,2026-08-14 08:35:00,product_discovery,P034,success
C0066,2026-08-14 08:36:00,product_view,P034,success
C0066,2026-08-14 08:37:00,cart_add,P034,success
C0067,2026-08-12 10:06:00,product_discovery,P028,success
C0067,2026-08-12 10:10:00,product_view,P028,success
C0067,2026-08-12 10:17:00,cart_add,P028,success
C0067,2026-08-12 10:28:00,checkout_start,P028,success
C0067,2026-08-12 10:36:00,payment_attempt,P028,success
C0067,2026-08-12 10:38:00,payment_success,P028,success
C0067,2026-08-12 10:41:00,order_confirmation,P028,success
C0068,2026-08-12 23:02:00,product_discovery,P017,success
C0068,2026-08-12 23:06:00,product_view,P017,success
C0069,2026-08-03 03:47:00,product_discovery,P004,success
C0069,2026-08-03 03:52:00,product_view,P004,success
C0070,2026-08-19 22:24:00,product_discovery,P022,success
C0070,2026-08-19 22:28:00,product_view,P022,success
C0070,2026-08-19 22:29:00,cart_add,P022,success
C0071,2026-08-17 05:58:00,product_discovery,P019,success
C0071,2026-08-17 06:03:00,product_view,P019,success
C0071,2026-08-17 06:10:00,cart_add,P019,success
C0072,2026-08-17 18:36:00,product_discovery,P015,success
C0072,2026-08-17 18:39:00,product_view,P015,success
C0073,2026-08-09 13:36:00,product_discovery,P007,success
C0073,2026-08-09 13:40:00,product_view,P007,success
C0074,2026-08-05 00:00:00,product_discovery,P013,success
C0074,2026-08-05 00:01:00,product_view,P013,success
C0075,2026-08-02 09:18:00,product_discovery,P029,success
C0075,2026-08-02 09:21:00,product_view,P029,success
C0076,2026-08-16 20:23:00,product_discovery,P014,success
C0076,2026-08-16 20:26:00,product_view,P014,success
C0077,2026-08-10 00:53:00,product_discovery,P004,success
C0077,2026-08-10 00:56:00,product_view,P004,success
C0078,2026-08-03 05:51:00,product_discovery,P030,success
C0078,2026-08-03 05:54:00,product_view,P030,success
C0079,2026-08-05 06:36:00,product_discovery,P016,success
C0079,2026-08-05 06:38:00,product_view,P016,success
C0080,2026-08-16 13:36:00,product_discovery,P015,success
C0080,2026-08-16 13:38:00,product_view,P015,success
C0080,2026-08-16 13:39:00,cart_add,P015,success
C0080,2026-08-16 13:50:00,checkout_start,P015,success
C0080,2026-08-16 13:51:00,payment_attempt,P015,success
C0080,2026-08-16 13:56:00,payment_success,P015,success
C0080,2026-08-16 13:59:00,order_confirmation,P015,success
C0081,2026-08-04 10:24:00,product_discovery,P020,success
C0081,2026-08-04 10:29:00,product_view,P020,success
C0081,2026-08-04 10:34:00,cart_add,P020,success
C0081,2026-08-04 10:36:00,checkout_start,P020,success
C0082,2026-08-07 08:41:00,product_discovery,P009,success
C0083,2026-08-12 08:12:00,product_discovery,P034,success
C0083,2026-08-12 08:15:00,product_view,P034,success
C0084,2026-08-20 00:56:00,product_discovery,P006,success
C0084,2026-08-20 01:01:00,product_view,P006,success
C0085,2026-08-10 08:03:00,product_discovery,P026,success
C0085,2026-08-10 08:05:00,product_view,P026,success
C0085,2026-08-10 08:06:00,cart_add,P026,success
C0086,2026-08-10 11:04:00,product_discovery,P006,success
C0086,2026-08-10 11:07:00,product_view,P006,success
C0086,2026-08-10 11:10:00,cart_add,P006,success
C0087,2026-08-18 20:32:00,product_discovery,P012,success
C0087,2026-08-18 20:36:00,product_view,P012,success
C0087,2026-08-18 20:42:00,cart_add,P012,success
C0087,2026-08-18 20:43:00,checkout_start,P012,success
C0087,2026-08-18 20:47:00,payment_attempt,P012,success
C0087,2026-08-18 20:50:00,payment_failure,P012,failed
C0088,2026-08-14 10:03:00,product_discovery,P033,success
C0088,2026-08-14 10:08:00,product_view,P033,success
C0088,2026-08-14 10:12:00,cart_add,P033,success
C0089,2026-08-14 02:25:00,product_discovery,P037,success
C0089,2026-08-14 02:28:00,product_view,P037,success
C0089,2026-08-14 02:30:00,cart_add,P037,success
C0090,2026-08-02 05:04:00,product_discovery,P036,success
C0090,2026-08-02 05:06:00,product_view,P036,success
C0091,2026-08-05 09:37:00,product_discovery,P038,success
C0091,2026-08-05 09:41:00,product_view,P038,success
C0092,2026-08-20 14:24:00,product_discovery,P039,success
C0092,2026-08-20 14:25:00,product_view,P039,success
C0093,2026-08-08 16:43:00,product_discovery,P035,success
C0093,2026-08-08 16:46:00,product_view,P035,success
C0093,2026-08-08 16:49:00,cart_add,P035,success
C0094,2026-08-15 18:55:00,product_discovery,P007,success
C0094,2026-08-15 19:00:00,product_view,P007,success
C0095,2026-08-17 08:41:00,product_discovery,P027,success
C0095,2026-08-17 08:42:00,product_view,P027,success
C0096,2026-08-06 06:34:00,product_discovery,P027,success
C0096,2026-08-06 06:35:00,product_view,P027,success
C0096,2026-08-06 06:41:00,cart_add,P027,success
C0096,2026-08-06 06:46:00,checkout_start,P027,success
C0097,2026-08-07 00:56:00,product_discovery,P011,success
C0097,2026-08-07 00:59:00,product_view,P011,success
C0098,2026-08-07 01:15:00,product_discovery,P019,success
C0098,2026-08-07 01:17:00,product_view,P019,success
C0098,2026-08-07 01:19:00,cart_add,P019,success
C0099,2026-08-12 16:30:00,product_discovery,P006,success
C0099,2026-08-12 16:35:00,product_view,P006,success
C0100,2026-08-10 13:53:00,product_discovery,P011,success
C0100,2026-08-10 13:56:00,product_view,P011,success
C0100,2026-08-10 14:02:00,cart_add,P011,success
C0100,2026-08-10 14:16:00,checkout_start,P011,success
C0100,2026-08-10 14:21:00,payment_attempt,P011,success
C0100,2026-08-10 14:22:00,payment_failure,P011,failed
C0101,2026-08-10 17:17:00,product_discovery,P026,success
C0101,2026-08-10 17:20:00,product_view,P026,success
C0101,2026-08-10 17:22:00,cart_add,P026,success
C0101,2026-08-10 17:33:00,checkout_start,P026,success
C0101,2026-08-10 17:37:00,payment_attempt,P026,success
C0101,2026-08-10 17:39:00,payment_failure,P026,failed
C0102,2026-08-11 22:42:00,product_discovery,P032,success
C0102,2026-08-11 22:47:00,product_view,P032,success
C0103,2026-08-11 18:08:00,product_discovery,P006,success
C0103,2026-08-11 18:13:00,product_view,P006,success
C0104,2026-08-01 08:49:00,product_discovery,P018,success
C0104,2026-08-01 08:54:00,product_view,P018,success
C0105,2026-08-01 20:07:00,product_discovery,P031,success
C0105,2026-08-01 20:10:00,product_view,P031,success
C0105,2026-08-01 20:17:00,cart_add,P031,success
C0105,2026-08-01 20:30:00,checkout_start,P031,success
C0105,2026-08-01 20:33:00,payment_attempt,P031,success
C0105,2026-08-01 20:34:00,payment_success,P031,success
C0105,2026-08-01 20:35:00,order_confirmation,P031,success
C0106,2026-08-12 14:28:00,product_discovery,P034,success
C0106,2026-08-12 14:31:00,product_view,P034,success
C0106,2026-08-12 14:36:00,cart_add,P034,success
C0106,2026-08-12 14:47:00,checkout_start,P034,success
C0107,2026-08-14 15:15:00,product_discovery,P020,success
C0107,2026-08-14 15:16:00,product_view,P020,success
C0108,2026-08-05 15:40:00,product_discovery,P013,success
C0108,2026-08-05 15:42:00,product_view,P013,success
C0109,2026-08-08 11:00:00,product_discovery,P015,success
C0110,2026-08-14 12:20:00,product_discovery,P006,success
C0110,2026-08-14 12:24:00,product_view,P006,success
C0111,2026-08-16 08:34:00,product_discovery,P033,success
C0111,2026-08-16 08:35:00,product_view,P033,success
C0112,2026-08-09 11:49:00,product_discovery,P019,success
C0112,2026-08-09 11:54:00,product_view,P019,success
C0112,2026-08-09 11:57:00,cart_add,P019,success
C0113,2026-08-08 21:49:00,product_discovery,P029,success
C0113,2026-08-08 21:50:00,product_view,P029,success
C0114,2026-08-08 15:52:00,product_discovery,P036,success
C0114,2026-08-08 15:55:00,product_view,P036,success
C0114,2026-08-08 16:04:00,cart_add,P036,success
C0114,2026-08-08 16:14:00,checkout_start,P036,success
C0114,2026-08-08 16:19:00,payment_attempt,P036,success
C0114,2026-08-08 16:24:00,payment_success,P036,success
C0114,2026-08-08 16:25:00,order_confirmation,P036,success
C0115,2026-08-01 22:41:00,product_discovery,P013,success
C0115,2026-08-01 22:42:00,product_view,P013,success
C0116,2026-08-16 06:14:00,product_discovery,P026,success
C0116,2026-08-16 06:15:00,product_view,P026,success
C0116,2026-08-16 06:24:00,cart_add,P026,success
C0116,2026-08-16 06:25:00,checkout_start,P026,success
C0116,2026-08-16 06:27:00,payment_attempt,P026,success
C0116,2026-08-16 06:30:00,payment_success,P026,success
C0116,2026-08-16 06:32:00,order_confirmation,P026,success
C0117,2026-08-15 12:14:00,product_discovery,P018,success
C0117,2026-08-15 12:15:00,product_view,P018,success
C0118,2026-08-06 11:19:00,product_discovery,P015,success
C0118,2026-08-06 11:20:00,product_view,P015,success
C0119,2026-08-04 20:25:00,product_discovery,P025,success
C0119,2026-08-04 20:27:00,product_view,P025,success
C0120,2026-08-04 07:25:00,product_discovery,P029,success
C0120,2026-08-04 07:28:00,product_view,P029,success
C0121,2026-08-09 18:59:00,product_discovery,P029,success
C0121,2026-08-09 19:02:00,product_view,P029,success
C0122,2026-08-20 16:15:00,product_discovery,P023,success
C0122,2026-08-20 16:17:00,product_view,P023,success
C0122,2026-08-20 16:23:00,cart_add,P023,success
C0122,2026-08-20 16:37:00,checkout_start,P023,success
C0123,2026-08-07 08:01:00,product_discovery,P035,success
C0123,2026-08-07 08:06:00,product_view,P035,success
C0124,2026-08-20 08:16:00,product_discovery,P007,success
C0124,2026-08-20 08:20:00,product_view,P007,success
C0125,2026-08-09 01:42:00,product_discovery,P002,success
C0125,2026-08-09 01:45:00,product_view,P002,success
C0125,2026-08-09 01:49:00,cart_add,P002,success
C0125,2026-08-09 02:04:00,checkout_start,P002,success
C0125,2026-08-09 02:12:00,payment_attempt,P002,success
C0125,2026-08-09 02:14:00,payment_success,P002,success
C0125,2026-08-09 02:15:00,order_confirmation,P002,success
C0126,2026-08-16 09:19:00,product_discovery,P032,success
C0126,2026-08-16 09:24:00,product_view,P032,success
C0126,2026-08-16 09:28:00,cart_add,P032,success
C0127,2026-08-08 17:37:00,product_discovery,P037,success
C0127,2026-08-08 17:39:00,product_view,P037,success
C0128,2026-08-05 13:22:00,product_discovery,P008,success
C0128,2026-08-05 13:24:00,product_view,P008,success
C0128,2026-08-05 13:30:00,cart_add,P008,success
C0129,2026-08-12 03:02:00,product_discovery,P019,success
C0130,2026-08-04 00:07:00,product_discovery,P009,success
C0130,2026-08-04 00:12:00,product_view,P009,success
C0131,2026-08-09 14:18:00,product_discovery,P039,success
C0131,2026-08-09 14:21:00,product_view,P039,success
C0132,2026-08-08 03:23:00,product_discovery,P001,success
C0132,2026-08-08 03:24:00,product_view,P001,success
C0133,2026-08-17 10:49:00,product_discovery,P022,success
C0133,2026-08-17 10:54:00,product_view,P022,success
C0133,2026-08-17 11:03:00,cart_add,P022,success
C0133,2026-08-17 11:05:00,checkout_start,P022,success
C0133,2026-08-17 11:13:00,payment_attempt,P022,success
C0133,2026-08-17 11:14:00,payment_success,P022,success
C0133,2026-08-17 11:16:00,order_confirmation,P022,success
C0134,2026-08-04 03:15:00,product_discovery,P015,success
C0134,2026-08-04 03:18:00,product_view,P015,success
C0135,2026-08-07 01:12:00,product_discovery,P020,success
C0135,2026-08-07 01:13:00,product_view,P020,success
C0135,2026-08-07 01:16:00,cart_add,P020,success
C0136,2026-08-05 12:35:00,product_discovery,P026,success
C0136,2026-08-05 12:37:00,product_view,P026,success
C0137,2026-08-04 21:39:00,product_discovery,P004,success
C0137,2026-08-04 21:44:00,product_view,P004,success
C0137,2026-08-04 21:54:00,cart_add,P004,success
C0138,2026-08-17 04:13:00,product_discovery,P020,success
C0139,2026-08-04 18:20:00,product_discovery,P013,success
C0139,2026-08-04 18:24:00,product_view,P013,success
C0140,2026-08-06 06:23:00,product_discovery,P008,success
C0140,2026-08-06 06:24:00,product_view,P008,success
C0141,2026-08-12 05:52:00,product_discovery,P006,success
C0141,2026-08-12 05:57:00,product_view,P006,success
C0142,2026-08-05 15:25:00,product_discovery,P008,success
C0142,2026-08-05 15:30:00,product_view,P008,success
C0142,2026-08-05 15:32:00,cart_add,P008,success
C0143,2026-08-16 00:04:00,product_discovery,P027,success
C0144,2026-08-21 04:55:00,product_discovery,P022,success
C0144,2026-08-21 04:56:00,product_view,P022,success
C0145,2026-08-19 06:17:00,product_discovery,P038,success
C0145,2026-08-19 06:20:00,product_view,P038,success
C0146,2026-08-06 20:20:00,product_discovery,P011,success
C0146,2026-08-06 20:24:00,product_view,P011,success
C0146,2026-08-06 20:31:00,cart_add,P011,success
C0147,2026-08-13 19:14:00,product_discovery,P002,success
C0147,2026-08-13 19:18:00,product_view,P002,success
C0147,2026-08-13 19:26:00,cart_add,P002,success
C0147,2026-08-13 19:32:00,checkout_start,P002,success
C0147,2026-08-13 19:34:00,payment_attempt,P002,success
C0147,2026-08-13 19:38:00,payment_failure,P002,failed
C0148,2026-08-07 01:25:00,product_discovery,P039,success
C0148,2026-08-07 01:27:00,product_view,P039,success
C0149,2026-08-15 20:32:00,product_discovery,P026,success
C0150,2026-08-10 18:57:00,product_discovery,P019,success
C0150,2026-08-10 19:01:00,product_view,P019,success
C0150,2026-08-10 19:02:00,cart_add,P019,success
C0151,2026-08-02 15:00:00,product_discovery,P001,success
C0152,2026-08-02 11:44:00,product_discovery,P016,success
C0152,2026-08-02 11:46:00,product_view,P016,success
C0153,2026-08-17 15:59:00,product_discovery,P031,success
C0153,2026-08-17 16:02:00,product_view,P031,success
C0153,2026-08-17 16:07:00,cart_add,P031,success
C0153,2026-08-17 16:11:00,checkout_start,P031,success
C0153,2026-08-17 16:15:00,payment_attempt,P031,success
C0153,2026-08-17 16:20:00,payment_success,P031,success
C0153,2026-08-17 16:22:00,order_confirmation,P031,success
C0154,2026-08-07 21:54:00,product_discovery,P021,success
C0154,2026-08-07 21:59:00,product_view,P021,success
C0154,2026-08-07 22:05:00,cart_add,P021,success
C0155,2026-08-18 10:46:00,product_discovery,P035,success
C0155,2026-08-18 10:51:00,product_view,P035,success
C0155,2026-08-18 10:52:00,cart_add,P035,success
C0155,2026-08-18 11:00:00,checkout_start,P035,success
C0156,2026-08-09 04:10:00,product_discovery,P030,success
C0157,2026-08-06 13:43:00,product_discovery,P030,success
C0157,2026-08-06 13:48:00,product_view,P030,success
C0157,2026-08-06 13:51:00,cart_add,P030,success
C0158,2026-08-19 16:31:00,product_discovery,P014,success
C0158,2026-08-19 16:34:00,product_view,P014,success
C0158,2026-08-19 16:35:00,cart_add,P014,success
C0158,2026-08-19 16:39:00,checkout_start,P014,success
C0158,2026-08-19 16:47:00,payment_attempt,P014,success
C0158,2026-08-19 16:51:00,payment_success,P014,success
C0158,2026-08-19 16:53:00,order_confirmation,P014,success
C0159,2026-08-15 10:07:00,product_discovery,P021,success
C0159,2026-08-15 10:08:00,product_view,P021,success
C0160,2026-08-03 00:26:00,product_discovery,P008,success
C0160,2026-08-03 00:28:00,product_view,P008,success
C0160,2026-08-03 00:36:00,cart_add,P008,success
C0160,2026-08-03 00:48:00,checkout_start,P008,success
C0160,2026-08-03 00:53:00,payment_attempt,P008,success
C0160,2026-08-03 00:55:00,payment_success,P008,success
C0160,2026-08-03 00:57:00,order_confirmation,P008,success
C0161,2026-08-20 14:02:00,product_discovery,P009,success
C0161,2026-08-20 14:04:00,product_view,P009,success
C0161,2026-08-20 14:13:00,cart_add,P009,success
C0162,2026-08-02 11:39:00,product_discovery,P011,success
C0162,2026-08-02 11:41:00,product_view,P011,success
C0163,2026-08-10 10:00:00,product_discovery,P027,success
C0163,2026-08-10 10:01:00,product_view,P027,success
C0164,2026-08-15 23:13:00,product_discovery,P014,success
C0164,2026-08-15 23:14:00,product_view,P014,success
C0164,2026-08-15 23:18:00,cart_add,P014,success
C0164,2026-08-15 23:28:00,checkout_start,P014,success
C0165,2026-08-07 01:10:00,product_discovery,P029,success
C0165,2026-08-07 01:11:00,product_view,P029,success
C0166,2026-08-11 08:13:00,product_discovery,P019,success
C0166,2026-08-11 08:14:00,product_view,P019,success
C0167,2026-08-10 12:38:00,product_discovery,P040,success
C0167,2026-08-10 12:43:00,product_view,P040,success
C0168,2026-08-20 00:42:00,product_discovery,P010,success
C0168,2026-08-20 00:43:00,product_view,P010,success
C0168,2026-08-20 00:49:00,cart_add,P010,success
C0168,2026-08-20 00:51:00,checkout_start,P010,success
C0168,2026-08-20 00:57:00,payment_attempt,P010,success
C0168,2026-08-20 01:00:00,payment_success,P010,success
C0168,2026-08-20 01:03:00,order_confirmation,P010,success
C0169,2026-08-14 09:24:00,product_discovery,P018,success
C0169,2026-08-14 09:25:00,product_view,P018,success
C0169,2026-08-14 09:35:00,cart_add,P018,success
C0170,2026-08-01 19:44:00,product_discovery,P029,success
C0170,2026-08-01 19:45:00,product_view,P029,success
C0171,2026-08-02 21:49:00,product_discovery,P005,success
C0171,2026-08-02 21:54:00,product_view,P005,success
C0171,2026-08-02 22:00:00,cart_add,P005,success
C0171,2026-08-02 22:08:00,checkout_start,P005,success
C0171,2026-08-02 22:11:00,payment_attempt,P005,success
C0171,2026-08-02 22:13:00,payment_success,P005,success
C0171,2026-08-02 22:16:00,order_confirmation,P005,success
C0172,2026-08-11 13:36:00,product_discovery,P040,success
C0172,2026-08-11 13:39:00,product_view,P040,success
C0173,2026-08-17 23:19:00,product_discovery,P032,success
C0173,2026-08-17 23:20:00,product_view,P032,success
C0173,2026-08-17 23:23:00,cart_add,P032,success
C0174,2026-08-14 04:11:00,product_discovery,P026,success
C0174,2026-08-14 04:15:00,product_view,P026,success
C0175,2026-08-02 03:35:00,product_discovery,P014,success
C0175,2026-08-02 03:37:00,product_view,P014,success
C0175,2026-08-02 03:43:00,cart_add,P014,success
C0176,2026-08-09 02:36:00,product_discovery,P013,success
C0177,2026-08-06 21:12:00,product_discovery,P030,success
C0177,2026-08-06 21:17:00,product_view,P030,success
C0177,2026-08-06 21:24:00,cart_add,P030,success
C0177,2026-08-06 21:29:00,checkout_start,P030,success
C0177,2026-08-06 21:36:00,payment_attempt,P030,success
C0177,2026-08-06 21:41:00,payment_success,P030,success
C0177,2026-08-06 21:44:00,order_confirmation,P030,success
C0178,2026-08-03 02:15:00,product_discovery,P015,success
C0178,2026-08-03 02:20:00,product_view,P015,success
C0178,2026-08-03 02:26:00,cart_add,P015,success
C0178,2026-08-03 02:35:00,checkout_start,P015,success
C0178,2026-08-03 02:37:00,payment_attempt,P015,success
C0178,2026-08-03 02:40:00,payment_success,P015,success
C0178,2026-08-03 02:41:00,order_confirmation,P015,success
C0179,2026-08-16 15:12:00,product_discovery,P027,success
C0179,2026-08-16 15:14:00,product_view,P027,success
C0180,2026-08-14 14:43:00,product_discovery,P012,success
C0180,2026-08-14 14:45:00,product_view,P012,success
C0181,2026-08-09 07:58:00,product_discovery,P015,success
C0181,2026-08-09 08:02:00,product_view,P015,success
C0181,2026-08-09 08:12:00,cart_add,P015,success
C0182,2026-08-05 22:28:00,product_discovery,P030,success
C0182,2026-08-05 22:32:00,product_view,P030,success
C0182,2026-08-05 22:42:00,cart_add,P030,success
C0183,2026-08-12 13:10:00,product_discovery,P007,success
C0183,2026-08-12 13:14:00,product_view,P007,success
C0184,2026-08-08 04:30:00,product_discovery,P021,success
C0184,2026-08-08 04:31:00,product_view,P021,success
C0185,2026-08-11 21:10:00,product_discovery,P005,success
C0185,2026-08-11 21:13:00,product_view,P005,success
C0186,2026-08-03 20:11:00,product_discovery,P030,success
C0186,2026-08-03 20:16:00,product_view,P030,success
C0186,2026-08-03 20:18:00,cart_add,P030,success
C0187,2026-08-19 18:15:00,product_discovery,P005,success
C0187,2026-08-19 18:17:00,product_view,P005,success
C0188,2026-08-13 15:17:00,product_discovery,P020,success
C0188,2026-08-13 15:18:00,product_view,P020,success
C0188,2026-08-13 15:24:00,cart_add,P020,success
C0188,2026-08-13 15:35:00,checkout_start,P020,success
C0188,2026-08-13 15:37:00,payment_attempt,P020,success
C0188,2026-08-13 15:42:00,payment_success,P020,success
C0188,2026-08-13 15:45:00,order_confirmation,P020,success
C0189,2026-08-12 01:53:00,product_discovery,P019,success
C0189,2026-08-12 01:58:00,product_view,P019,success
C0189,2026-08-12 02:02:00,cart_add,P019,success
C0189,2026-08-12 02:12:00,checkout_start,P019,success
C0189,2026-08-12 02:18:00,payment_attempt,P019,success
C0189,2026-08-12 02:19:00,payment_success,P019,success
C0190,2026-08-08 03:54:00,product_discovery,P033,success
C0190,2026-08-08 03:55:00,product_view,P033,success
C0191,2026-08-09 01:41:00,product_discovery,P001,success
C0191,2026-08-09 01:44:00,product_view,P001,success
C0191,2026-08-09 01:49:00,cart_add,P001,success
C0191,2026-08-09 02:00:00,checkout_start,P001,success
C0191,2026-08-09 02:02:00,payment_attempt,P001,success
C0191,2026-08-09 02:07:00,payment_success,P001,success
C0191,2026-08-09 02:09:00,order_confirmation,P001,success
C0192,2026-08-02 05:05:00,product_discovery,P016,success
C0192,2026-08-02 05:08:00,product_view,P016,success
C0193,2026-08-14 03:49:00,product_discovery,P006,success
C0193,2026-08-14 03:52:00,product_view,P006,success
C0193,2026-08-14 03:53:00,cart_add,P006,success
C0193,2026-08-14 03:54:00,checkout_start,P006,success
C0193,2026-08-14 04:01:00,payment_attempt,P006,success
C0193,2026-08-14 04:05:00,payment_success,P006,success
C0193,2026-08-14 04:07:00,order_confirmation,P006,success
C0194,2026-08-04 15:57:00,product_discovery,P034,success
C0194,2026-08-04 16:02:00,product_view,P034,success
C0195,2026-08-09 00:03:00,product_discovery,P033,success
C0195,2026-08-09 00:06:00,product_view,P033,success
C0196,2026-08-17 01:53:00,product_discovery,P010,success
C0196,2026-08-17 01:55:00,product_view,P010,success
C0197,2026-08-21 05:32:00,product_discovery,P017,success
C0197,2026-08-21 05:33:00,product_view,P017,success
C0197,2026-08-21 05:35:00,cart_add,P017,success
C0197,2026-08-21 05:45:00,checkout_start,P017,success
C0197,2026-08-21 05:50:00,payment_attempt,P017,success
C0197,2026-08-21 05:51:00,payment_success,P017,success
C0197,2026-08-21 05:52:00,order_confirmation,P017,success
C0198,2026-08-07 06:36:00,product_discovery,P030,success
C0198,2026-08-07 06:41:00,product_view,P030,success
C0199,2026-08-10 14:52:00,product_discovery,P028,success
C0199,2026-08-10 14:55:00,product_view,P028,success
C0200,2026-08-10 10:16:00,product_discovery,P032,success
C0200,2026-08-10 10:18:00,product_view,P032,success
C0200,2026-08-10 10:25:00,cart_add,P032,success
C0200,2026-08-10 10:33:00,checkout_start,P032,success
C0200,2026-08-10 10:34:00,payment_attempt,P032,success
C0200,2026-08-10 10:39:00,payment_success,P032,success
C0200,2026-08-10 10:42:00,order_confirmation,P032,success
C0201,2026-08-07 20:48:00,product_discovery,P035,success
C0201,2026-08-07 20:49:00,product_view,P035,success
C0201,2026-08-07 20:57:00,cart_add,P035,success
C0201,2026-08-07 21:03:00,checkout_start,P035,success
C0201,2026-08-07 21:06:00,payment_attempt,P035,success
C0201,2026-08-07 21:07:00,payment_success,P035,success
C0201,2026-08-07 21:09:00,order_confirmation,P035,success
C0202,2026-08-16 14:22:00,product_discovery,P034,success
C0202,2026-08-16 14:25:00,product_view,P034,success
C0202,2026-08-16 14:30:00,cart_add,P034,success
C0202,2026-08-16 14:31:00,checkout_start,P034,success
C0202,2026-08-16 14:37:00,payment_attempt,P034,success
C0202,2026-08-16 14:41:00,payment_success,P034,success
C0202,2026-08-16 14:43:00,order_confirmation,P034,success
C0203,2026-08-05 18:52:00,product_discovery,P014,success
C0204,2026-08-18 07:53:00,product_discovery,P031,success
C0204,2026-08-18 07:58:00,product_view,P031,success
C0204,2026-08-18 08:02:00,cart_add,P031,success
C0205,2026-08-04 01:48:00,product_discovery,P039,success
C0205,2026-08-04 01:53:00,product_view,P039,success
C0206,2026-08-19 15:07:00,product_discovery,P010,success
C0206,2026-08-19 15:09:00,product_view,P010,success
C0206,2026-08-19 15:16:00,cart_add,P010,success
C0207,2026-08-11 03:40:00,product_discovery,P036,success
C0207,2026-08-11 03:43:00,product_view,P036,success
C0208,2026-08-19 00:55:00,product_discovery,P016,success
C0209,2026-08-19 20:40:00,product_discovery,P026,success
C0209,2026-08-19 20:45:00,product_view,P026,success
C0210,2026-08-07 16:24:00,product_discovery,P037,success
C0210,2026-08-07 16:25:00,product_view,P037,success
C0210,2026-08-07 16:26:00,cart_add,P037,success
C0210,2026-08-07 16:33:00,checkout_start,P037,success
C0210,2026-08-07 16:34:00,payment_attempt,P037,success
C0210,2026-08-07 16:35:00,payment_success,P037,success
C0210,2026-08-07 16:38:00,order_confirmation,P037,success
C0211,2026-08-03 09:35:00,product_discovery,P010,success
C0211,2026-08-03 09:36:00,product_view,P010,success
C0211,2026-08-03 09:42:00,cart_add,P010,success
C0211,2026-08-03 09:51:00,checkout_start,P010,success
C0211,2026-08-03 09:55:00,payment_attempt,P010,success
C0211,2026-08-03 10:00:00,payment_success,P010,success
C0211,2026-08-03 10:03:00,order_confirmation,P010,success
C0212,2026-08-18 00:13:00,product_discovery,P033,success
C0212,2026-08-18 00:18:00,product_view,P033,success
C0213,2026-08-20 18:34:00,product_discovery,P031,success
C0213,2026-08-20 18:36:00,product_view,P031,success
C0214,2026-08-15 10:27:00,product_discovery,P035,success
C0214,2026-08-15 10:30:00,product_view,P035,success
C0214,2026-08-15 10:32:00,cart_add,P035,success
C0214,2026-08-15 10:34:00,checkout_start,P035,success
C0214,2026-08-15 10:38:00,payment_attempt,P035,success
C0214,2026-08-15 10:39:00,payment_success,P035,success
C0214,2026-08-15 10:42:00,order_confirmation,P035,success
C0215,2026-08-09 23:00:00,product_discovery,P031,success
C0215,2026-08-09 23:01:00,product_view,P031,success
C0216,2026-08-14 11:01:00,product_discovery,P034,success
C0216,2026-08-14 11:04:00,product_view,P034,success
C0217,2026-08-03 17:23:00,product_discovery,P011,success
C0217,2026-08-03 17:28:00,product_view,P011,success
C0218,2026-08-05 06:04:00,product_discovery,P011,success
C0218,2026-08-05 06:09:00,product_view,P011,success
C0219,2026-08-20 16:46:00,product_discovery,P036,success
C0219,2026-08-20 16:50:00,product_view,P036,success
C0219,2026-08-20 16:53:00,cart_add,P036,success
C0219,2026-08-20 17:08:00,checkout_start,P036,success
C0219,2026-08-20 17:09:00,payment_attempt,P036,success
C0219,2026-08-20 17:12:00,payment_success,P036,success
C0219,2026-08-20 17:13:00,order_confirmation,P036,success
C0220,2026-08-15 00:09:00,product_discovery,P029,success
C0220,2026-08-15 00:14:00,product_view,P029,success
C0221,2026-08-19 23:19:00,product_discovery,P001,success
C0221,2026-08-19 23:23:00,product_view,P001,success
C0221,2026-08-19 23:32:00,cart_add,P001,success
C0222,2026-08-18 10:39:00,product_discovery,P022,success
C0222,2026-08-18 10:40:00,product_view,P022,success
C0223,2026-08-04 16:54:00,product_discovery,P013,success
C0223,2026-08-04 16:56:00,product_view,P013,success
C0224,2026-08-02 17:00:00,product_discovery,P034,success
C0224,2026-08-02 17:01:00,product_view,P034,success
C0225,2026-08-17 19:30:00,product_discovery,P024,success
C0225,2026-08-17 19:31:00,product_view,P024,success
C0226,2026-08-18 23:16:00,product_discovery,P020,success
C0226,2026-08-18 23:20:00,product_view,P020,success
C0226,2026-08-18 23:29:00,cart_add,P020,success
C0227,2026-08-15 19:41:00,product_discovery,P026,success
C0227,2026-08-15 19:45:00,product_view,P026,success
C0227,2026-08-15 19:54:00,cart_add,P026,success
C0228,2026-08-01 12:14:00,product_discovery,P005,success
C0228,2026-08-01 12:19:00,product_view,P005,success
C0229,2026-08-06 14:51:00,product_discovery,P005,success
C0229,2026-08-06 14:54:00,product_view,P005,success
C0229,2026-08-06 14:57:00,cart_add,P005,success
C0229,2026-08-06 15:01:00,checkout_start,P005,success
C0229,2026-08-06 15:07:00,payment_attempt,P005,success
C0229,2026-08-06 15:10:00,payment_success,P005,success
C0229,2026-08-06 15:12:00,order_confirmation,P005,success
C0230,2026-08-10 21:48:00,product_discovery,P038,success
C0230,2026-08-10 21:51:00,product_view,P038,success
C0231,2026-08-04 03:00:00,product_discovery,P007,success
C0231,2026-08-04 03:03:00,product_view,P007,success
C0232,2026-08-05 04:51:00,product_discovery,P007,success
C0232,2026-08-05 04:53:00,product_view,P007,success
C0232,2026-08-05 04:57:00,cart_add,P007,success
C0233,2026-08-01 18:40:00,product_discovery,P002,success
C0233,2026-08-01 18:42:00,product_view,P002,success
C0233,2026-08-01 18:43:00,cart_add,P002,success
C0234,2026-08-18 02:26:00,product_discovery,P032,success
C0235,2026-08-07 23:13:00,product_discovery,P024,success
C0235,2026-08-07 23:17:00,product_view,P024,success
C0236,2026-08-17 05:40:00,product_discovery,P007,success
C0236,2026-08-17 05:41:00,product_view,P007,success
C0237,2026-08-08 21:05:00,product_discovery,P040,success
C0237,2026-08-08 21:06:00,product_view,P040,success
C0238,2026-08-02 05:47:00,product_discovery,P016,success
C0238,2026-08-02 05:50:00,product_view,P016,success
C0239,2026-08-11 05:18:00,product_discovery,P007,success
C0239,2026-08-11 05:23:00,product_view,P007,success
C0239,2026-08-11 05:28:00,cart_add,P007,success
C0239,2026-08-11 05:41:00,checkout_start,P007,success
C0239,2026-08-11 05:43:00,payment_attempt,P007,success
C0239,2026-08-11 05:45:00,payment_success,P007,success
C0239,2026-08-11 05:47:00,order_confirmation,P007,success
C0240,2026-08-10 01:03:00,product_discovery,P009,success
C0240,2026-08-10 01:05:00,product_view,P009,success
C0240,2026-08-10 01:12:00,cart_add,P009,success
C0240,2026-08-10 01:15:00,checkout_start,P009,success
C0240,2026-08-10 01:22:00,payment_attempt,P009,success
C0240,2026-08-10 01:25:00,payment_success,P009,success
C0241,2026-08-03 10:17:00,product_discovery,P038,success
C0242,2026-08-19 17:48:00,product_discovery,P030,success
C0242,2026-08-19 17:53:00,product_view,P030,success
C0242,2026-08-19 17:59:00,cart_add,P030,success
C0242,2026-08-19 18:01:00,checkout_start,P030,success
C0242,2026-08-19 18:06:00,payment_attempt,P030,success
C0242,2026-08-19 18:07:00,payment_success,P030,success
C0242,2026-08-19 18:08:00,order_confirmation,P030,success
C0243,2026-08-10 22:06:00,product_discovery,P012,success
C0243,2026-08-10 22:10:00,product_view,P012,success
C0244,2026-08-04 22:36:00,product_discovery,P033,success
C0244,2026-08-04 22:39:00,product_view,P033,success
C0244,2026-08-04 22:44:00,cart_add,P033,success
C0245,2026-08-01 16:28:00,product_discovery,P007,success
C0245,2026-08-01 16:32:00,product_view,P007,success
C0246,2026-08-12 03:21:00,product_discovery,P025,success
C0246,2026-08-12 03:24:00,product_view,P025,success
C0246,2026-08-12 03:27:00,cart_add,P025,success
C0246,2026-08-12 03:36:00,checkout_start,P025,success
C0246,2026-08-12 03:40:00,payment_attempt,P025,success
C0246,2026-08-12 03:43:00,payment_success,P025,success
C0246,2026-08-12 03:45:00,order_confirmation,P025,success
C0247,2026-08-17 07:50:00,product_discovery,P023,success
C0247,2026-08-17 07:52:00,product_view,P023,success
C0248,2026-08-18 01:35:00,product_discovery,P016,success
C0248,2026-08-18 01:38:00,product_view,P016,success
C0249,2026-08-16 14:25:00,product_discovery,P013,success
C0249,2026-08-16 14:29:00,product_view,P013,success
C0249,2026-08-16 14:32:00,cart_add,P013,success
C0249,2026-08-16 14:35:00,checkout_start,P013,success
C0249,2026-08-16 14:38:00,payment_attempt,P013,success
C0249,2026-08-16 14:40:00,payment_failure,P013,failed
C0250,2026-08-11 23:50:00,product_discovery,P024,success
C0250,2026-08-11 23:55:00,product_view,P024,success
C0251,2026-08-07 14:28:00,product_discovery,P024,success
C0251,2026-08-07 14:30:00,product_view,P024,success
C0252,2026-08-07 08:53:00,product_discovery,P036,success
C0252,2026-08-07 08:56:00,product_view,P036,success
C0253,2026-08-02 09:32:00,product_discovery,P010,success
C0253,2026-08-02 09:36:00,product_view,P010,success
C0253,2026-08-02 09:44:00,cart_add,P010,success
C0254,2026-08-13 06:18:00,product_discovery,P004,success
C0254,2026-08-13 06:21:00,product_view,P004,success
C0255,2026-08-07 21:53:00,product_discovery,P016,success
C0255,2026-08-07 21:54:00,product_view,P016,success
C0255,2026-08-07 21:58:00,cart_add,P016,success
C0255,2026-08-07 22:10:00,checkout_start,P016,success
C0255,2026-08-07 22:12:00,payment_attempt,P016,success
C0255,2026-08-07 22:13:00,payment_success,P016,success
C0255,2026-08-07 22:16:00,order_confirmation,P016,success
C0256,2026-08-06 22:57:00,product_discovery,P035,success
C0256,2026-08-06 22:59:00,product_view,P035,success
C0256,2026-08-06 23:05:00,cart_add,P035,success
C0257,2026-08-05 09:41:00,product_discovery,P008,success
C0257,2026-08-05 09:45:00,product_view,P008,success
C0257,2026-08-05 09:47:00,cart_add,P008,success
C0258,2026-08-02 08:22:00,product_discovery,P021,success
C0258,2026-08-02 08:25:00,product_view,P021,success
C0259,2026-08-12 19:21:00,product_discovery,P020,success
C0259,2026-08-12 19:24:00,product_view,P020,success
C0260,2026-08-11 07:42:00,product_discovery,P004,success
C0261,2026-08-20 13:29:00,product_discovery,P003,success
C0261,2026-08-20 13:30:00,product_view,P003,success
C0261,2026-08-20 13:34:00,cart_add,P003,success
C0262,2026-08-20 23:17:00,product_discovery,P017,success
C0262,2026-08-20 23:21:00,product_view,P017,success
C0263,2026-08-21 03:09:00,product_discovery,P023,success
C0263,2026-08-21 03:13:00,product_view,P023,success
C0263,2026-08-21 03:16:00,cart_add,P023,success
C0264,2026-08-20 21:07:00,product_discovery,P039,success
C0264,2026-08-20 21:08:00,product_view,P039,success
C0265,2026-08-02 03:55:00,product_discovery,P021,success
C0265,2026-08-02 03:59:00,product_view,P021,success
C0266,2026-08-16 21:38:00,product_discovery,P008,success
C0266,2026-08-16 21:39:00,product_view,P008,success
C0266,2026-08-16 21:45:00,cart_add,P008,success
C0267,2026-08-18 23:25:00,product_discovery,P025,success
C0267,2026-08-18 23:30:00,product_view,P025,success
C0268,2026-08-05 18:27:00,product_discovery,P006,success
C0268,2026-08-05 18:30:00,product_view,P006,success
C0269,2026-08-14 02:06:00,product_discovery,P021,success
C0269,2026-08-14 02:08:00,product_view,P021,success
C0270,2026-08-11 09:00:00,product_discovery,P040,success
C0270,2026-08-11 09:03:00,product_view,P040,success
C0270,2026-08-11 09:04:00,cart_add,P040,success
C0270,2026-08-11 09:17:00,checkout_start,P040,success
C0270,2026-08-11 09:20:00,payment_attempt,P040,success
C0270,2026-08-11 09:25:00,payment_success,P040,success
C0270,2026-08-11 09:28:00,order_confirmation,P040,success
C0271,2026-08-10 06:18:00,product_discovery,P009,success
C0271,2026-08-10 06:21:00,product_view,P009,success
C0272,2026-08-10 07:44:00,product_discovery,P032,success
C0272,2026-08-10 07:45:00,product_view,P032,success
C0273,2026-08-06 13:54:00,product_discovery,P033,success
C0273,2026-08-06 13:56:00,product_view,P033,success
C0274,2026-08-02 11:52:00,product_discovery,P020,success
C0274,2026-08-02 11:53:00,product_view,P020,success
C0275,2026-08-14 21:03:00,product_discovery,P023,success
C0275,2026-08-14 21:07:00,product_view,P023,success
C0275,2026-08-14 21:14:00,cart_add,P023,success
C0275,2026-08-14 21:23:00,checkout_start,P023,success
C0275,2026-08-14 21:27:00,payment_attempt,P023,success
C0275,2026-08-14 21:29:00,payment_failure,P023,failed
C0276,2026-08-04 03:42:00,product_discovery,P012,success
C0277,2026-08-03 03:16:00,product_discovery,P026,success
C0277,2026-08-03 03:18:00,product_view,P026,success
C0278,2026-08-19 11:55:00,product_discovery,P008,success
C0278,2026-08-19 11:58:00,product_view,P008,success
C0279,2026-08-01 13:20:00,product_discovery,P039,success
C0279,2026-08-01 13:21:00,product_view,P039,success
C0280,2026-08-09 15:39:00,product_discovery,P038,success
C0280,2026-08-09 15:44:00,product_view,P038,success
C0280,2026-08-09 15:45:00,cart_add,P038,success
C0281,2026-08-07 23:33:00,product_discovery,P009,success
C0282,2026-08-09 12:24:00,product_discovery,P039,success
C0282,2026-08-09 12:29:00,product_view,P039,success
C0283,2026-08-19 07:47:00,product_discovery,P026,success
C0284,2026-08-17 15:49:00,product_discovery,P013,success
C0284,2026-08-17 15:54:00,product_view,P013,success
C0284,2026-08-17 16:03:00,cart_add,P013,success
C0284,2026-08-17 16:08:00,checkout_start,P013,success
C0285,2026-08-10 20:57:00,product_discovery,P007,success
C0285,2026-08-10 21:02:00,product_view,P007,success
C0285,2026-08-10 21:07:00,cart_add,P007,success
C0286,2026-08-11 10:58:00,product_discovery,P015,success
C0286,2026-08-11 11:03:00,product_view,P015,success
C0287,2026-08-10 11:40:00,product_discovery,P013,success
C0287,2026-08-10 11:41:00,product_view,P013,success
C0288,2026-08-04 22:59:00,product_discovery,P037,success
C0288,2026-08-04 23:02:00,product_view,P037,success
C0289,2026-08-01 11:56:00,product_discovery,P024,success
C0289,2026-08-01 11:57:00,product_view,P024,success
C0289,2026-08-01 12:02:00,cart_add,P024,success
C0289,2026-08-01 12:16:00,checkout_start,P024,success
C0289,2026-08-01 12:17:00,payment_attempt,P024,success
C0289,2026-08-01 12:19:00,payment_success,P024,success
C0289,2026-08-01 12:21:00,order_confirmation,P024,success
C0290,2026-08-03 04:29:00,product_discovery,P011,success
C0290,2026-08-03 04:32:00,product_view,P011,success
C0290,2026-08-03 04:40:00,cart_add,P011,success
C0291,2026-08-18 17:44:00,product_discovery,P031,success
C0291,2026-08-18 17:46:00,product_view,P031,success
C0291,2026-08-18 17:56:00,cart_add,P031,success
C0292,2026-08-17 08:00:00,product_discovery,P040,success
C0292,2026-08-17 08:05:00,product_view,P040,success
C0292,2026-08-17 08:10:00,cart_add,P040,success
C0292,2026-08-17 08:11:00,checkout_start,P040,success
C0292,2026-08-17 08:19:00,payment_attempt,P040,success
C0292,2026-08-17 08:20:00,payment_success,P040,success
C0292,2026-08-17 08:21:00,order_confirmation,P040,success
C0293,2026-08-10 11:00:00,product_discovery,P007,success
C0294,2026-08-20 11:01:00,product_discovery,P036,success
C0294,2026-08-20 11:06:00,product_view,P036,success
C0294,2026-08-20 11:08:00,cart_add,P036,success
C0294,2026-08-20 11:17:00,checkout_start,P036,success
C0294,2026-08-20 11:20:00,payment_attempt,P036,success
C0294,2026-08-20 11:24:00,payment_success,P036,success
C0294,2026-08-20 11:25:00,order_confirmation,P036,success
C0295,2026-08-02 10:38:00,product_discovery,P014,success
C0295,2026-08-02 10:39:00,product_view,P014,success
C0295,2026-08-02 10:47:00,cart_add,P014,success
C0295,2026-08-02 10:55:00,checkout_start,P014,success
C0295,2026-08-02 10:59:00,payment_attempt,P014,success
C0295,2026-08-02 11:03:00,payment_success,P014,success
C0295,2026-08-02 11:06:00,order_confirmation,P014,success
C0296,2026-08-04 05:01:00,product_discovery,P009,success
C0296,2026-08-04 05:04:00,product_view,P009,success
C0297,2026-08-09 07:43:00,product_discovery,P037,success
C0297,2026-08-09 07:44:00,product_view,P037,success
C0298,2026-08-14 23:45:00,product_discovery,P016,success
C0298,2026-08-14 23:49:00,product_view,P016,success
C0298,2026-08-14 23:52:00,cart_add,P016,success
C0299,2026-08-05 02:33:00,product_discovery,P030,success
C0299,2026-08-05 02:36:00,product_view,P030,success
C0299,2026-08-05 02:44:00,cart_add,P030,success
C0299,2026-08-05 02:55:00,checkout_start,P030,success
C0299,2026-08-05 02:58:00,payment_attempt,P030,success
C0299,2026-08-05 03:03:00,payment_success,P030,success
C0299,2026-08-05 03:04:00,order_confirmation,P030,success
C0300,2026-08-19 09:16:00,product_discovery,P040,success
C0300,2026-08-19 09:19:00,product_view,P040,success
C0301,2026-08-13 15:36:00,product_discovery,P017,success
C0301,2026-08-13 15:41:00,product_view,P017,success
C0302,2026-08-03 17:40:00,product_discovery,P032,success
C0302,2026-08-03 17:42:00,product_view,P032,success
C0303,2026-08-20 17:45:00,product_discovery,P027,success
C0303,2026-08-20 17:46:00,product_view,P027,success
C0303,2026-08-20 17:47:00,cart_add,P027,success
C0303,2026-08-20 17:56:00,checkout_start,P027,success
C0303,2026-08-20 18:04:00,payment_attempt,P027,success
C0303,2026-08-20 18:08:00,payment_failure,P027,failed
C0304,2026-08-05 23:44:00,product_discovery,P010,success
C0304,2026-08-05 23:48:00,product_view,P010,success
C0305,2026-08-05 10:06:00,product_discovery,P025,success
C0306,2026-08-03 05:24:00,product_discovery,P030,success
C0306,2026-08-03 05:29:00,product_view,P030,success
C0306,2026-08-03 05:36:00,cart_add,P030,success
C0307,2026-08-08 03:56:00,product_discovery,P028,success
C0307,2026-08-08 04:00:00,product_view,P028,success
C0308,2026-08-01 17:11:00,product_discovery,P001,success
C0308,2026-08-01 17:16:00,product_view,P001,success
C0309,2026-08-08 23:15:00,product_discovery,P007,success
C0309,2026-08-08 23:17:00,product_view,P007,success
C0310,2026-08-02 21:23:00,product_discovery,P022,success
C0310,2026-08-02 21:26:00,product_view,P022,success
C0310,2026-08-02 21:36:00,cart_add,P022,success
C0311,2026-08-14 11:55:00,product_discovery,P006,success
C0312,2026-08-15 05:21:00,product_discovery,P001,success
C0312,2026-08-15 05:23:00,product_view,P001,success
C0312,2026-08-15 05:27:00,cart_add,P001,success
C0313,2026-08-05 10:48:00,product_discovery,P030,success
C0313,2026-08-05 10:50:00,product_view,P030,success
C0314,2026-08-17 10:13:00,product_discovery,P024,success
C0315,2026-08-08 09:56:00,product_discovery,P032,success
C0315,2026-08-08 09:59:00,product_view,P032,success
C0315,2026-08-08 10:01:00,cart_add,P032,success
C0316,2026-08-02 21:29:00,product_discovery,P033,success
C0316,2026-08-02 21:32:00,product_view,P033,success
C0316,2026-08-02 21:37:00,cart_add,P033,success
C0316,2026-08-02 21:50:00,checkout_start,P033,success
C0316,2026-08-02 21:58:00,payment_attempt,P033,success
C0316,2026-08-02 22:01:00,payment_success,P033,success
C0316,2026-08-02 22:02:00,order_confirmation,P033,success
C0317,2026-08-19 07:31:00,product_discovery,P003,success
C0317,2026-08-19 07:34:00,product_view,P003,success
C0317,2026-08-19 07:40:00,cart_add,P003,success
C0318,2026-08-06 10:38:00,product_discovery,P004,success
C0318,2026-08-06 10:39:00,product_view,P004,success
C0318,2026-08-06 10:43:00,cart_add,P004,success
C0318,2026-08-06 10:45:00,checkout_start,P004,success
C0318,2026-08-06 10:48:00,payment_attempt,P004,success
C0318,2026-08-06 10:49:00,payment_success,P004,success
C0318,2026-08-06 10:51:00,order_confirmation,P004,success
C0319,2026-08-11 04:30:00,product_discovery,P022,success
C0319,2026-08-11 04:31:00,product_view,P022,success
C0320,2026-08-13 19:42:00,product_discovery,P040,success
C0320,2026-08-13 19:43:00,product_view,P040,success
C0321,2026-08-20 16:40:00,product_discovery,P025,success
C0321,2026-08-20 16:43:00,product_view,P025,success
C0321,2026-08-20 16:44:00,cart_add,P025,success
C0321,2026-08-20 16:47:00,checkout_start,P025,success
C0321,2026-08-20 16:49:00,payment_attempt,P025,success
C0321,2026-08-20 16:53:00,payment_success,P025,success
C0321,2026-08-20 16:55:00,order_confirmation,P025,success
C0322,2026-08-06 06:07:00,product_discovery,P018,success
C0322,2026-08-06 06:12:00,product_view,P018,success
C0323,2026-08-10 06:57:00,product_discovery,P038,success
C0323,2026-08-10 07:00:00,product_view,P038,success
C0323,2026-08-10 07:08:00,cart_add,P038,success
C0324,2026-08-01 10:24:00,product_discovery,P040,success
C0324,2026-08-01 10:28:00,product_view,P040,success
C0324,2026-08-01 10:33:00,cart_add,P040,success
C0325,2026-08-01 14:06:00,product_discovery,P026,success
C0325,2026-08-01 14:11:00,product_view,P026,success
C0326,2026-08-04 06:47:00,product_discovery,P035,success
C0326,2026-08-04 06:51:00,product_view,P035,success
C0327,2026-08-09 16:38:00,product_discovery,P007,success
C0327,2026-08-09 16:39:00,product_view,P007,success
C0328,2026-08-10 08:13:00,product_discovery,P034,success
C0328,2026-08-10 08:15:00,product_view,P034,success
C0329,2026-08-02 17:08:00,product_discovery,P038,success
C0329,2026-08-02 17:11:00,product_view,P038,success
C0329,2026-08-02 17:13:00,cart_add,P038,success
C0330,2026-08-12 20:46:00,product_discovery,P002,success
C0330,2026-08-12 20:47:00,product_view,P002,success
C0330,2026-08-12 20:55:00,cart_add,P002,success
C0330,2026-08-12 21:01:00,checkout_start,P002,success
C0330,2026-08-12 21:05:00,payment_attempt,P002,success
C0330,2026-08-12 21:10:00,payment_failure,P002,failed
C0331,2026-08-08 02:39:00,product_discovery,P004,success
C0331,2026-08-08 02:41:00,product_view,P004,success
C0332,2026-08-07 08:39:00,product_discovery,P010,success
C0332,2026-08-07 08:40:00,product_view,P010,success
C0332,2026-08-07 08:48:00,cart_add,P010,success
C0332,2026-08-07 08:54:00,checkout_start,P010,success
C0333,2026-08-02 11:32:00,product_discovery,P021,success
C0333,2026-08-02 11:35:00,product_view,P021,success
C0333,2026-08-02 11:36:00,cart_add,P021,success
C0333,2026-08-02 11:46:00,checkout_start,P021,success
C0333,2026-08-02 11:47:00,payment_attempt,P021,success
C0333,2026-08-02 11:52:00,payment_success,P021,success
C0333,2026-08-02 11:54:00,order_confirmation,P021,success
C0334,2026-08-02 10:43:00,product_discovery,P002,success
C0334,2026-08-02 10:44:00,product_view,P002,success
C0334,2026-08-02 10:53:00,cart_add,P002,success
C0335,2026-08-03 09:05:00,product_discovery,P027,success
C0335,2026-08-03 09:09:00,product_view,P027,success
C0336,2026-08-03 15:16:00,product_discovery,P040,success
C0336,2026-08-03 15:18:00,product_view,P040,success
C0337,2026-08-11 07:46:00,product_discovery,P008,success
C0337,2026-08-11 07:50:00,product_view,P008,success
C0338,2026-08-04 09:42:00,product_discovery,P034,success
C0339,2026-08-06 19:43:00,product_discovery,P033,success
C0339,2026-08-06 19:46:00,product_view,P033,success
C0339,2026-08-06 19:50:00,cart_add,P033,success
C0340,2026-08-03 23:29:00,product_discovery,P006,success
C0340,2026-08-03 23:30:00,product_view,P006,success
C0341,2026-08-17 01:08:00,product_discovery,P035,success
C0341,2026-08-17 01:10:00,product_view,P035,success
C0342,2026-08-13 22:15:00,product_discovery,P012,success
C0342,2026-08-13 22:17:00,product_view,P012,success
C0343,2026-08-09 13:13:00,product_discovery,P021,success
C0343,2026-08-09 13:18:00,product_view,P021,success
C0344,2026-08-11 19:27:00,product_discovery,P023,success
C0344,2026-08-11 19:29:00,product_view,P023,success
C0345,2026-08-14 06:36:00,product_discovery,P017,success
C0345,2026-08-14 06:41:00,product_view,P017,success
C0346,2026-08-08 09:14:00,product_discovery,P038,success
C0346,2026-08-08 09:19:00,product_view,P038,success
C0347,2026-08-21 01:18:00,product_discovery,P031,success
C0347,2026-08-21 01:19:00,product_view,P031,success
C0348,2026-08-15 02:27:00,product_discovery,P007,success
C0348,2026-08-15 02:31:00,product_view,P007,success
C0349,2026-08-10 05:39:00,product_discovery,P040,success
C0350,2026-08-07 08:28:00,product_discovery,P017,success
C0350,2026-08-07 08:31:00,product_view,P017,success
C0351,2026-08-08 21:13:00,product_discovery,P010,success
C0351,2026-08-08 21:14:00,product_view,P010,success
C0352,2026-08-14 00:59:00,product_discovery,P015,success
C0352,2026-08-14 01:04:00,product_view,P015,success
C0353,2026-08-03 03:01:00,product_discovery,P008,success
C0353,2026-08-03 03:06:00,product_view,P008,success
C0353,2026-08-03 03:13:00,cart_add,P008,success
C0353,2026-08-03 03:18:00,checkout_start,P008,success
C0353,2026-08-03 03:19:00,payment_attempt,P008,success
C0353,2026-08-03 03:20:00,payment_success,P008,success
C0353,2026-08-03 03:22:00,order_confirmation,P008,success
C0354,2026-08-09 13:01:00,product_discovery,P039,success
C0354,2026-08-09 13:05:00,product_view,P039,success
C0354,2026-08-09 13:10:00,cart_add,P039,success
C0355,2026-08-13 20:03:00,product_discovery,P013,success
C0355,2026-08-13 20:08:00,product_view,P013,success
C0356,2026-08-20 02:36:00,product_discovery,P009,success
C0357,2026-08-04 17:30:00,product_discovery,P029,success
C0357,2026-08-04 17:34:00,product_view,P029,success
C0357,2026-08-04 17:40:00,cart_add,P029,success
C0358,2026-08-04 16:10:00,product_discovery,P014,success
C0358,2026-08-04 16:12:00,product_view,P014,success
C0358,2026-08-04 16:13:00,cart_add,P014,success
C0359,2026-08-15 03:09:00,product_discovery,P028,success
C0359,2026-08-15 03:12:00,product_view,P028,success
C0359,2026-08-15 03:14:00,cart_add,P028,success
C0360,2026-08-10 06:16:00,product_discovery,P022,success
C0360,2026-08-10 06:17:00,product_view,P022,success
C0361,2026-08-21 02:33:00,product_discovery,P029,success
C0361,2026-08-21 02:34:00,product_view,P029,success
C0362,2026-08-02 14:11:00,product_discovery,P018,success
C0362,2026-08-02 14:13:00,product_view,P018,success
C0363,2026-08-13 10:32:00,product_discovery,P009,success
C0363,2026-08-13 10:37:00,product_view,P009,success
C0364,2026-08-06 05:38:00,product_discovery,P002,success
C0364,2026-08-06 05:42:00,product_view,P002,success
C0365,2026-08-08 08:14:00,product_discovery,P021,success
C0365,2026-08-08 08:18:00,product_view,P021,success
C0365,2026-08-08 08:25:00,cart_add,P021,success
C0366,2026-08-14 15:41:00,product_discovery,P021,success
C0366,2026-08-14 15:45:00,product_view,P021,success
C0366,2026-08-14 15:46:00,cart_add,P021,success
C0367,2026-08-03 09:03:00,product_discovery,P008,success
C0367,2026-08-03 09:04:00,product_view,P008,success
C0368,2026-08-04 11:07:00,product_discovery,P016,success
C0368,2026-08-04 11:12:00,product_view,P016,success
C0368,2026-08-04 11:13:00,cart_add,P016,success
C0369,2026-08-11 16:23:00,product_discovery,P012,success
C0369,2026-08-11 16:28:00,product_view,P012,success
C0370,2026-08-05 10:01:00,product_discovery,P034,success
C0371,2026-08-06 19:44:00,product_discovery,P036,success
C0371,2026-08-06 19:46:00,product_view,P036,success
C0372,2026-08-11 10:08:00,product_discovery,P028,success
C0372,2026-08-11 10:09:00,product_view,P028,success
C0372,2026-08-11 10:13:00,cart_add,P028,success
C0372,2026-08-11 10:22:00,checkout_start,P028,success
C0372,2026-08-11 10:24:00,payment_attempt,P028,success
C0372,2026-08-11 10:26:00,payment_success,P028,success
C0372,2026-08-11 10:29:00,order_confirmation,P028,success
C0373,2026-08-16 09:31:00,product_discovery,P003,success
C0374,2026-08-01 19:05:00,product_discovery,P012,success
C0374,2026-08-01 19:08:00,product_view,P012,success
C0374,2026-08-01 19:15:00,cart_add,P012,success
C0374,2026-08-01 19:20:00,checkout_start,P012,success
C0374,2026-08-01 19:24:00,payment_attempt,P012,success
C0374,2026-08-01 19:27:00,payment_success,P012,success
C0374,2026-08-01 19:30:00,order_confirmation,P012,success
C0375,2026-08-12 09:34:00,product_discovery,P014,success
C0375,2026-08-12 09:36:00,product_view,P014,success
C0375,2026-08-12 09:40:00,cart_add,P014,success
C0375,2026-08-12 09:45:00,checkout_start,P014,success
C0375,2026-08-12 09:50:00,payment_attempt,P014,success
C0375,2026-08-12 09:52:00,payment_failure,P014,failed
C0376,2026-08-04 10:22:00,product_discovery,P025,success
C0377,2026-08-10 10:29:00,product_discovery,P030,success
C0377,2026-08-10 10:31:00,product_view,P030,success
C0378,2026-08-11 09:59:00,product_discovery,P032,success
C0378,2026-08-11 10:03:00,product_view,P032,success
C0379,2026-08-04 02:31:00,product_discovery,P019,success
C0380,2026-08-14 22:28:00,product_discovery,P034,success
C0381,2026-08-08 09:57:00,product_discovery,P035,success
C0381,2026-08-08 10:01:00,product_view,P035,success
C0381,2026-08-08 10:03:00,cart_add,P035,success
C0381,2026-08-08 10:14:00,checkout_start,P035,success
C0381,2026-08-08 10:15:00,payment_attempt,P035,success
C0381,2026-08-08 10:17:00,payment_success,P035,success
C0381,2026-08-08 10:18:00,order_confirmation,P035,success
C0382,2026-08-05 21:19:00,product_discovery,P023,success
C0382,2026-08-05 21:23:00,product_view,P023,success
C0382,2026-08-05 21:28:00,cart_add,P023,success
C0383,2026-08-16 23:21:00,product_discovery,P014,success
C0383,2026-08-16 23:24:00,product_view,P014,success
C0384,2026-08-09 10:38:00,product_discovery,P008,success
C0384,2026-08-09 10:41:00,product_view,P008,success
C0385,2026-08-09 12:49:00,product_discovery,P019,success
C0385,2026-08-09 12:54:00,product_view,P019,success
C0386,2026-08-06 02:09:00,product_discovery,P033,success
C0386,2026-08-06 02:14:00,product_view,P033,success
C0387,2026-08-05 02:27:00,product_discovery,P005,success
C0387,2026-08-05 02:28:00,product_view,P005,success
C0388,2026-08-12 07:43:00,product_discovery,P031,success
C0388,2026-08-12 07:44:00,product_view,P031,success
C0388,2026-08-12 07:48:00,cart_add,P031,success
C0388,2026-08-12 07:57:00,checkout_start,P031,success
C0388,2026-08-12 07:59:00,payment_attempt,P031,success
C0388,2026-08-12 08:03:00,payment_success,P031,success
C0388,2026-08-12 08:06:00,order_confirmation,P031,success
C0389,2026-08-08 23:30:00,product_discovery,P007,success
C0390,2026-08-19 00:27:00,product_discovery,P022,success
C0390,2026-08-19 00:31:00,product_view,P022,success
C0391,2026-08-17 17:53:00,product_discovery,P028,success
C0391,2026-08-17 17:58:00,product_view,P028,success
C0391,2026-08-17 18:04:00,cart_add,P028,success
C0391,2026-08-17 18:17:00,checkout_start,P028,success
C0391,2026-08-17 18:19:00,payment_attempt,P028,success
C0391,2026-08-17 18:24:00,payment_success,P028,success
C0391,2026-08-17 18:25:00,order_confirmation,P028,success
C0392,2026-08-16 02:17:00,product_discovery,P006,success
C0392,2026-08-16 02:21:00,product_view,P006,success
C0393,2026-08-21 03:16:00,product_discovery,P014,success
C0393,2026-08-21 03:19:00,product_view,P014,success
C0394,2026-08-11 17:25:00,product_discovery,P013,success
C0394,2026-08-11 17:28:00,product_view,P013,success
C0395,2026-08-10 21:06:00,product_discovery,P009,success
C0395,2026-08-10 21:09:00,product_view,P009,success
C0395,2026-08-10 21:11:00,cart_add,P009,success
C0396,2026-08-18 21:12:00,product_discovery,P021,success
C0396,2026-08-18 21:13:00,product_view,P021,success
C0397,2026-08-18 03:36:00,product_discovery,P003,success
C0397,2026-08-18 03:39:00,product_view,P003,success
C0398,2026-08-17 18:35:00,product_discovery,P003,success
C0398,2026-08-17 18:37:00,product_view,P003,success
C0398,2026-08-17 18:40:00,cart_add,P003,success
C0398,2026-08-17 18:55:00,checkout_start,P003,success
C0398,2026-08-17 18:56:00,payment_attempt,P003,success
C0398,2026-08-17 18:58:00,payment_failure,P003,failed
C0399,2026-08-12 20:57:00,product_discovery,P038,success
C0399,2026-08-12 20:59:00,product_view,P038,success
C0400,2026-08-12 22:56:00,product_discovery,P035,success
C0400,2026-08-12 22:58:00,product_view,P035,success
C0401,2026-08-13 06:37:00,product_discovery,P040,success
C0401,2026-08-13 06:40:00,product_view,P040,success
C0402,2026-08-05 05:48:00,product_discovery,P020,success
C0402,2026-08-05 05:51:00,product_view,P020,success
C0403,2026-08-18 18:30:00,product_discovery,P035,success
C0403,2026-08-18 18:35:00,product_view,P035,success
C0404,2026-08-18 19:41:00,product_discovery,P022,success
C0404,2026-08-18 19:43:00,product_view,P022,success
C0404,2026-08-18 19:48:00,cart_add,P022,success
C0404,2026-08-18 19:54:00,checkout_start,P022,success
C0404,2026-08-18 19:57:00,payment_attempt,P022,success
C0404,2026-08-18 19:59:00,payment_success,P022,success
C0404,2026-08-18 20:00:00,order_confirmation,P022,success
C0405,2026-08-06 13:00:00,product_discovery,P034,success
C0405,2026-08-06 13:01:00,product_view,P034,success
C0406,2026-08-05 18:20:00,product_discovery,P017,success
C0406,2026-08-05 18:23:00,product_view,P017,success
C0407,2026-08-07 01:18:00,product_discovery,P011,success
C0408,2026-08-01 18:52:00,product_discovery,P007,success
C0408,2026-08-01 18:55:00,product_view,P007,success
C0408,2026-08-01 18:58:00,cart_add,P007,success
C0408,2026-08-01 19:01:00,checkout_start,P007,success
C0408,2026-08-01 19:09:00,payment_attempt,P007,success
C0408,2026-08-01 19:14:00,payment_success,P007,success
C0408,2026-08-01 19:16:00,order_confirmation,P007,success
C0409,2026-08-20 03:52:00,product_discovery,P029,success
C0410,2026-08-09 20:34:00,product_discovery,P010,success
C0410,2026-08-09 20:36:00,product_view,P010,success
C0410,2026-08-09 20:46:00,cart_add,P010,success
C0410,2026-08-09 20:47:00,checkout_start,P010,success
C0410,2026-08-09 20:52:00,payment_attempt,P010,success
C0410,2026-08-09 20:57:00,payment_success,P010,success
C0410,2026-08-09 20:58:00,order_confirmation,P010,success
C0411,2026-08-18 16:28:00,product_discovery,P008,success
C0411,2026-08-18 16:29:00,product_view,P008,success
C0412,2026-08-15 22:43:00,product_discovery,P025,success
C0412,2026-08-15 22:46:00,product_view,P025,success
C0412,2026-08-15 22:47:00,cart_add,P025,success
C0412,2026-08-15 22:50:00,checkout_start,P025,success
C0412,2026-08-15 22:57:00,payment_attempt,P025,success
C0412,2026-08-15 22:58:00,payment_success,P025,success
C0412,2026-08-15 23:00:00,order_confirmation,P025,success
C0413,2026-08-01 09:53:00,product_discovery,P025,success
C0414,2026-08-16 15:49:00,product_discovery,P036,success
C0414,2026-08-16 15:54:00,product_view,P036,success
C0415,2026-08-20 14:35:00,product_discovery,P012,success
C0415,2026-08-20 14:40:00,product_view,P012,success
C0416,2026-08-18 01:52:00,product_discovery,P038,success
C0417,2026-08-07 02:19:00,product_discovery,P039,success
C0417,2026-08-07 02:23:00,product_view,P039,success
C0417,2026-08-07 02:28:00,cart_add,P039,success
C0418,2026-08-09 04:36:00,product_discovery,P038,success
C0418,2026-08-09 04:37:00,product_view,P038,success
C0419,2026-08-19 22:57:00,product_discovery,P022,success
C0419,2026-08-19 22:58:00,product_view,P022,success
C0419,2026-08-19 23:00:00,cart_add,P022,success
C0420,2026-08-11 01:54:00,product_discovery,P022,success
C0420,2026-08-11 01:58:00,product_view,P022,success
C0420,2026-08-11 02:01:00,cart_add,P022,success
C0420,2026-08-11 02:16:00,checkout_start,P022,success
C0420,2026-08-11 02:17:00,payment_attempt,P022,success
C0420,2026-08-11 02:21:00,payment_success,P022,success
C0420,2026-08-11 02:24:00,order_confirmation,P022,success
C0421,2026-08-06 16:01:00,product_discovery,P032,success
C0421,2026-08-06 16:04:00,product_view,P032,success
C0421,2026-08-06 16:10:00,cart_add,P032,success
C0421,2026-08-06 16:22:00,checkout_start,P032,success
C0421,2026-08-06 16:23:00,payment_attempt,P032,success
C0421,2026-08-06 16:28:00,payment_success,P032,success
C0421,2026-08-06 16:30:00,order_confirmation,P032,success
C0422,2026-08-11 18:46:00,product_discovery,P037,success
C0422,2026-08-11 18:47:00,product_view,P037,success
C0423,2026-08-12 04:42:00,product_discovery,P039,success
C0423,2026-08-12 04:45:00,product_view,P039,success
C0424,2026-08-15 23:45:00,product_discovery,P022,success
C0424,2026-08-15 23:46:00,product_view,P022,success
C0424,2026-08-15 23:55:00,cart_add,P022,success
C0425,2026-08-02 04:15:00,product_discovery,P035,success
C0425,2026-08-02 04:16:00,product_view,P035,success
C0426,2026-08-07 00:48:00,product_discovery,P036,success
C0426,2026-08-07 00:50:00,product_view,P036,success
C0426,2026-08-07 01:00:00,cart_add,P036,success
C0426,2026-08-07 01:15:00,checkout_start,P036,success
C0426,2026-08-07 01:23:00,payment_attempt,P036,success
C0426,2026-08-07 01:24:00,payment_failure,P036,failed
C0427,2026-08-04 10:50:00,product_discovery,P024,success
C0427,2026-08-04 10:52:00,product_view,P024,success
C0428,2026-08-12 06:14:00,product_discovery,P002,success
C0428,2026-08-12 06:16:00,product_view,P002,success
C0429,2026-08-17 08:55:00,product_discovery,P031,success
C0429,2026-08-17 09:00:00,product_view,P031,success
C0429,2026-08-17 09:03:00,cart_add,P031,success
C0430,2026-08-10 16:39:00,product_discovery,P017,success
C0431,2026-08-12 09:15:00,product_discovery,P021,success
C0431,2026-08-12 09:17:00,product_view,P021,success
C0431,2026-08-12 09:18:00,cart_add,P021,success
C0432,2026-08-06 03:57:00,product_discovery,P002,success
C0432,2026-08-06 04:00:00,product_view,P002,success
C0432,2026-08-06 04:05:00,cart_add,P002,success
C0432,2026-08-06 04:09:00,checkout_start,P002,success
C0432,2026-08-06 04:14:00,payment_attempt,P002,success
C0432,2026-08-06 04:19:00,payment_failure,P002,failed
C0433,2026-08-12 07:23:00,product_discovery,P032,success
C0433,2026-08-12 07:26:00,product_view,P032,success
C0434,2026-08-16 16:15:00,product_discovery,P001,success
C0435,2026-08-17 01:53:00,product_discovery,P027,success
C0435,2026-08-17 01:56:00,product_view,P027,success
C0435,2026-08-17 02:06:00,cart_add,P027,success
C0436,2026-08-04 17:57:00,product_discovery,P006,success
C0437,2026-08-09 18:31:00,product_discovery,P033,success
C0437,2026-08-09 18:34:00,product_view,P033,success
C0437,2026-08-09 18:38:00,cart_add,P033,success
C0438,2026-08-17 16:11:00,product_discovery,P008,success
C0438,2026-08-17 16:15:00,product_view,P008,success
C0439,2026-08-11 07:39:00,product_discovery,P026,success
C0439,2026-08-11 07:41:00,product_view,P026,success
C0440,2026-08-02 03:00:00,product_discovery,P016,success
C0440,2026-08-02 03:05:00,product_view,P016,success
C0441,2026-08-18 05:08:00,product_discovery,P015,success
C0442,2026-08-13 14:52:00,product_discovery,P003,success
C0443,2026-08-15 20:13:00,product_discovery,P025,success
C0443,2026-08-15 20:18:00,product_view,P025,success
C0444,2026-08-14 07:08:00,product_discovery,P040,success
C0444,2026-08-14 07:12:00,product_view,P040,success
C0444,2026-08-14 07:17:00,cart_add,P040,success
C0445,2026-08-11 12:32:00,product_discovery,P011,success
C0445,2026-08-11 12:35:00,product_view,P011,success
C0446,2026-08-17 23:18:00,product_discovery,P006,success
C0446,2026-08-17 23:20:00,product_view,P006,success
C0447,2026-08-05 22:56:00,product_discovery,P036,success
C0447,2026-08-05 22:58:00,product_view,P036,success
C0447,2026-08-05 23:02:00,cart_add,P036,success
C0448,2026-08-17 10:16:00,product_discovery,P040,success
C0448,2026-08-17 10:18:00,product_view,P040,success
C0449,2026-08-12 01:47:00,product_discovery,P014,success
C0449,2026-08-12 01:51:00,product_view,P014,success
C0450,2026-08-01 16:47:00,product_discovery,P008,success
C0451,2026-08-19 14:08:00,product_discovery,P018,success
C0451,2026-08-19 14:10:00,product_view,P018,success
C0452,2026-08-03 15:02:00,product_discovery,P036,success
C0452,2026-08-03 15:07:00,product_view,P036,success
C0452,2026-08-03 15:12:00,cart_add,P036,success
C0453,2026-08-20 21:00:00,product_discovery,P030,success
C0453,2026-08-20 21:01:00,product_view,P030,success
C0453,2026-08-20 21:07:00,cart_add,P030,success
C0453,2026-08-20 21:13:00,checkout_start,P030,success
C0453,2026-08-20 21:18:00,payment_attempt,P030,success
C0453,2026-08-20 21:23:00,payment_success,P030,success
C0453,2026-08-20 21:26:00,order_confirmation,P030,success
C0454,2026-08-04 17:28:00,product_discovery,P029,success
C0454,2026-08-04 17:33:00,product_view,P029,success
C0454,2026-08-04 17:37:00,cart_add,P029,success
C0454,2026-08-04 17:45:00,checkout_start,P029,success
C0454,2026-08-04 17:52:00,payment_attempt,P029,success
C0454,2026-08-04 17:53:00,payment_success,P029,success
C0454,2026-08-04 17:55:00,order_confirmation,P029,success
C0455,2026-08-01 12:42:00,product_discovery,P002,success
C0455,2026-08-01 12:47:00,product_view,P002,success
C0455,2026-08-01 12:48:00,cart_add,P002,success
C0456,2026-08-02 04:20:00,product_discovery,P005,success
C0456,2026-08-02 04:24:00,product_view,P005,success
C0457,2026-08-06 23:32:00,product_discovery,P012,success
C0458,2026-08-17 02:54:00,product_discovery,P039,success
C0458,2026-08-17 02:59:00,product_view,P039,success
C0458,2026-08-17 03:00:00,cart_add,P039,success
C0458,2026-08-17 03:10:00,checkout_start,P039,success
C0458,2026-08-17 03:13:00,payment_attempt,P039,success
C0458,2026-08-17 03:17:00,payment_success,P039,success
C0458,2026-08-17 03:20:00,order_confirmation,P039,success
C0459,2026-08-19 12:35:00,product_discovery,P016,success
C0459,2026-08-19 12:40:00,product_view,P016,success
C0460,2026-08-13 22:32:00,product_discovery,P020,success
C0460,2026-08-13 22:33:00,product_view,P020,success
C0461,2026-08-08 20:21:00,product_discovery,P020,success
C0461,2026-08-08 20:25:00,product_view,P020,success
C0462,2026-08-01 08:12:00,product_discovery,P025,success
C0462,2026-08-01 08:16:00,product_view,P025,success
C0463,2026-08-04 22:25:00,product_discovery,P024,success
C0463,2026-08-04 22:30:00,product_view,P024,success
C0464,2026-08-07 08:00:00,product_discovery,P012,success
C0464,2026-08-07 08:01:00,product_view,P012,success
C0465,2026-08-07 02:19:00,product_discovery,P032,success
C0465,2026-08-07 02:21:00,product_view,P032,success
C0465,2026-08-07 02:22:00,cart_add,P032,success
C0466,2026-08-20 23:15:00,product_discovery,P007,success
C0466,2026-08-20 23:17:00,product_view,P007,success
C0467,2026-08-16 19:12:00,product_discovery,P015,success
C0467,2026-08-16 19:17:00,product_view,P015,success
C0468,2026-08-02 03:27:00,product_discovery,P011,success
C0469,2026-08-16 12:03:00,product_discovery,P016,success
C0469,2026-08-16 12:04:00,product_view,P016,success
C0470,2026-08-20 16:11:00,product_discovery,P036,success
C0471,2026-08-16 06:47:00,product_discovery,P028,success
C0471,2026-08-16 06:48:00,product_view,P028,success
C0471,2026-08-16 06:52:00,cart_add,P028,success
C0471,2026-08-16 06:56:00,checkout_start,P028,success
C0471,2026-08-16 06:58:00,payment_attempt,P028,success
C0471,2026-08-16 07:02:00,payment_success,P028,success
C0471,2026-08-16 07:05:00,order_confirmation,P028,success
C0472,2026-08-15 07:24:00,product_discovery,P028,success
C0473,2026-08-15 20:54:00,product_discovery,P007,success
C0473,2026-08-15 20:59:00,product_view,P007,success
C0474,2026-08-06 22:45:00,product_discovery,P009,success
C0474,2026-08-06 22:50:00,product_view,P009,success
C0474,2026-08-06 22:51:00,cart_add,P009,success
C0474,2026-08-06 22:54:00,checkout_start,P009,success
C0474,2026-08-06 22:58:00,payment_attempt,P009,success
C0474,2026-08-06 23:03:00,payment_success,P009,success
C0474,2026-08-06 23:04:00,order_confirmation,P009,success
C0475,2026-08-15 20:34:00,product_discovery,P022,success
C0475,2026-08-15 20:38:00,product_view,P022,success
C0476,2026-08-14 02:41:00,product_discovery,P035,success
C0476,2026-08-14 02:45:00,product_view,P035,success
C0477,2026-08-01 23:01:00,product_discovery,P016,success
C0477,2026-08-01 23:05:00,product_view,P016,success
C0477,2026-08-01 23:06:00,cart_add,P016,success
C0478,2026-08-17 21:58:00,product_discovery,P028,success
C0479,2026-08-20 02:48:00,product_discovery,P022,success
C0480,2026-08-04 05:35:00,product_discovery,P005,success
C0480,2026-08-04 05:36:00,product_view,P005,success
C0481,2026-08-02 04:48:00,product_discovery,P037,success
C0481,2026-08-02 04:51:00,product_view,P037,success
C0482,2026-08-10 18:48:00,product_discovery,P012,success
C0483,2026-08-07 06:53:00,product_discovery,P005,success
C0483,2026-08-07 06:55:00,product_view,P005,success
C0484,2026-08-19 15:26:00,product_discovery,P016,success
C0484,2026-08-19 15:31:00,product_view,P016,success
C0485,2026-08-18 16:33:00,product_discovery,P030,success
C0485,2026-08-18 16:36:00,product_view,P030,success
C0486,2026-08-07 23:05:00,product_discovery,P004,success
C0486,2026-08-07 23:07:00,product_view,P004,success
C0487,2026-08-16 22:46:00,product_discovery,P032,success
C0487,2026-08-16 22:49:00,product_view,P032,success
C0488,2026-08-14 15:00:00,product_discovery,P013,success
C0488,2026-08-14 15:01:00,product_view,P013,success
C0489,2026-08-12 06:11:00,product_discovery,P027,success
C0490,2026-08-11 19:49:00,product_discovery,P018,success
C0490,2026-08-11 19:52:00,product_view,P018,success
C0491,2026-08-07 14:54:00,product_discovery,P037,success
C0491,2026-08-07 14:55:00,product_view,P037,success
C0491,2026-08-07 15:01:00,cart_add,P037,success
C0492,2026-08-21 01:00:00,product_discovery,P001,success
C0492,2026-08-21 01:03:00,product_view,P001,success
C0493,2026-08-08 03:02:00,product_discovery,P037,success
C0493,2026-08-08 03:04:00,product_view,P037,success
C0494,2026-08-15 12:20:00,product_discovery,P018,success
C0494,2026-08-15 12:21:00,product_view,P018,success
C0494,2026-08-15 12:29:00,cart_add,P018,success
C0495,2026-08-04 06:13:00,product_discovery,P023,success
C0495,2026-08-04 06:16:00,product_view,P023,success
C0495,2026-08-04 06:23:00,cart_add,P023,success
C0495,2026-08-04 06:38:00,checkout_start,P023,success
C0495,2026-08-04 06:46:00,payment_attempt,P023,success
C0495,2026-08-04 06:51:00,payment_success,P023,success
C0495,2026-08-04 06:54:00,order_confirmation,P023,success
C0496,2026-08-09 10:55:00,product_discovery,P016,success
C0496,2026-08-09 10:59:00,product_view,P016,success
C0497,2026-08-02 08:13:00,product_discovery,P029,success
C0497,2026-08-02 08:18:00,product_view,P029,success
C0498,2026-08-08 13:35:00,product_discovery,P021,success
C0498,2026-08-08 13:36:00,product_view,P021,success
C0499,2026-08-07 13:53:00,product_discovery,P004,success
C0499,2026-08-07 13:54:00,product_view,P004,success
C0500,2026-08-02 06:18:00,product_discovery,P003,success
C0500,2026-08-02 06:19:00,product_view,P003,success
C0500,2026-08-02 06:22:00,cart_add,P003,success
C0501,2026-08-01 10:12:00,product_discovery,P008,success
C0501,2026-08-01 10:16:00,product_view,P008,success
C0501,2026-08-01 10:23:00,cart_add,P008,success
C0501,2026-08-01 10:26:00,checkout_start,P008,success
C0501,2026-08-01 10:32:00,payment_attempt,P008,success
C0501,2026-08-01 10:33:00,payment_success,P008,success
C0501,2026-08-01 10:36:00,order_confirmation,P008,success
C0502,2026-08-02 12:14:00,product_discovery,P026,success
C0502,2026-08-02 12:19:00,product_view,P026,success
C0503,2026-08-07 13:36:00,product_discovery,P031,success
C0503,2026-08-07 13:39:00,product_view,P031,success
C0504,2026-08-01 19:09:00,product_discovery,P006,success
C0505,2026-08-17 04:17:00,product_discovery,P009,success
C0505,2026-08-17 04:21:00,product_view,P009,success
C0506,2026-08-18 16:10:00,product_discovery,P025,success
C0506,2026-08-18 16:13:00,product_view,P025,success
C0506,2026-08-18 16:17:00,cart_add,P025,success
C0506,2026-08-18 16:22:00,checkout_start,P025,success
C0506,2026-08-18 16:25:00,payment_attempt,P025,success
C0506,2026-08-18 16:29:00,payment_success,P025,success
C0506,2026-08-18 16:30:00,order_confirmation,P025,success
C0507,2026-08-11 19:31:00,product_discovery,P015,success
C0507,2026-08-11 19:35:00,product_view,P015,success
C0508,2026-08-11 06:21:00,product_discovery,P036,success
C0509,2026-08-21 06:36:00,product_discovery,P031,success
C0509,2026-08-21 06:39:00,product_view,P031,success
C0509,2026-08-21 06:45:00,cart_add,P031,success
C0509,2026-08-21 06:55:00,checkout_start,P031,success
C0509,2026-08-21 06:56:00,payment_attempt,P031,success
C0509,2026-08-21 06:58:00,payment_success,P031,success
C0509,2026-08-21 06:59:00,order_confirmation,P031,success
C0510,2026-08-17 21:34:00,product_discovery,P012,success
C0510,2026-08-17 21:36:00,product_view,P012,success
C0511,2026-08-12 01:05:00,product_discovery,P003,success
C0511,2026-08-12 01:08:00,product_view,P003,success
C0512,2026-08-10 19:35:00,product_discovery,P002,success
C0512,2026-08-10 19:39:00,product_view,P002,success
C0513,2026-08-14 06:47:00,product_discovery,P007,success
C0513,2026-08-14 06:49:00,product_view,P007,success
C0513,2026-08-14 06:53:00,cart_add,P007,success
C0514,2026-08-07 05:06:00,product_discovery,P018,success
C0514,2026-08-07 05:11:00,product_view,P018,success
C0514,2026-08-07 05:20:00,cart_add,P018,success
C0515,2026-08-15 21:35:00,product_discovery,P039,success
C0515,2026-08-15 21:36:00,product_view,P039,success
C0516,2026-08-17 14:53:00,product_discovery,P012,success
C0516,2026-08-17 14:57:00,product_view,P012,success
C0517,2026-08-06 02:15:00,product_discovery,P010,success
C0517,2026-08-06 02:16:00,product_view,P010,success
C0517,2026-08-06 02:24:00,cart_add,P010,success
C0518,2026-08-14 17:35:00,product_discovery,P008,success
C0518,2026-08-14 17:36:00,product_view,P008,success
C0518,2026-08-14 17:39:00,cart_add,P008,success
C0519,2026-08-13 08:13:00,product_discovery,P033,success
C0519,2026-08-13 08:16:00,product_view,P033,success
C0519,2026-08-13 08:23:00,cart_add,P033,success
C0519,2026-08-13 08:31:00,checkout_start,P033,success
C0519,2026-08-13 08:33:00,payment_attempt,P033,success
C0519,2026-08-13 08:35:00,payment_success,P033,success
C0519,2026-08-13 08:36:00,order_confirmation,P033,success
C0520,2026-08-15 12:24:00,product_discovery,P033,success
C0520,2026-08-15 12:26:00,product_view,P033,success
C0520,2026-08-15 12:34:00,cart_add,P033,success
C0521,2026-08-11 21:01:00,product_discovery,P004,success
C0521,2026-08-11 21:06:00,product_view,P004,success
C0521,2026-08-11 21:12:00,cart_add,P004,success
C0522,2026-08-13 08:43:00,product_discovery,P036,success
C0522,2026-08-13 08:47:00,product_view,P036,success
C0522,2026-08-13 08:52:00,cart_add,P036,success
C0522,2026-08-13 08:57:00,checkout_start,P036,success
C0522,2026-08-13 08:58:00,payment_attempt,P036,success
C0522,2026-08-13 08:59:00,payment_failure,P036,failed
C0523,2026-08-18 11:09:00,product_discovery,P034,success
C0523,2026-08-18 11:11:00,product_view,P034,success
C0523,2026-08-18 11:14:00,cart_add,P034,success
C0524,2026-08-18 23:11:00,product_discovery,P039,success
C0524,2026-08-18 23:16:00,product_view,P039,success
C0525,2026-08-18 11:06:00,product_discovery,P030,success
C0525,2026-08-18 11:11:00,product_view,P030,success
C0526,2026-08-16 17:32:00,product_discovery,P007,success
C0526,2026-08-16 17:37:00,product_view,P007,success
C0527,2026-08-02 15:22:00,product_discovery,P021,success
C0527,2026-08-02 15:25:00,product_view,P021,success
C0527,2026-08-02 15:33:00,cart_add,P021,success
C0527,2026-08-02 15:39:00,checkout_start,P021,success
C0527,2026-08-02 15:41:00,payment_attempt,P021,success
C0527,2026-08-02 15:45:00,payment_failure,P021,failed
C0528,2026-08-11 18:40:00,product_discovery,P034,success
C0528,2026-08-11 18:44:00,product_view,P034,success
C0528,2026-08-11 18:47:00,cart_add,P034,success
C0528,2026-08-11 18:56:00,checkout_start,P034,success
C0528,2026-08-11 18:58:00,payment_attempt,P034,success
C0528,2026-08-11 19:02:00,payment_success,P034,success
C0528,2026-08-11 19:03:00,order_confirmation,P034,success
C0529,2026-08-10 17:38:00,product_discovery,P004,success
C0529,2026-08-10 17:39:00,product_view,P004,success
C0529,2026-08-10 17:48:00,cart_add,P004,success
C0529,2026-08-10 18:02:00,checkout_start,P004,success
C0529,2026-08-10 18:08:00,payment_attempt,P004,success
C0529,2026-08-10 18:09:00,payment_success,P004,success
C0529,2026-08-10 18:11:00,order_confirmation,P004,success
C0530,2026-08-03 06:36:00,product_discovery,P021,success
C0530,2026-08-03 06:39:00,product_view,P021,success
C0531,2026-08-19 11:38:00,product_discovery,P034,success
C0531,2026-08-19 11:43:00,product_view,P034,success
C0531,2026-08-19 11:45:00,cart_add,P034,success
C0532,2026-08-20 17:13:00,product_discovery,P014,success
C0532,2026-08-20 17:14:00,product_view,P014,success
C0533,2026-08-18 22:27:00,product_discovery,P031,success
C0533,2026-08-18 22:31:00,product_view,P031,success
C0533,2026-08-18 22:38:00,cart_add,P031,success
C0533,2026-08-18 22:51:00,checkout_start,P031,success
C0533,2026-08-18 22:53:00,payment_attempt,P031,success
C0533,2026-08-18 22:58:00,payment_failure,P031,failed
C0534,2026-08-02 16:46:00,product_discovery,P016,success
C0534,2026-08-02 16:49:00,product_view,P016,success
C0535,2026-08-20 10:23:00,product_discovery,P013,success
C0535,2026-08-20 10:25:00,product_view,P013,success
C0536,2026-08-10 10:57:00,product_discovery,P034,success
C0536,2026-08-10 10:58:00,product_view,P034,success
C0537,2026-08-06 23:21:00,product_discovery,P020,success
C0537,2026-08-06 23:26:00,product_view,P020,success
C0538,2026-08-18 13:59:00,product_discovery,P013,success
C0539,2026-08-21 02:11:00,product_discovery,P036,success
C0539,2026-08-21 02:16:00,product_view,P036,success
C0540,2026-08-09 02:07:00,product_discovery,P033,success
C0541,2026-08-01 12:16:00,product_discovery,P017,success
C0541,2026-08-01 12:17:00,product_view,P017,success
C0542,2026-08-07 17:38:00,product_discovery,P039,success
C0542,2026-08-07 17:41:00,product_view,P039,success
C0543,2026-08-14 10:32:00,product_discovery,P029,success
C0544,2026-08-09 14:42:00,product_discovery,P026,success
C0544,2026-08-09 14:43:00,product_view,P026,success
C0544,2026-08-09 14:51:00,cart_add,P026,success
C0545,2026-08-19 07:36:00,product_discovery,P024,success
C0545,2026-08-19 07:39:00,product_view,P024,success
C0546,2026-08-15 12:36:00,product_discovery,P029,success
C0546,2026-08-15 12:41:00,product_view,P029,success
C0546,2026-08-15 12:43:00,cart_add,P029,success
C0547,2026-08-02 11:52:00,product_discovery,P003,success
C0547,2026-08-02 11:57:00,product_view,P003,success
C0548,2026-08-08 17:51:00,product_discovery,P037,success
C0548,2026-08-08 17:55:00,product_view,P037,success
C0549,2026-08-06 17:52:00,product_discovery,P040,success
C0549,2026-08-06 17:53:00,product_view,P040,success
C0550,2026-08-02 08:25:00,product_discovery,P028,success
C0550,2026-08-02 08:28:00,product_view,P028,success
C0551,2026-08-09 03:26:00,product_discovery,P008,success
C0552,2026-08-14 05:18:00,product_discovery,P007,success
C0553,2026-08-18 08:02:00,product_discovery,P005,success
C0553,2026-08-18 08:06:00,product_view,P005,success
C0553,2026-08-18 08:12:00,cart_add,P005,success
C0553,2026-08-18 08:23:00,checkout_start,P005,success
C0553,2026-08-18 08:30:00,payment_attempt,P005,success
C0553,2026-08-18 08:32:00,payment_success,P005,success
C0553,2026-08-18 08:35:00,order_confirmation,P005,success
C0554,2026-08-14 02:25:00,product_discovery,P006,success
C0554,2026-08-14 02:27:00,product_view,P006,success
C0554,2026-08-14 02:34:00,cart_add,P006,success
C0555,2026-08-02 05:22:00,product_discovery,P001,success
C0555,2026-08-02 05:24:00,product_view,P001,success
C0555,2026-08-02 05:25:00,cart_add,P001,success
C0556,2026-08-02 14:46:00,product_discovery,P007,success
C0556,2026-08-02 14:48:00,product_view,P007,success
C0557,2026-08-03 13:17:00,product_discovery,P040,success
C0557,2026-08-03 13:20:00,product_view,P040,success
C0557,2026-08-03 13:24:00,cart_add,P040,success
C0557,2026-08-03 13:28:00,checkout_start,P040,success
C0557,2026-08-03 13:32:00,payment_attempt,P040,success
C0557,2026-08-03 13:35:00,payment_success,P040,success
C0557,2026-08-03 13:37:00,order_confirmation,P040,success
C0558,2026-08-03 18:55:00,product_discovery,P015,success
C0558,2026-08-03 19:00:00,product_view,P015,success
C0558,2026-08-03 19:02:00,cart_add,P015,success
C0559,2026-08-01 16:54:00,product_discovery,P039,success
C0559,2026-08-01 16:56:00,product_view,P039,success
C0560,2026-08-12 04:49:00,product_discovery,P029,success
C0560,2026-08-12 04:50:00,product_view,P029,success
C0561,2026-08-11 00:35:00,product_discovery,P005,success
C0561,2026-08-11 00:37:00,product_view,P005,success
C0562,2026-08-18 13:50:00,product_discovery,P007,success
C0562,2026-08-18 13:55:00,product_view,P007,success
C0563,2026-08-19 08:31:00,product_discovery,P033,success
C0563,2026-08-19 08:35:00,product_view,P033,success
C0564,2026-08-07 03:21:00,product_discovery,P033,success
C0565,2026-08-10 00:42:00,product_discovery,P016,success
C0565,2026-08-10 00:47:00,product_view,P016,success
C0565,2026-08-10 00:49:00,cart_add,P016,success
C0565,2026-08-10 00:57:00,checkout_start,P016,success
C0565,2026-08-10 00:59:00,payment_attempt,P016,success
C0565,2026-08-10 01:04:00,payment_success,P016,success
C0565,2026-08-10 01:05:00,order_confirmation,P016,success
C0566,2026-08-03 10:57:00,product_discovery,P012,success
C0566,2026-08-03 11:00:00,product_view,P012,success
C0567,2026-08-16 14:44:00,product_discovery,P011,success
C0567,2026-08-16 14:46:00,product_view,P011,success
C0568,2026-08-08 12:37:00,product_discovery,P014,success
C0568,2026-08-08 12:42:00,product_view,P014,success
C0568,2026-08-08 12:48:00,cart_add,P014,success
C0568,2026-08-08 12:49:00,checkout_start,P014,success
C0568,2026-08-08 12:54:00,payment_attempt,P014,success
C0568,2026-08-08 12:58:00,payment_success,P014,success
C0568,2026-08-08 12:59:00,order_confirmation,P014,success
C0569,2026-08-05 22:09:00,product_discovery,P020,success
C0569,2026-08-05 22:14:00,product_view,P020,success
C0570,2026-08-06 20:17:00,product_discovery,P009,success
C0570,2026-08-06 20:20:00,product_view,P009,success
C0571,2026-08-05 21:40:00,product_discovery,P026,success
C0571,2026-08-05 21:41:00,product_view,P026,success
C0572,2026-08-04 02:35:00,product_discovery,P006,success
C0572,2026-08-04 02:38:00,product_view,P006,success
C0572,2026-08-04 02:45:00,cart_add,P006,success
C0572,2026-08-04 02:52:00,checkout_start,P006,success
C0573,2026-08-11 07:24:00,product_discovery,P019,success
C0573,2026-08-11 07:26:00,product_view,P019,success
C0574,2026-08-21 01:21:00,product_discovery,P034,success
C0574,2026-08-21 01:22:00,product_view,P034,success
C0574,2026-08-21 01:25:00,cart_add,P034,success
C0575,2026-08-09 18:22:00,product_discovery,P024,success
C0575,2026-08-09 18:26:00,product_view,P024,success
C0575,2026-08-09 18:33:00,cart_add,P024,success
C0575,2026-08-09 18:35:00,checkout_start,P024,success
C0575,2026-08-09 18:40:00,payment_attempt,P024,success
C0575,2026-08-09 18:45:00,payment_success,P024,success
C0575,2026-08-09 18:48:00,order_confirmation,P024,success
C0576,2026-08-18 05:15:00,product_discovery,P003,success
C0576,2026-08-18 05:17:00,product_view,P003,success
C0577,2026-08-21 02:48:00,product_discovery,P011,success
C0577,2026-08-21 02:52:00,product_view,P011,success
C0578,2026-08-16 10:12:00,product_discovery,P008,success
C0578,2026-08-16 10:14:00,product_view,P008,success
C0579,2026-08-17 02:32:00,product_discovery,P009,success
C0579,2026-08-17 02:37:00,product_view,P009,success
C0579,2026-08-17 02:45:00,cart_add,P009,success
C0579,2026-08-17 02:58:00,checkout_start,P009,success
C0579,2026-08-17 03:03:00,payment_attempt,P009,success
C0579,2026-08-17 03:07:00,payment_success,P009,success
C0579,2026-08-17 03:09:00,order_confirmation,P009,success
C0580,2026-08-02 08:01:00,product_discovery,P009,success
C0580,2026-08-02 08:04:00,product_view,P009,success
C0580,2026-08-02 08:10:00,cart_add,P009,success
C0580,2026-08-02 08:21:00,checkout_start,P009,success
C0580,2026-08-02 08:27:00,payment_attempt,P009,success
C0580,2026-08-02 08:32:00,payment_success,P009,success
C0580,2026-08-02 08:35:00,order_confirmation,P009,success
C0581,2026-08-19 21:44:00,product_discovery,P033,success
C0581,2026-08-19 21:46:00,product_view,P033,success
C0582,2026-08-03 11:21:00,product_discovery,P025,success
C0582,2026-08-03 11:26:00,product_view,P025,success
C0583,2026-08-20 06:53:00,product_discovery,P012,success
C0583,2026-08-20 06:58:00,product_view,P012,success
C0583,2026-08-20 07:01:00,cart_add,P012,success
C0583,2026-08-20 07:04:00,checkout_start,P012,success
C0584,2026-08-08 07:19:00,product_discovery,P007,success
C0584,2026-08-08 07:21:00,product_view,P007,success
C0585,2026-08-18 17:51:00,product_discovery,P030,success
C0586,2026-08-01 10:24:00,product_discovery,P016,success
C0586,2026-08-01 10:28:00,product_view,P016,success
C0587,2026-08-09 12:14:00,product_discovery,P021,success
C0587,2026-08-09 12:16:00,product_view,P021,success
C0588,2026-08-17 07:26:00,product_discovery,P001,success
C0588,2026-08-17 07:27:00,product_view,P001,success
C0589,2026-08-09 00:37:00,product_discovery,P004,success
C0589,2026-08-09 00:42:00,product_view,P004,success
C0589,2026-08-09 00:49:00,cart_add,P004,success
C0589,2026-08-09 00:59:00,checkout_start,P004,success
C0589,2026-08-09 01:04:00,payment_attempt,P004,success
C0589,2026-08-09 01:09:00,payment_success,P004,success
C0589,2026-08-09 01:11:00,order_confirmation,P004,success
C0590,2026-08-03 19:29:00,product_discovery,P021,success
C0590,2026-08-03 19:34:00,product_view,P021,success
C0591,2026-08-15 19:43:00,product_discovery,P040,success
C0591,2026-08-15 19:46:00,product_view,P040,success
C0592,2026-08-03 07:22:00,product_discovery,P018,success
C0592,2026-08-03 07:25:00,product_view,P018,success
C0593,2026-08-11 13:52:00,product_discovery,P032,success
C0593,2026-08-11 13:53:00,product_view,P032,success
C0593,2026-08-11 14:01:00,cart_add,P032,success
C0593,2026-08-11 14:12:00,checkout_start,P032,success
C0593,2026-08-11 14:13:00,payment_attempt,P032,success
C0593,2026-08-11 14:15:00,payment_success,P032,success
C0593,2026-08-11 14:17:00,order_confirmation,P032,success
C0594,2026-08-12 01:23:00,product_discovery,P025,success
C0594,2026-08-12 01:24:00,product_view,P025,success
C0595,2026-08-11 23:09:00,product_discovery,P020,success
C0595,2026-08-11 23:14:00,product_view,P020,success
C0595,2026-08-11 23:20:00,cart_add,P020,success
C0596,2026-08-02 16:31:00,product_discovery,P002,success
C0596,2026-08-02 16:36:00,product_view,P002,success
C0596,2026-08-02 16:38:00,cart_add,P002,success
C0597,2026-08-18 12:49:00,product_discovery,P002,success
C0598,2026-08-07 06:54:00,product_discovery,P014,success
C0598,2026-08-07 06:58:00,product_view,P014,success
C0598,2026-08-07 07:08:00,cart_add,P014,success
C0599,2026-08-06 12:11:00,product_discovery,P019,success
C0599,2026-08-06 12:12:00,product_view,P019,success
C0600,2026-08-05 10:28:00,product_discovery,P019,success
C0600,2026-08-05 10:30:00,product_view,P019,success
C0601,2026-08-10 14:00:00,product_discovery,P005,success
C0601,2026-08-10 14:02:00,product_view,P005,success
C0601,2026-08-10 14:04:00,cart_add,P005,success
C0601,2026-08-10 14:17:00,checkout_start,P005,success
C0601,2026-08-10 14:25:00,payment_attempt,P005,success
C0601,2026-08-10 14:27:00,payment_failure,P005,failed
C0602,2026-08-19 17:06:00,product_discovery,P035,success
C0602,2026-08-19 17:08:00,product_view,P035,success
C0602,2026-08-19 17:18:00,cart_add,P035,success
C0602,2026-08-19 17:27:00,checkout_start,P035,success
C0602,2026-08-19 17:34:00,payment_attempt,P035,success
C0602,2026-08-19 17:35:00,payment_success,P035,success
C0602,2026-08-19 17:37:00,order_confirmation,P035,success
C0603,2026-08-19 09:05:00,product_discovery,P001,success
C0603,2026-08-19 09:07:00,product_view,P001,success
C0604,2026-08-01 11:04:00,product_discovery,P010,success
C0604,2026-08-01 11:05:00,product_view,P010,success
C0604,2026-08-01 11:10:00,cart_add,P010,success
C0605,2026-08-19 21:21:00,product_discovery,P028,success
C0605,2026-08-19 21:25:00,product_view,P028,success
C0606,2026-08-13 04:31:00,product_discovery,P025,success
C0606,2026-08-13 04:34:00,product_view,P025,success
C0606,2026-08-13 04:42:00,cart_add,P025,success
C0607,2026-08-16 00:34:00,product_discovery,P006,success
C0607,2026-08-16 00:35:00,product_view,P006,success
C0607,2026-08-16 00:37:00,cart_add,P006,success
C0607,2026-08-16 00:41:00,checkout_start,P006,success
C0607,2026-08-16 00:49:00,payment_attempt,P006,success
C0607,2026-08-16 00:50:00,payment_success,P006,success
C0607,2026-08-16 00:53:00,order_confirmation,P006,success
C0608,2026-08-13 13:13:00,product_discovery,P013,success
C0608,2026-08-13 13:18:00,product_view,P013,success
C0609,2026-08-16 12:58:00,product_discovery,P023,success
C0609,2026-08-16 13:01:00,product_view,P023,success
C0610,2026-08-07 04:49:00,product_discovery,P028,success
C0610,2026-08-07 04:52:00,product_view,P028,success
C0611,2026-08-07 19:42:00,product_discovery,P012,success
C0611,2026-08-07 19:43:00,product_view,P012,success
C0612,2026-08-19 23:44:00,product_discovery,P018,success
C0612,2026-08-19 23:45:00,product_view,P018,success
C0613,2026-08-09 06:24:00,product_discovery,P040,success
C0613,2026-08-09 06:27:00,product_view,P040,success
C0613,2026-08-09 06:30:00,cart_add,P040,success
C0614,2026-08-19 15:26:00,product_discovery,P010,success
C0614,2026-08-19 15:29:00,product_view,P010,success
C0614,2026-08-19 15:37:00,cart_add,P010,success
C0614,2026-08-19 15:48:00,checkout_start,P010,success
C0614,2026-08-19 15:56:00,payment_attempt,P010,success
C0614,2026-08-19 15:57:00,payment_success,P010,success
C0614,2026-08-19 15:59:00,order_confirmation,P010,success
C0615,2026-08-04 20:27:00,product_discovery,P005,success
C0615,2026-08-04 20:29:00,product_view,P005,success
C0616,2026-08-04 05:45:00,product_discovery,P029,success
C0616,2026-08-04 05:46:00,product_view,P029,success
C0617,2026-08-09 08:24:00,product_discovery,P029,success
C0617,2026-08-09 08:25:00,product_view,P029,success
C0618,2026-08-05 08:58:00,product_discovery,P002,success
C0618,2026-08-05 09:00:00,product_view,P002,success
C0618,2026-08-05 09:07:00,cart_add,P002,success
C0618,2026-08-05 09:16:00,checkout_start,P002,success
C0618,2026-08-05 09:20:00,payment_attempt,P002,success
C0618,2026-08-05 09:23:00,payment_success,P002,success
C0618,2026-08-05 09:26:00,order_confirmation,P002,success
C0619,2026-08-05 21:54:00,product_discovery,P015,success
C0619,2026-08-05 21:56:00,product_view,P015,success
C0619,2026-08-05 21:58:00,cart_add,P015,success
C0619,2026-08-05 22:05:00,checkout_start,P015,success
C0619,2026-08-05 22:06:00,payment_attempt,P015,success
C0619,2026-08-05 22:11:00,payment_failure,P015,failed
C0620,2026-08-14 20:14:00,product_discovery,P028,success
C0620,2026-08-14 20:15:00,product_view,P028,success
C0621,2026-08-20 23:22:00,product_discovery,P016,success
C0621,2026-08-20 23:26:00,product_view,P016,success
C0621,2026-08-20 23:36:00,cart_add,P016,success
C0622,2026-08-06 13:13:00,product_discovery,P037,success
C0622,2026-08-06 13:17:00,product_view,P037,success
C0623,2026-08-14 18:56:00,product_discovery,P038,success
C0623,2026-08-14 18:59:00,product_view,P038,success
C0624,2026-08-12 22:27:00,product_discovery,P021,success
C0624,2026-08-12 22:28:00,product_view,P021,success
C0625,2026-08-04 22:20:00,product_discovery,P021,success
C0625,2026-08-04 22:24:00,product_view,P021,success
C0626,2026-08-18 09:10:00,product_discovery,P020,success
C0626,2026-08-18 09:14:00,product_view,P020,success
C0627,2026-08-20 06:31:00,product_discovery,P037,success
C0627,2026-08-20 06:32:00,product_view,P037,success
C0627,2026-08-20 06:39:00,cart_add,P037,success
C0628,2026-08-12 00:30:00,product_discovery,P020,success
C0628,2026-08-12 00:34:00,product_view,P020,success
C0629,2026-08-10 20:33:00,product_discovery,P009,success
C0629,2026-08-10 20:36:00,product_view,P009,success
C0629,2026-08-10 20:39:00,cart_add,P009,success
C0629,2026-08-10 20:53:00,checkout_start,P009,success
C0629,2026-08-10 20:54:00,payment_attempt,P009,success
C0629,2026-08-10 20:58:00,payment_success,P009,success
C0629,2026-08-10 21:01:00,order_confirmation,P009,success
C0630,2026-08-02 15:40:00,product_discovery,P026,success
C0630,2026-08-02 15:41:00,product_view,P026,success
C0631,2026-08-04 13:12:00,product_discovery,P031,success
C0631,2026-08-04 13:13:00,product_view,P031,success
C0632,2026-08-13 22:46:00,product_discovery,P014,success
C0632,2026-08-13 22:50:00,product_view,P014,success
C0633,2026-08-18 18:09:00,product_discovery,P020,success
C0634,2026-08-02 14:59:00,product_discovery,P018,success
C0634,2026-08-02 15:02:00,product_view,P018,success
C0634,2026-08-02 15:10:00,cart_add,P018,success
C0634,2026-08-02 15:19:00,checkout_start,P018,success
C0635,2026-08-08 12:39:00,product_discovery,P010,success
C0636,2026-08-09 08:32:00,product_discovery,P018,success
C0636,2026-08-09 08:35:00,product_view,P018,success
C0637,2026-08-01 08:57:00,product_discovery,P029,success
C0637,2026-08-01 09:01:00,product_view,P029,success
C0637,2026-08-01 09:04:00,cart_add,P029,success
C0638,2026-08-09 16:07:00,product_discovery,P019,success
C0638,2026-08-09 16:12:00,product_view,P019,success
C0639,2026-08-08 02:20:00,product_discovery,P001,success
C0640,2026-08-15 02:24:00,product_discovery,P031,success
C0640,2026-08-15 02:29:00,product_view,P031,success
C0641,2026-08-07 14:19:00,product_discovery,P014,success
C0641,2026-08-07 14:20:00,product_view,P014,success
C0642,2026-08-11 13:37:00,product_discovery,P015,success
C0642,2026-08-11 13:42:00,product_view,P015,success
C0643,2026-08-04 10:07:00,product_discovery,P032,success
C0643,2026-08-04 10:08:00,product_view,P032,success
C0643,2026-08-04 10:09:00,cart_add,P032,success
C0644,2026-08-01 10:22:00,product_discovery,P009,success
C0644,2026-08-01 10:24:00,product_view,P009,success
C0645,2026-08-18 13:18:00,product_discovery,P035,success
C0645,2026-08-18 13:23:00,product_view,P035,success
C0645,2026-08-18 13:32:00,cart_add,P035,success
C0645,2026-08-18 13:43:00,checkout_start,P035,success
C0645,2026-08-18 13:48:00,payment_attempt,P035,success
C0645,2026-08-18 13:53:00,payment_success,P035,success
C0645,2026-08-18 13:56:00,order_confirmation,P035,success
C0646,2026-08-04 03:21:00,product_discovery,P011,success
C0646,2026-08-04 03:22:00,product_view,P011,success
C0646,2026-08-04 03:28:00,cart_add,P011,success
C0646,2026-08-04 03:42:00,checkout_start,P011,success
C0646,2026-08-04 03:46:00,payment_attempt,P011,success
C0646,2026-08-04 03:50:00,payment_success,P011,success
C0646,2026-08-04 03:52:00,order_confirmation,P011,success
C0647,2026-08-20 00:33:00,product_discovery,P035,success
C0647,2026-08-20 00:36:00,product_view,P035,success
C0647,2026-08-20 00:45:00,cart_add,P035,success
C0647,2026-08-20 00:52:00,checkout_start,P035,success
C0647,2026-08-20 00:58:00,payment_attempt,P035,success
C0647,2026-08-20 01:03:00,payment_success,P035,success
C0647,2026-08-20 01:04:00,order_confirmation,P035,success
C0648,2026-08-05 03:10:00,product_discovery,P015,success
C0648,2026-08-05 03:11:00,product_view,P015,success
C0648,2026-08-05 03:14:00,cart_add,P015,success
C0649,2026-08-17 05:34:00,product_discovery,P017,success
C0650,2026-08-14 19:46:00,product_discovery,P026,success
C0650,2026-08-14 19:49:00,product_view,P026,success
C0651,2026-08-12 20:45:00,product_discovery,P027,success
C0651,2026-08-12 20:50:00,product_view,P027,success
C0652,2026-08-20 05:30:00,product_discovery,P040,success
C0652,2026-08-20 05:31:00,product_view,P040,success
C0653,2026-08-05 07:47:00,product_discovery,P035,success
C0653,2026-08-05 07:49:00,product_view,P035,success
C0653,2026-08-05 07:54:00,cart_add,P035,success
C0654,2026-08-13 12:56:00,product_discovery,P012,success
C0654,2026-08-13 12:59:00,product_view,P012,success
C0655,2026-08-02 21:37:00,product_discovery,P008,success
C0655,2026-08-02 21:38:00,product_view,P008,success
C0656,2026-08-08 06:24:00,product_discovery,P003,success
C0656,2026-08-08 06:29:00,product_view,P003,success
C0656,2026-08-08 06:30:00,cart_add,P003,success
C0656,2026-08-08 06:42:00,checkout_start,P003,success
C0656,2026-08-08 06:48:00,payment_attempt,P003,success
C0656,2026-08-08 06:49:00,payment_success,P003,success
C0656,2026-08-08 06:52:00,order_confirmation,P003,success
C0657,2026-08-11 20:00:00,product_discovery,P036,success
C0658,2026-08-14 21:48:00,product_discovery,P028,success
C0658,2026-08-14 21:51:00,product_view,P028,success
C0659,2026-08-06 17:46:00,product_discovery,P009,success
C0659,2026-08-06 17:47:00,product_view,P009,success
C0660,2026-08-14 08:21:00,product_discovery,P003,success
C0661,2026-08-20 01:01:00,product_discovery,P034,success
C0661,2026-08-20 01:06:00,product_view,P034,success
C0662,2026-08-14 01:29:00,product_discovery,P014,success
C0662,2026-08-14 01:32:00,product_view,P014,success
C0662,2026-08-14 01:36:00,cart_add,P014,success
C0662,2026-08-14 01:44:00,checkout_start,P014,success
C0662,2026-08-14 01:50:00,payment_attempt,P014,success
C0662,2026-08-14 01:53:00,payment_success,P014,success
C0662,2026-08-14 01:55:00,order_confirmation,P014,success
C0663,2026-08-08 07:45:00,product_discovery,P038,success
C0663,2026-08-08 07:46:00,product_view,P038,success
C0664,2026-08-18 17:39:00,product_discovery,P032,success
C0664,2026-08-18 17:40:00,product_view,P032,success
C0665,2026-08-10 01:27:00,product_discovery,P029,success
C0665,2026-08-10 01:32:00,product_view,P029,success
C0666,2026-08-09 09:51:00,product_discovery,P010,success
C0666,2026-08-09 09:55:00,product_view,P010,success
C0666,2026-08-09 10:00:00,cart_add,P010,success
C0667,2026-08-13 06:24:00,product_discovery,P024,success
C0667,2026-08-13 06:27:00,product_view,P024,success
C0668,2026-08-02 06:39:00,product_discovery,P028,success
C0668,2026-08-02 06:43:00,product_view,P028,success
C0668,2026-08-02 06:46:00,cart_add,P028,success
C0669,2026-08-06 14:06:00,product_discovery,P034,success
C0669,2026-08-06 14:10:00,product_view,P034,success
C0670,2026-08-18 13:24:00,product_discovery,P037,success
C0670,2026-08-18 13:27:00,product_view,P037,success
C0670,2026-08-18 13:32:00,cart_add,P037,success
C0671,2026-08-17 07:45:00,product_discovery,P020,success
C0671,2026-08-17 07:47:00,product_view,P020,success
C0672,2026-08-17 02:44:00,product_discovery,P009,success
C0672,2026-08-17 02:46:00,product_view,P009,success
C0673,2026-08-14 06:03:00,product_discovery,P001,success
C0673,2026-08-14 06:08:00,product_view,P001,success
C0674,2026-08-12 08:00:00,product_discovery,P013,success
C0674,2026-08-12 08:02:00,product_view,P013,success
C0674,2026-08-12 08:11:00,cart_add,P013,success
C0674,2026-08-12 08:18:00,checkout_start,P013,success
C0674,2026-08-12 08:20:00,payment_attempt,P013,success
C0674,2026-08-12 08:23:00,payment_success,P013,success
C0674,2026-08-12 08:24:00,order_confirmation,P013,success
C0675,2026-08-14 11:15:00,product_discovery,P029,success
C0675,2026-08-14 11:19:00,product_view,P029,success
C0676,2026-08-08 10:11:00,product_discovery,P019,success
C0676,2026-08-08 10:15:00,product_view,P019,success
C0677,2026-08-14 21:30:00,product_discovery,P003,success
C0678,2026-08-07 18:58:00,product_discovery,P019,success
C0678,2026-08-07 19:02:00,product_view,P019,success
C0678,2026-08-07 19:12:00,cart_add,P019,success
C0678,2026-08-07 19:27:00,checkout_start,P019,success
C0679,2026-08-10 23:47:00,product_discovery,P001,success
C0679,2026-08-10 23:51:00,product_view,P001,success
C0680,2026-08-16 03:43:00,product_discovery,P009,success
C0680,2026-08-16 03:47:00,product_view,P009,success
C0680,2026-08-16 03:54:00,cart_add,P009,success
C0680,2026-08-16 03:59:00,checkout_start,P009,success
C0680,2026-08-16 04:03:00,payment_attempt,P009,success
C0680,2026-08-16 04:04:00,payment_success,P009,success
C0680,2026-08-16 04:05:00,order_confirmation,P009,success
C0681,2026-08-13 00:38:00,product_discovery,P019,success
C0681,2026-08-13 00:39:00,product_view,P019,success
C0681,2026-08-13 00:46:00,cart_add,P019,success
C0682,2026-08-06 03:35:00,product_discovery,P037,success
C0682,2026-08-06 03:39:00,product_view,P037,success
C0682,2026-08-06 03:46:00,cart_add,P037,success
C0683,2026-08-15 06:53:00,product_discovery,P029,success
C0683,2026-08-15 06:55:00,product_view,P029,success
C0684,2026-08-21 04:39:00,product_discovery,P002,success
C0684,2026-08-21 04:44:00,product_view,P002,success
C0684,2026-08-21 04:45:00,cart_add,P002,success
C0685,2026-08-11 06:10:00,product_discovery,P026,success
C0685,2026-08-11 06:13:00,product_view,P026,success
C0685,2026-08-11 06:19:00,cart_add,P026,success
C0685,2026-08-11 06:28:00,checkout_start,P026,success
C0685,2026-08-11 06:32:00,payment_attempt,P026,success
C0685,2026-08-11 06:35:00,payment_success,P026,success
C0685,2026-08-11 06:36:00,order_confirmation,P026,success
C0686,2026-08-18 03:08:00,product_discovery,P027,success
C0686,2026-08-18 03:12:00,product_view,P027,success
C0687,2026-08-16 07:19:00,product_discovery,P014,success
C0687,2026-08-16 07:22:00,product_view,P014,success
C0688,2026-08-07 23:57:00,product_discovery,P017,success
C0689,2026-08-14 17:47:00,product_discovery,P004,success
C0689,2026-08-14 17:50:00,product_view,P004,success
C0690,2026-08-13 07:16:00,product_discovery,P003,success
C0690,2026-08-13 07:20:00,product_view,P003,success
C0690,2026-08-13 07:27:00,cart_add,P003,success
C0691,2026-08-21 06:24:00,product_discovery,P004,success
C0691,2026-08-21 06:28:00,product_view,P004,success
C0692,2026-08-16 15:12:00,product_discovery,P025,success
C0692,2026-08-16 15:14:00,product_view,P025,success
C0692,2026-08-16 15:20:00,cart_add,P025,success
C0692,2026-08-16 15:28:00,checkout_start,P025,success
C0692,2026-08-16 15:32:00,payment_attempt,P025,success
C0692,2026-08-16 15:36:00,payment_success,P025,success
C0692,2026-08-16 15:39:00,order_confirmation,P025,success
C0693,2026-08-20 02:31:00,product_discovery,P040,success
C0693,2026-08-20 02:35:00,product_view,P040,success
C0694,2026-08-11 17:59:00,product_discovery,P016,success
C0694,2026-08-11 18:01:00,product_view,P016,success
C0695,2026-08-06 00:29:00,product_discovery,P004,success
C0695,2026-08-06 00:33:00,product_view,P004,success
C0695,2026-08-06 00:38:00,cart_add,P004,success
C0695,2026-08-06 00:44:00,checkout_start,P004,success
C0695,2026-08-06 00:48:00,payment_attempt,P004,success
C0695,2026-08-06 00:49:00,payment_success,P004,success
C0695,2026-08-06 00:51:00,order_confirmation,P004,success
C0696,2026-08-16 03:40:00,product_discovery,P036,success
C0696,2026-08-16 03:43:00,product_view,P036,success
C0697,2026-08-20 18:39:00,product_discovery,P014,success
C0697,2026-08-20 18:44:00,product_view,P014,success
C0698,2026-08-16 15:19:00,product_discovery,P011,success
C0698,2026-08-16 15:24:00,product_view,P011,success
C0699,2026-08-20 17:59:00,product_discovery,P031,success
C0699,2026-08-20 18:04:00,product_view,P031,success
C0699,2026-08-20 18:05:00,cart_add,P031,success
C0700,2026-08-14 14:31:00,product_discovery,P006,success
C0700,2026-08-14 14:34:00,product_view,P006,success
C0701,2026-08-19 08:46:00,product_discovery,P019,success
C0701,2026-08-19 08:48:00,product_view,P019,success
C0701,2026-08-19 08:53:00,cart_add,P019,success
C0701,2026-08-19 09:00:00,checkout_start,P019,success
C0701,2026-08-19 09:07:00,payment_attempt,P019,success
C0701,2026-08-19 09:11:00,payment_success,P019,success
C0701,2026-08-19 09:12:00,order_confirmation,P019,success
C0702,2026-08-16 13:29:00,product_discovery,P025,success
C0702,2026-08-16 13:33:00,product_view,P025,success
C0703,2026-08-13 23:31:00,product_discovery,P022,success
C0703,2026-08-13 23:36:00,product_view,P022,success
C0703,2026-08-13 23:43:00,cart_add,P022,success
C0703,2026-08-13 23:57:00,checkout_start,P022,success
C0703,2026-08-14 00:04:00,payment_attempt,P022,success
C0703,2026-08-14 00:07:00,payment_success,P022,success
C0703,2026-08-14 00:09:00,order_confirmation,P022,success
C0704,2026-08-07 11:21:00,product_discovery,P006,success
C0704,2026-08-07 11:26:00,product_view,P006,success
C0705,2026-08-15 11:44:00,product_discovery,P026,success
C0706,2026-08-10 06:37:00,product_discovery,P034,success
C0706,2026-08-10 06:38:00,product_view,P034,success
C0707,2026-08-14 02:35:00,product_discovery,P026,success
C0707,2026-08-14 02:38:00,product_view,P026,success
C0708,2026-08-03 05:30:00,product_discovery,P036,success
C0709,2026-08-13 18:08:00,product_discovery,P028,success
C0709,2026-08-13 18:12:00,product_view,P028,success
C0710,2026-08-13 09:21:00,product_discovery,P007,success
C0711,2026-08-20 22:12:00,product_discovery,P039,success
C0711,2026-08-20 22:14:00,product_view,P039,success
C0712,2026-08-16 21:49:00,product_discovery,P029,success
C0713,2026-08-13 16:05:00,product_discovery,P033,success
C0713,2026-08-13 16:06:00,product_view,P033,success
C0714,2026-08-02 10:32:00,product_discovery,P024,success
C0714,2026-08-02 10:37:00,product_view,P024,success
C0715,2026-08-11 05:36:00,product_discovery,P035,success
C0715,2026-08-11 05:37:00,product_view,P035,success
C0715,2026-08-11 05:46:00,cart_add,P035,success
C0716,2026-08-14 06:28:00,product_discovery,P009,success
C0716,2026-08-14 06:33:00,product_view,P009,success
C0717,2026-08-13 12:58:00,product_discovery,P025,success
C0717,2026-08-13 13:03:00,product_view,P025,success
C0718,2026-08-05 09:55:00,product_discovery,P031,success
C0718,2026-08-05 09:59:00,product_view,P031,success
C0718,2026-08-05 10:08:00,cart_add,P031,success
C0718,2026-08-05 10:11:00,checkout_start,P031,success
C0718,2026-08-05 10:14:00,payment_attempt,P031,success
C0718,2026-08-05 10:18:00,payment_failure,P031,failed
C0719,2026-08-16 12:51:00,product_discovery,P038,success
C0719,2026-08-16 12:55:00,product_view,P038,success
C0719,2026-08-16 13:03:00,cart_add,P038,success
C0720,2026-08-12 08:41:00,product_discovery,P029,success
C0720,2026-08-12 08:45:00,product_view,P029,success
C0720,2026-08-12 08:47:00,cart_add,P029,success
C0721,2026-08-19 16:24:00,product_discovery,P030,success
C0721,2026-08-19 16:25:00,product_view,P030,success
C0722,2026-08-02 23:08:00,product_discovery,P008,success
C0722,2026-08-02 23:12:00,product_view,P008,success
C0723,2026-08-12 07:17:00,product_discovery,P007,success
C0723,2026-08-12 07:18:00,product_view,P007,success
C0723,2026-08-12 07:24:00,cart_add,P007,success
C0724,2026-08-02 09:31:00,product_discovery,P016,success
C0724,2026-08-02 09:36:00,product_view,P016,success
C0725,2026-08-19 03:11:00,product_discovery,P027,success
C0726,2026-08-08 13:36:00,product_discovery,P036,success
C0726,2026-08-08 13:41:00,product_view,P036,success
C0726,2026-08-08 13:45:00,cart_add,P036,success
C0727,2026-08-06 23:52:00,product_discovery,P037,success
C0727,2026-08-06 23:55:00,product_view,P037,success
C0728,2026-08-10 08:23:00,product_discovery,P034,success
C0728,2026-08-10 08:25:00,product_view,P034,success
C0729,2026-08-17 00:08:00,product_discovery,P028,success
C0729,2026-08-17 00:09:00,product_view,P028,success
C0729,2026-08-17 00:16:00,cart_add,P028,success
C0730,2026-08-10 16:41:00,product_discovery,P031,success
C0730,2026-08-10 16:43:00,product_view,P031,success
C0730,2026-08-10 16:45:00,cart_add,P031,success
C0731,2026-08-07 18:50:00,product_discovery,P007,success
C0731,2026-08-07 18:51:00,product_view,P007,success
C0732,2026-08-14 09:39:00,product_discovery,P014,success
C0733,2026-08-09 12:45:00,product_discovery,P040,success
C0734,2026-08-07 09:10:00,product_discovery,P017,success
C0734,2026-08-07 09:13:00,product_view,P017,success
C0735,2026-08-05 16:54:00,product_discovery,P002,success
C0735,2026-08-05 16:57:00,product_view,P002,success
C0735,2026-08-05 17:01:00,cart_add,P002,success
C0736,2026-08-03 18:37:00,product_discovery,P021,success
C0736,2026-08-03 18:42:00,product_view,P021,success
C0736,2026-08-03 18:46:00,cart_add,P021,success
C0736,2026-08-03 18:57:00,checkout_start,P021,success
C0736,2026-08-03 19:01:00,payment_attempt,P021,success
C0736,2026-08-03 19:04:00,payment_success,P021,success
C0736,2026-08-03 19:06:00,order_confirmation,P021,success
C0737,2026-08-05 11:25:00,product_discovery,P017,success
C0738,2026-08-05 13:33:00,product_discovery,P003,success
C0739,2026-08-16 11:16:00,product_discovery,P024,success
C0739,2026-08-16 11:20:00,product_view,P024,success
C0740,2026-08-14 14:42:00,product_discovery,P033,success
C0740,2026-08-14 14:47:00,product_view,P033,success
C0740,2026-08-14 14:52:00,cart_add,P033,success
C0740,2026-08-14 15:06:00,checkout_start,P033,success
C0740,2026-08-14 15:10:00,payment_attempt,P033,success
C0740,2026-08-14 15:11:00,payment_success,P033,success
C0740,2026-08-14 15:14:00,order_confirmation,P033,success
C0741,2026-08-02 04:10:00,product_discovery,P018,success
C0741,2026-08-02 04:15:00,product_view,P018,success
C0741,2026-08-02 04:24:00,cart_add,P018,success
C0742,2026-08-02 17:40:00,product_discovery,P037,success
C0743,2026-08-01 10:05:00,product_discovery,P002,success
C0743,2026-08-01 10:06:00,product_view,P002,success
C0744,2026-08-09 20:01:00,product_discovery,P019,success
C0744,2026-08-09 20:05:00,product_view,P019,success
C0745,2026-08-11 21:14:00,product_discovery,P025,success
C0745,2026-08-11 21:15:00,product_view,P025,success
C0746,2026-08-13 19:51:00,product_discovery,P038,success
C0747,2026-08-11 09:42:00,product_discovery,P026,success
C0747,2026-08-11 09:43:00,product_view,P026,success
C0748,2026-08-05 14:22:00,product_discovery,P020,success
C0748,2026-08-05 14:26:00,product_view,P020,success
C0748,2026-08-05 14:34:00,cart_add,P020,success
C0748,2026-08-05 14:49:00,checkout_start,P020,success
C0748,2026-08-05 14:57:00,payment_attempt,P020,success
C0748,2026-08-05 14:59:00,payment_success,P020,success
C0748,2026-08-05 15:02:00,order_confirmation,P020,success
C0749,2026-08-07 02:24:00,product_discovery,P028,success
C0749,2026-08-07 02:26:00,product_view,P028,success
C0749,2026-08-07 02:31:00,cart_add,P028,success
C0750,2026-08-04 21:56:00,product_discovery,P033,success
C0750,2026-08-04 22:00:00,product_view,P033,success
C0751,2026-08-10 01:19:00,product_discovery,P009,success
C0751,2026-08-10 01:24:00,product_view,P009,success
C0752,2026-08-13 05:45:00,product_discovery,P032,success
C0752,2026-08-13 05:48:00,product_view,P032,success
C0753,2026-08-04 01:59:00,product_discovery,P030,success
C0754,2026-08-20 19:42:00,product_discovery,P012,success
C0754,2026-08-20 19:44:00,product_view,P012,success
C0754,2026-08-20 19:46:00,cart_add,P012,success
C0754,2026-08-20 19:54:00,checkout_start,P012,success
C0754,2026-08-20 20:00:00,payment_attempt,P012,success
C0754,2026-08-20 20:02:00,payment_success,P012,success
C0754,2026-08-20 20:03:00,order_confirmation,P012,success
C0755,2026-08-08 15:35:00,product_discovery,P011,success
C0755,2026-08-08 15:37:00,product_view,P011,success
C0756,2026-08-15 11:49:00,product_discovery,P026,success
C0756,2026-08-15 11:53:00,product_view,P026,success
C0757,2026-08-11 02:27:00,product_discovery,P039,success
C0757,2026-08-11 02:31:00,product_view,P039,success
C0757,2026-08-11 02:35:00,cart_add,P039,success
C0758,2026-08-02 08:19:00,product_discovery,P027,success
C0758,2026-08-02 08:21:00,product_view,P027,success
C0758,2026-08-02 08:24:00,cart_add,P027,success
C0759,2026-08-07 10:45:00,product_discovery,P039,success
C0759,2026-08-07 10:47:00,product_view,P039,success
C0760,2026-08-15 06:19:00,product_discovery,P022,success
C0760,2026-08-15 06:21:00,product_view,P022,success
C0761,2026-08-14 07:49:00,product_discovery,P007,success
C0761,2026-08-14 07:51:00,product_view,P007,success
C0761,2026-08-14 08:01:00,cart_add,P007,success
C0762,2026-08-18 03:35:00,product_discovery,P011,success
C0762,2026-08-18 03:39:00,product_view,P011,success
C0763,2026-08-18 15:20:00,product_discovery,P031,success
C0763,2026-08-18 15:25:00,product_view,P031,success
C0764,2026-08-03 12:11:00,product_discovery,P012,success
C0764,2026-08-03 12:14:00,product_view,P012,success
C0764,2026-08-03 12:19:00,cart_add,P012,success
C0764,2026-08-03 12:33:00,checkout_start,P012,success
C0764,2026-08-03 12:41:00,payment_attempt,P012,success
C0764,2026-08-03 12:45:00,payment_success,P012,success
C0764,2026-08-03 12:48:00,order_confirmation,P012,success
C0765,2026-08-09 22:21:00,product_discovery,P003,success
C0765,2026-08-09 22:22:00,product_view,P003,success
C0765,2026-08-09 22:27:00,cart_add,P003,success
C0766,2026-08-14 06:10:00,product_discovery,P001,success
C0766,2026-08-14 06:14:00,product_view,P001,success
C0766,2026-08-14 06:20:00,cart_add,P001,success
C0766,2026-08-14 06:28:00,checkout_start,P001,success
C0767,2026-08-03 07:34:00,product_discovery,P040,success
C0767,2026-08-03 07:37:00,product_view,P040,success
C0767,2026-08-03 07:38:00,cart_add,P040,success
C0767,2026-08-03 07:53:00,checkout_start,P040,success
C0768,2026-08-08 07:48:00,product_discovery,P028,success
C0768,2026-08-08 07:51:00,product_view,P028,success
C0768,2026-08-08 08:00:00,cart_add,P028,success
C0769,2026-08-20 12:52:00,product_discovery,P007,success
C0769,2026-08-20 12:55:00,product_view,P007,success
C0770,2026-08-16 06:28:00,product_discovery,P039,success
C0770,2026-08-16 06:30:00,product_view,P039,success
C0770,2026-08-16 06:35:00,cart_add,P039,success
C0770,2026-08-16 06:49:00,checkout_start,P039,success
C0770,2026-08-16 06:50:00,payment_attempt,P039,success
C0770,2026-08-16 06:52:00,payment_success,P039,success
C0770,2026-08-16 06:54:00,order_confirmation,P039,success
C0771,2026-08-13 10:37:00,product_discovery,P023,success
C0771,2026-08-13 10:41:00,product_view,P023,success
C0771,2026-08-13 10:50:00,cart_add,P023,success
C0772,2026-08-09 22:10:00,product_discovery,P033,success
C0772,2026-08-09 22:12:00,product_view,P033,success
C0772,2026-08-09 22:15:00,cart_add,P033,success
C0773,2026-08-06 03:52:00,product_discovery,P019,success
C0773,2026-08-06 03:54:00,product_view,P019,success
C0773,2026-08-06 04:01:00,cart_add,P019,success
C0773,2026-08-06 04:13:00,checkout_start,P019,success
C0773,2026-08-06 04:15:00,payment_attempt,P019,success
C0773,2026-08-06 04:20:00,payment_success,P019,success
C0773,2026-08-06 04:21:00,order_confirmation,P019,success
C0774,2026-08-07 19:51:00,product_discovery,P021,success
C0774,2026-08-07 19:56:00,product_view,P021,success
C0774,2026-08-07 20:06:00,cart_add,P021,success
C0775,2026-08-18 20:53:00,product_discovery,P037,success
C0775,2026-08-18 20:55:00,product_view,P037,success
C0775,2026-08-18 21:02:00,cart_add,P037,success
C0775,2026-08-18 21:13:00,checkout_start,P037,success
C0775,2026-08-18 21:19:00,payment_attempt,P037,success
C0775,2026-08-18 21:24:00,payment_success,P037,success
C0775,2026-08-18 21:26:00,order_confirmation,P037,success
C0776,2026-08-09 04:10:00,product_discovery,P014,success
C0776,2026-08-09 04:11:00,product_view,P014,success
C0777,2026-08-11 06:26:00,product_discovery,P004,success
C0777,2026-08-11 06:29:00,product_view,P004,success
C0778,2026-08-01 10:17:00,product_discovery,P020,success
C0778,2026-08-01 10:21:00,product_view,P020,success
C0779,2026-08-03 01:21:00,product_discovery,P010,success
C0779,2026-08-03 01:23:00,product_view,P010,success
C0779,2026-08-03 01:29:00,cart_add,P010,success
C0780,2026-08-19 10:33:00,product_discovery,P039,success
C0780,2026-08-19 10:37:00,product_view,P039,success
C0780,2026-08-19 10:46:00,cart_add,P039,success
C0780,2026-08-19 10:47:00,checkout_start,P039,success
C0780,2026-08-19 10:52:00,payment_attempt,P039,success
C0780,2026-08-19 10:55:00,payment_success,P039,success
C0780,2026-08-19 10:56:00,order_confirmation,P039,success
C0781,2026-08-07 20:00:00,product_discovery,P018,success
C0781,2026-08-07 20:04:00,product_view,P018,success
C0781,2026-08-07 20:09:00,cart_add,P018,success
C0782,2026-08-12 10:01:00,product_discovery,P039,success
C0782,2026-08-12 10:06:00,product_view,P039,success
C0783,2026-08-13 01:03:00,product_discovery,P024,success
C0783,2026-08-13 01:07:00,product_view,P024,success
C0784,2026-08-07 09:23:00,product_discovery,P039,success
C0784,2026-08-07 09:28:00,product_view,P039,success
C0785,2026-08-12 02:40:00,product_discovery,P032,success
C0785,2026-08-12 02:43:00,product_view,P032,success
C0785,2026-08-12 02:46:00,cart_add,P032,success
C0785,2026-08-12 03:00:00,checkout_start,P032,success
C0785,2026-08-12 03:02:00,payment_attempt,P032,success
C0785,2026-08-12 03:04:00,payment_failure,P032,failed
C0786,2026-08-04 05:48:00,product_discovery,P022,success
C0786,2026-08-04 05:53:00,product_view,P022,success
C0786,2026-08-04 05:56:00,cart_add,P022,success
C0787,2026-08-04 13:27:00,product_discovery,P013,success
C0787,2026-08-04 13:29:00,product_view,P013,success
C0787,2026-08-04 13:36:00,cart_add,P013,success
C0787,2026-08-04 13:48:00,checkout_start,P013,success
C0787,2026-08-04 13:51:00,payment_attempt,P013,success
C0787,2026-08-04 13:53:00,payment_failure,P013,failed
C0788,2026-08-17 09:36:00,product_discovery,P008,success
C0788,2026-08-17 09:41:00,product_view,P008,success
C0788,2026-08-17 09:47:00,cart_add,P008,success
C0789,2026-08-16 22:39:00,product_discovery,P032,success
C0789,2026-08-16 22:40:00,product_view,P032,success
C0789,2026-08-16 22:44:00,cart_add,P032,success
C0790,2026-08-14 20:56:00,product_discovery,P011,success
C0790,2026-08-14 20:57:00,product_view,P011,success
C0790,2026-08-14 21:06:00,cart_add,P011,success
C0791,2026-08-08 23:58:00,product_discovery,P039,success
C0791,2026-08-08 23:59:00,product_view,P039,success
C0792,2026-08-16 02:49:00,product_discovery,P001,success
C0792,2026-08-16 02:50:00,product_view,P001,success
C0793,2026-08-12 23:02:00,product_discovery,P036,success
C0793,2026-08-12 23:07:00,product_view,P036,success
C0793,2026-08-12 23:17:00,cart_add,P036,success
C0794,2026-08-21 00:03:00,product_discovery,P003,success
C0794,2026-08-21 00:08:00,product_view,P003,success
C0794,2026-08-21 00:12:00,cart_add,P003,success
C0795,2026-08-12 09:13:00,product_discovery,P008,success
C0795,2026-08-12 09:15:00,product_view,P008,success
C0796,2026-08-02 03:09:00,product_discovery,P009,success
C0796,2026-08-02 03:13:00,product_view,P009,success
C0797,2026-08-11 20:41:00,product_discovery,P015,success
C0798,2026-08-02 13:09:00,product_discovery,P034,success
C0798,2026-08-02 13:14:00,product_view,P034,success
C0799,2026-08-13 03:59:00,product_discovery,P009,success
C0799,2026-08-13 04:00:00,product_view,P009,success
C0800,2026-08-01 08:56:00,product_discovery,P004,success
C0800,2026-08-01 08:59:00,product_view,P004,success
C0800,2026-08-01 09:05:00,cart_add,P004,success
C0800,2026-08-01 09:17:00,checkout_start,P004,success
C0800,2026-08-01 09:23:00,payment_attempt,P004,success
C0800,2026-08-01 09:24:00,payment_success,P004,success
C0800,2026-08-01 09:26:00,order_confirmation,P004,success
C0801,2026-08-09 14:53:00,product_discovery,P003,success
C0801,2026-08-09 14:54:00,product_view,P003,success
C0801,2026-08-09 15:02:00,cart_add,P003,success
C0801,2026-08-09 15:05:00,checkout_start,P003,success
C0801,2026-08-09 15:08:00,payment_attempt,P003,success
C0801,2026-08-09 15:10:00,payment_success,P003,success
C0801,2026-08-09 15:13:00,order_confirmation,P003,success
C0802,2026-08-14 13:21:00,product_discovery,P038,success
C0803,2026-08-07 22:01:00,product_discovery,P011,success
C0804,2026-08-07 10:06:00,product_discovery,P010,success
C0804,2026-08-07 10:08:00,product_view,P010,success
C0804,2026-08-07 10:14:00,cart_add,P010,success
C0804,2026-08-07 10:28:00,checkout_start,P010,success
C0804,2026-08-07 10:30:00,payment_attempt,P010,success
C0804,2026-08-07 10:33:00,payment_success,P010,success
C0805,2026-08-12 21:58:00,product_discovery,P031,success
C0805,2026-08-12 21:59:00,product_view,P031,success
C0806,2026-08-05 16:48:00,product_discovery,P024,success
C0806,2026-08-05 16:53:00,product_view,P024,success
C0806,2026-08-05 17:01:00,cart_add,P024,success
C0807,2026-08-04 16:32:00,product_discovery,P013,success
C0807,2026-08-04 16:37:00,product_view,P013,success
C0807,2026-08-04 16:46:00,cart_add,P013,success
C0808,2026-08-20 05:56:00,product_discovery,P034,success
C0808,2026-08-20 05:59:00,product_view,P034,success
C0809,2026-08-06 16:45:00,product_discovery,P029,success
C0810,2026-08-03 17:29:00,product_discovery,P018,success
C0810,2026-08-03 17:34:00,product_view,P018,success
C0811,2026-08-06 19:23:00,product_discovery,P006,success
C0811,2026-08-06 19:26:00,product_view,P006,success
C0811,2026-08-06 19:36:00,cart_add,P006,success
C0811,2026-08-06 19:47:00,checkout_start,P006,success
C0811,2026-08-06 19:51:00,payment_attempt,P006,success
C0811,2026-08-06 19:56:00,payment_success,P006,success
C0811,2026-08-06 19:57:00,order_confirmation,P006,success
C0812,2026-08-17 10:36:00,product_discovery,P022,success
C0812,2026-08-17 10:41:00,product_view,P022,success
C0812,2026-08-17 10:49:00,cart_add,P022,success
C0813,2026-08-17 00:03:00,product_discovery,P036,success
C0814,2026-08-21 00:34:00,product_discovery,P021,success
C0814,2026-08-21 00:38:00,product_view,P021,success
C0815,2026-08-16 20:09:00,product_discovery,P011,success
C0816,2026-08-17 10:38:00,product_discovery,P010,success
C0816,2026-08-17 10:40:00,product_view,P010,success
C0817,2026-08-05 00:43:00,product_discovery,P015,success
C0817,2026-08-05 00:44:00,product_view,P015,success
C0817,2026-08-05 00:52:00,cart_add,P015,success
C0817,2026-08-05 01:02:00,checkout_start,P015,success
C0817,2026-08-05 01:10:00,payment_attempt,P015,success
C0817,2026-08-05 01:12:00,payment_success,P015,success
C0818,2026-08-04 16:00:00,product_discovery,P039,success
C0819,2026-08-10 10:51:00,product_discovery,P018,success
C0819,2026-08-10 10:54:00,product_view,P018,success
C0819,2026-08-10 11:00:00,cart_add,P018,success
C0819,2026-08-10 11:02:00,checkout_start,P018,success
C0820,2026-08-05 07:02:00,product_discovery,P001,success
C0821,2026-08-10 07:34:00,product_discovery,P002,success
C0822,2026-08-12 16:03:00,product_discovery,P015,success
C0822,2026-08-12 16:06:00,product_view,P015,success
C0823,2026-08-20 13:06:00,product_discovery,P039,success
C0823,2026-08-20 13:11:00,product_view,P039,success
C0824,2026-08-01 21:51:00,product_discovery,P018,success
C0824,2026-08-01 21:54:00,product_view,P018,success
C0825,2026-08-14 22:47:00,product_discovery,P027,success
C0825,2026-08-14 22:50:00,product_view,P027,success
C0825,2026-08-14 22:56:00,cart_add,P027,success
C0826,2026-08-06 09:25:00,product_discovery,P003,success
C0827,2026-08-02 18:12:00,product_discovery,P027,success
C0827,2026-08-02 18:17:00,product_view,P027,success
C0827,2026-08-02 18:21:00,cart_add,P027,success
C0827,2026-08-02 18:29:00,checkout_start,P027,success
C0827,2026-08-02 18:34:00,payment_attempt,P027,success
C0827,2026-08-02 18:35:00,payment_success,P027,success
C0827,2026-08-02 18:38:00,order_confirmation,P027,success
C0828,2026-08-01 15:36:00,product_discovery,P006,success
C0828,2026-08-01 15:37:00,product_view,P006,success
C0828,2026-08-01 15:47:00,cart_add,P006,success
C0829,2026-08-17 12:47:00,product_discovery,P040,success
C0829,2026-08-17 12:50:00,product_view,P040,success
C0830,2026-08-19 12:43:00,product_discovery,P022,success
C0830,2026-08-19 12:44:00,product_view,P022,success
C0831,2026-08-09 04:36:00,product_discovery,P040,success
C0831,2026-08-09 04:38:00,product_view,P040,success
C0832,2026-08-13 17:00:00,product_discovery,P019,success
C0832,2026-08-13 17:01:00,product_view,P019,success
C0833,2026-08-03 17:33:00,product_discovery,P016,success
C0833,2026-08-03 17:38:00,product_view,P016,success
C0833,2026-08-03 17:44:00,cart_add,P016,success
C0833,2026-08-03 17:59:00,checkout_start,P016,success
C0834,2026-08-19 15:23:00,product_discovery,P030,success
C0834,2026-08-19 15:28:00,product_view,P030,success
C0834,2026-08-19 15:33:00,cart_add,P030,success
C0834,2026-08-19 15:38:00,checkout_start,P030,success
C0834,2026-08-19 15:44:00,payment_attempt,P030,success
C0834,2026-08-19 15:46:00,payment_success,P030,success
C0834,2026-08-19 15:48:00,order_confirmation,P030,success
C0835,2026-08-14 04:42:00,product_discovery,P020,success
C0835,2026-08-14 04:43:00,product_view,P020,success
C0836,2026-08-20 00:04:00,product_discovery,P023,success
C0836,2026-08-20 00:06:00,product_view,P023,success
C0837,2026-08-19 21:02:00,product_discovery,P035,success
C0837,2026-08-19 21:07:00,product_view,P035,success
C0837,2026-08-19 21:08:00,cart_add,P035,success
C0838,2026-08-04 13:36:00,product_discovery,P040,success
C0838,2026-08-04 13:40:00,product_view,P040,success
C0838,2026-08-04 13:43:00,cart_add,P040,success
C0838,2026-08-04 13:57:00,checkout_start,P040,success
C0838,2026-08-04 14:01:00,payment_attempt,P040,success
C0838,2026-08-04 14:04:00,payment_success,P040,success
C0838,2026-08-04 14:06:00,order_confirmation,P040,success
C0839,2026-08-07 22:09:00,product_discovery,P029,success
C0839,2026-08-07 22:12:00,product_view,P029,success
C0840,2026-08-20 04:22:00,product_discovery,P017,success
C0840,2026-08-20 04:26:00,product_view,P017,success
C0841,2026-08-06 09:15:00,product_discovery,P001,success
C0842,2026-08-15 05:59:00,product_discovery,P034,success
C0842,2026-08-15 06:00:00,product_view,P034,success
C0843,2026-08-09 01:45:00,product_discovery,P025,success
C0843,2026-08-09 01:48:00,product_view,P025,success
C0844,2026-08-10 09:32:00,product_discovery,P007,success
C0844,2026-08-10 09:34:00,product_view,P007,success
C0845,2026-08-13 18:06:00,product_discovery,P004,success
C0845,2026-08-13 18:07:00,product_view,P004,success
C0845,2026-08-13 18:16:00,cart_add,P004,success
C0846,2026-08-09 08:07:00,product_discovery,P027,success
C0846,2026-08-09 08:09:00,product_view,P027,success
C0847,2026-08-07 00:10:00,product_discovery,P016,success
C0847,2026-08-07 00:12:00,product_view,P016,success
C0847,2026-08-07 00:20:00,cart_add,P016,success
C0848,2026-08-03 04:24:00,product_discovery,P034,success
C0848,2026-08-03 04:28:00,product_view,P034,success
C0848,2026-08-03 04:35:00,cart_add,P034,success
C0849,2026-08-11 09:21:00,product_discovery,P026,success
C0849,2026-08-11 09:25:00,product_view,P026,success
C0849,2026-08-11 09:31:00,cart_add,P026,success
C0849,2026-08-11 09:36:00,checkout_start,P026,success
C0849,2026-08-11 09:38:00,payment_attempt,P026,success
C0849,2026-08-11 09:40:00,payment_success,P026,success
C0849,2026-08-11 09:42:00,order_confirmation,P026,success
C0850,2026-08-14 09:12:00,product_discovery,P004,success
C0850,2026-08-14 09:15:00,product_view,P004,success
C0851,2026-08-03 22:00:00,product_discovery,P036,success
C0851,2026-08-03 22:01:00,product_view,P036,success
C0851,2026-08-03 22:10:00,cart_add,P036,success
C0852,2026-08-20 05:52:00,product_discovery,P012,success
C0852,2026-08-20 05:55:00,product_view,P012,success
C0853,2026-08-05 07:27:00,product_discovery,P040,success
C0854,2026-08-12 05:16:00,product_discovery,P003,success
C0854,2026-08-12 05:20:00,product_view,P003,success
C0855,2026-08-04 20:10:00,product_discovery,P035,success
C0855,2026-08-04 20:14:00,product_view,P035,success
C0856,2026-08-19 04:22:00,product_discovery,P019,success
C0856,2026-08-19 04:23:00,product_view,P019,success
C0856,2026-08-19 04:33:00,cart_add,P019,success
C0857,2026-08-11 07:14:00,product_discovery,P015,success
C0857,2026-08-11 07:16:00,product_view,P015,success
C0857,2026-08-11 07:26:00,cart_add,P015,success
C0857,2026-08-11 07:31:00,checkout_start,P015,success
C0858,2026-08-08 11:18:00,product_discovery,P028,success
C0858,2026-08-08 11:21:00,product_view,P028,success
C0858,2026-08-08 11:27:00,cart_add,P028,success
C0858,2026-08-08 11:32:00,checkout_start,P028,success
C0859,2026-08-13 09:48:00,product_discovery,P028,success
C0859,2026-08-13 09:52:00,product_view,P028,success
C0860,2026-08-08 12:29:00,product_discovery,P008,success
C0860,2026-08-08 12:30:00,product_view,P008,success
C0861,2026-08-21 00:47:00,product_discovery,P030,success
C0861,2026-08-21 00:48:00,product_view,P030,success
C0862,2026-08-05 02:50:00,product_discovery,P003,success
C0862,2026-08-05 02:55:00,product_view,P003,success
C0863,2026-08-19 13:02:00,product_discovery,P022,success
C0863,2026-08-19 13:06:00,product_view,P022,success
C0864,2026-08-14 16:54:00,product_discovery,P035,success
C0864,2026-08-14 16:57:00,product_view,P035,success
C0865,2026-08-18 18:21:00,product_discovery,P008,success
C0865,2026-08-18 18:26:00,product_view,P008,success
C0866,2026-08-19 20:40:00,product_discovery,P005,success
C0866,2026-08-19 20:43:00,product_view,P005,success
C0867,2026-08-15 08:35:00,product_discovery,P015,success
C0867,2026-08-15 08:38:00,product_view,P015,success
C0868,2026-08-03 17:18:00,product_discovery,P017,success
C0869,2026-08-11 03:22:00,product_discovery,P036,success
C0869,2026-08-11 03:23:00,product_view,P036,success
C0870,2026-08-05 18:37:00,product_discovery,P018,success
C0870,2026-08-05 18:40:00,product_view,P018,success
C0871,2026-08-10 04:54:00,product_discovery,P017,success
C0871,2026-08-10 04:57:00,product_view,P017,success
C0872,2026-08-07 08:44:00,product_discovery,P022,success
C0872,2026-08-07 08:47:00,product_view,P022,success
C0872,2026-08-07 08:56:00,cart_add,P022,success
C0872,2026-08-07 09:10:00,checkout_start,P022,success
C0872,2026-08-07 09:11:00,payment_attempt,P022,success
C0872,2026-08-07 09:16:00,payment_success,P022,success
C0872,2026-08-07 09:19:00,order_confirmation,P022,success
C0873,2026-08-10 23:06:00,product_discovery,P034,success
C0873,2026-08-10 23:10:00,product_view,P034,success
C0873,2026-08-10 23:12:00,cart_add,P034,success
C0873,2026-08-10 23:23:00,checkout_start,P034,success
C0873,2026-08-10 23:30:00,payment_attempt,P034,success
C0873,2026-08-10 23:34:00,payment_success,P034,success
C0873,2026-08-10 23:35:00,order_confirmation,P034,success
C0874,2026-08-20 15:56:00,product_discovery,P020,success
C0874,2026-08-20 15:59:00,product_view,P020,success
C0875,2026-08-03 03:54:00,product_discovery,P010,success
C0875,2026-08-03 03:59:00,product_view,P010,success
C0876,2026-08-06 19:27:00,product_discovery,P015,success
C0876,2026-08-06 19:31:00,product_view,P015,success
C0877,2026-08-17 20:20:00,product_discovery,P005,success
C0877,2026-08-17 20:24:00,product_view,P005,success
C0878,2026-08-17 09:21:00,product_discovery,P006,success
C0878,2026-08-17 09:25:00,product_view,P006,success
C0879,2026-08-13 04:14:00,product_discovery,P015,success
C0879,2026-08-13 04:16:00,product_view,P015,success
C0879,2026-08-13 04:23:00,cart_add,P015,success
C0879,2026-08-13 04:33:00,checkout_start,P015,success
C0879,2026-08-13 04:39:00,payment_attempt,P015,success
C0879,2026-08-13 04:44:00,payment_success,P015,success
C0879,2026-08-13 04:45:00,order_confirmation,P015,success
C0880,2026-08-07 13:02:00,product_discovery,P026,success
C0880,2026-08-07 13:07:00,product_view,P026,success
C0880,2026-08-07 13:09:00,cart_add,P026,success
C0881,2026-08-14 04:01:00,product_discovery,P029,success
C0881,2026-08-14 04:06:00,product_view,P029,success
C0881,2026-08-14 04:13:00,cart_add,P029,success
C0881,2026-08-14 04:23:00,checkout_start,P029,success
C0881,2026-08-14 04:30:00,payment_attempt,P029,success
C0881,2026-08-14 04:31:00,payment_success,P029,success
C0881,2026-08-14 04:32:00,order_confirmation,P029,success
C0882,2026-08-10 07:22:00,product_discovery,P038,success
C0882,2026-08-10 07:24:00,product_view,P038,success
C0883,2026-08-07 09:29:00,product_discovery,P022,success
C0883,2026-08-07 09:34:00,product_view,P022,success
C0884,2026-08-06 15:42:00,product_discovery,P028,success
C0884,2026-08-06 15:45:00,product_view,P028,success
C0884,2026-08-06 15:48:00,cart_add,P028,success
C0885,2026-08-18 15:17:00,product_discovery,P039,success
C0885,2026-08-18 15:21:00,product_view,P039,success
C0886,2026-08-09 10:34:00,product_discovery,P037,success
C0886,2026-08-09 10:39:00,product_view,P037,success
C0887,2026-08-18 16:47:00,product_discovery,P005,success
C0887,2026-08-18 16:51:00,product_view,P005,success
C0888,2026-08-20 12:31:00,product_discovery,P005,success
C0888,2026-08-20 12:36:00,product_view,P005,success
C0889,2026-08-16 12:26:00,product_discovery,P038,success
C0889,2026-08-16 12:27:00,product_view,P038,success
C0890,2026-08-20 15:07:00,product_discovery,P020,success
C0890,2026-08-20 15:12:00,product_view,P020,success
C0890,2026-08-20 15:22:00,cart_add,P020,success
C0890,2026-08-20 15:36:00,checkout_start,P020,success
C0890,2026-08-20 15:39:00,payment_attempt,P020,success
C0890,2026-08-20 15:44:00,payment_success,P020,success
C0890,2026-08-20 15:46:00,order_confirmation,P020,success
C0891,2026-08-02 23:44:00,product_discovery,P037,success
C0891,2026-08-02 23:47:00,product_view,P037,success
C0891,2026-08-02 23:51:00,cart_add,P037,success
C0892,2026-08-20 16:34:00,product_discovery,P012,success
C0893,2026-08-02 00:01:00,product_discovery,P037,success
C0893,2026-08-02 00:03:00,product_view,P037,success
C0893,2026-08-02 00:12:00,cart_add,P037,success
C0894,2026-08-02 18:28:00,product_discovery,P016,success
C0894,2026-08-02 18:29:00,product_view,P016,success
C0895,2026-08-02 11:02:00,product_discovery,P009,success
C0895,2026-08-02 11:03:00,product_view,P009,success
C0895,2026-08-02 11:08:00,cart_add,P009,success
C0895,2026-08-02 11:09:00,checkout_start,P009,success
C0895,2026-08-02 11:14:00,payment_attempt,P009,success
C0895,2026-08-02 11:15:00,payment_success,P009,success
C0895,2026-08-02 11:17:00,order_confirmation,P009,success
C0896,2026-08-06 19:06:00,product_discovery,P001,success
C0896,2026-08-06 19:09:00,product_view,P001,success
C0897,2026-08-04 10:43:00,product_discovery,P028,success
C0898,2026-08-18 11:41:00,product_discovery,P010,success
C0898,2026-08-18 11:45:00,product_view,P010,success
C0898,2026-08-18 11:54:00,cart_add,P010,success
C0898,2026-08-18 12:08:00,checkout_start,P010,success
C0899,2026-08-09 23:57:00,product_discovery,P006,success
C0900,2026-08-04 11:58:00,product_discovery,P024,success
C0900,2026-08-04 12:02:00,product_view,P024,success
C0901,2026-08-20 16:12:00,product_discovery,P034,success
C0902,2026-08-19 13:48:00,product_discovery,P033,success
C0902,2026-08-19 13:49:00,product_view,P033,success
C0902,2026-08-19 13:53:00,cart_add,P033,success
C0903,2026-08-14 01:59:00,product_discovery,P038,success
C0903,2026-08-14 02:04:00,product_view,P038,success
C0903,2026-08-14 02:05:00,cart_add,P038,success
C0904,2026-08-12 12:50:00,product_discovery,P004,success
C0904,2026-08-12 12:51:00,product_view,P004,success
C0904,2026-08-12 12:57:00,cart_add,P004,success
C0904,2026-08-12 13:12:00,checkout_start,P004,success
C0904,2026-08-12 13:20:00,payment_attempt,P004,success
C0904,2026-08-12 13:22:00,payment_success,P004,success
C0904,2026-08-12 13:23:00,order_confirmation,P004,success
C0905,2026-08-07 06:25:00,product_discovery,P027,success
C0905,2026-08-07 06:27:00,product_view,P027,success
C0906,2026-08-05 16:45:00,product_discovery,P040,success
C0906,2026-08-05 16:47:00,product_view,P040,success
C0907,2026-08-03 06:00:00,product_discovery,P008,success
C0907,2026-08-03 06:05:00,product_view,P008,success
C0908,2026-08-02 22:48:00,product_discovery,P002,success
C0908,2026-08-02 22:50:00,product_view,P002,success
C0908,2026-08-02 22:55:00,cart_add,P002,success
C0908,2026-08-02 23:09:00,checkout_start,P002,success
C0908,2026-08-02 23:15:00,payment_attempt,P002,success
C0908,2026-08-02 23:18:00,payment_success,P002,success
C0908,2026-08-02 23:21:00,order_confirmation,P002,success
C0909,2026-08-15 02:52:00,product_discovery,P037,success
C0909,2026-08-15 02:54:00,product_view,P037,success
C0909,2026-08-15 02:58:00,cart_add,P037,success
C0910,2026-08-14 12:59:00,product_discovery,P019,success
C0910,2026-08-14 13:02:00,product_view,P019,success
C0910,2026-08-14 13:11:00,cart_add,P019,success
C0910,2026-08-14 13:22:00,checkout_start,P019,success
C0911,2026-08-12 14:58:00,product_discovery,P001,success
C0911,2026-08-12 15:01:00,product_view,P001,success
C0911,2026-08-12 15:07:00,cart_add,P001,success
C0912,2026-08-05 02:26:00,product_discovery,P003,success
C0912,2026-08-05 02:29:00,product_view,P003,success
C0913,2026-08-09 00:08:00,product_discovery,P039,success
C0913,2026-08-09 00:11:00,product_view,P039,success
C0913,2026-08-09 00:20:00,cart_add,P039,success
C0913,2026-08-09 00:22:00,checkout_start,P039,success
C0913,2026-08-09 00:30:00,payment_attempt,P039,success
C0913,2026-08-09 00:31:00,payment_success,P039,success
C0913,2026-08-09 00:32:00,order_confirmation,P039,success
C0914,2026-08-10 06:23:00,product_discovery,P031,success
C0914,2026-08-10 06:28:00,product_view,P031,success
C0915,2026-08-01 16:05:00,product_discovery,P039,success
C0915,2026-08-01 16:10:00,product_view,P039,success
C0915,2026-08-01 16:13:00,cart_add,P039,success
C0915,2026-08-01 16:18:00,checkout_start,P039,success
C0915,2026-08-01 16:21:00,payment_attempt,P039,success
C0915,2026-08-01 16:22:00,payment_success,P039,success
C0915,2026-08-01 16:25:00,order_confirmation,P039,success
C0916,2026-08-12 05:17:00,product_discovery,P025,success
C0916,2026-08-12 05:18:00,product_view,P025,success
C0916,2026-08-12 05:24:00,cart_add,P025,success
C0917,2026-08-16 13:36:00,product_discovery,P013,success
C0917,2026-08-16 13:37:00,product_view,P013,success
C0917,2026-08-16 13:39:00,cart_add,P013,success
C0918,2026-08-11 11:36:00,product_discovery,P036,success
C0918,2026-08-11 11:40:00,product_view,P036,success
C0918,2026-08-11 11:46:00,cart_add,P036,success
C0918,2026-08-11 11:50:00,checkout_start,P036,success
C0918,2026-08-11 11:52:00,payment_attempt,P036,success
C0918,2026-08-11 11:53:00,payment_success,P036,success
C0918,2026-08-11 11:55:00,order_confirmation,P036,success
C0919,2026-08-19 14:30:00,product_discovery,P014,success
C0919,2026-08-19 14:34:00,product_view,P014,success
C0920,2026-08-16 05:39:00,product_discovery,P035,success
C0920,2026-08-16 05:41:00,product_view,P035,success
C0921,2026-08-02 16:04:00,product_discovery,P028,success
C0921,2026-08-02 16:07:00,product_view,P028,success
C0922,2026-08-02 06:33:00,product_discovery,P032,success
C0922,2026-08-02 06:36:00,product_view,P032,success
C0923,2026-08-03 00:27:00,product_discovery,P017,success
C0923,2026-08-03 00:31:00,product_view,P017,success
C0923,2026-08-03 00:35:00,cart_add,P017,success
C0924,2026-08-05 00:56:00,product_discovery,P033,success
C0924,2026-08-05 00:58:00,product_view,P033,success
C0924,2026-08-05 01:06:00,cart_add,P033,success
C0925,2026-08-21 02:14:00,product_discovery,P005,success
C0925,2026-08-21 02:19:00,product_view,P005,success
C0926,2026-08-20 21:02:00,product_discovery,P017,success
C0926,2026-08-20 21:06:00,product_view,P017,success
C0926,2026-08-20 21:14:00,cart_add,P017,success
C0927,2026-08-08 10:42:00,product_discovery,P014,success
C0927,2026-08-08 10:47:00,product_view,P014,success
C0927,2026-08-08 10:53:00,cart_add,P014,success
C0928,2026-08-16 15:16:00,product_discovery,P030,success
C0928,2026-08-16 15:18:00,product_view,P030,success
C0928,2026-08-16 15:27:00,cart_add,P030,success
C0929,2026-08-13 06:07:00,product_discovery,P028,success
C0929,2026-08-13 06:12:00,product_view,P028,success
C0930,2026-08-06 23:00:00,product_discovery,P023,success
C0930,2026-08-06 23:01:00,product_view,P023,success
C0930,2026-08-06 23:03:00,cart_add,P023,success
C0930,2026-08-06 23:06:00,checkout_start,P023,success
C0930,2026-08-06 23:13:00,payment_attempt,P023,success
C0930,2026-08-06 23:17:00,payment_success,P023,success
C0930,2026-08-06 23:18:00,order_confirmation,P023,success
C0931,2026-08-03 17:36:00,product_discovery,P028,success
C0931,2026-08-03 17:39:00,product_view,P028,success
C0932,2026-08-09 16:03:00,product_discovery,P016,success
C0932,2026-08-09 16:06:00,product_view,P016,success
C0933,2026-08-16 05:20:00,product_discovery,P019,success
C0933,2026-08-16 05:22:00,product_view,P019,success
C0933,2026-08-16 05:26:00,cart_add,P019,success
C0933,2026-08-16 05:33:00,checkout_start,P019,success
C0933,2026-08-16 05:35:00,payment_attempt,P019,success
C0933,2026-08-16 05:38:00,payment_success,P019,success
C0933,2026-08-16 05:41:00,order_confirmation,P019,success
C0934,2026-08-11 06:45:00,product_discovery,P039,success
C0934,2026-08-11 06:46:00,product_view,P039,success
C0935,2026-08-13 17:54:00,product_discovery,P028,success
C0935,2026-08-13 17:55:00,product_view,P028,success
C0935,2026-08-13 17:57:00,cart_add,P028,success
C0935,2026-08-13 18:10:00,checkout_start,P028,success
C0935,2026-08-13 18:14:00,payment_attempt,P028,success
C0935,2026-08-13 18:15:00,payment_success,P028,success
C0935,2026-08-13 18:17:00,order_confirmation,P028,success
C0936,2026-08-08 15:26:00,product_discovery,P030,success
C0937,2026-08-02 04:30:00,product_discovery,P029,success
C0937,2026-08-02 04:34:00,product_view,P029,success
C0937,2026-08-02 04:37:00,cart_add,P029,success
C0937,2026-08-02 04:42:00,checkout_start,P029,success
C0937,2026-08-02 04:48:00,payment_attempt,P029,success
C0937,2026-08-02 04:52:00,payment_success,P029,success
C0937,2026-08-02 04:54:00,order_confirmation,P029,success
C0938,2026-08-01 10:14:00,product_discovery,P039,success
C0938,2026-08-01 10:17:00,product_view,P039,success
C0938,2026-08-01 10:21:00,cart_add,P039,success
C0938,2026-08-01 10:33:00,checkout_start,P039,success
C0938,2026-08-01 10:40:00,payment_attempt,P039,success
C0938,2026-08-01 10:44:00,payment_success,P039,success
C0938,2026-08-01 10:47:00,order_confirmation,P039,success
C0939,2026-08-12 11:26:00,product_discovery,P008,success
C0939,2026-08-12 11:27:00,product_view,P008,success
C0940,2026-08-01 09:37:00,product_discovery,P031,success
C0940,2026-08-01 09:39:00,product_view,P031,success
C0940,2026-08-01 09:44:00,cart_add,P031,success
C0940,2026-08-01 09:54:00,checkout_start,P031,success
C0940,2026-08-01 10:00:00,payment_attempt,P031,success
C0940,2026-08-01 10:01:00,payment_success,P031,success
C0940,2026-08-01 10:02:00,order_confirmation,P031,success
C0941,2026-08-01 11:01:00,product_discovery,P040,success
C0941,2026-08-01 11:02:00,product_view,P040,success
C0942,2026-08-12 00:25:00,product_discovery,P002,success
C0942,2026-08-12 00:26:00,product_view,P002,success
C0943,2026-08-10 22:54:00,product_discovery,P033,success
C0943,2026-08-10 22:55:00,product_view,P033,success
C0944,2026-08-11 09:36:00,product_discovery,P009,success
C0944,2026-08-11 09:37:00,product_view,P009,success
C0945,2026-08-09 09:30:00,product_discovery,P003,success
C0945,2026-08-09 09:31:00,product_view,P003,success
C0946,2026-08-08 12:53:00,product_discovery,P017,success
C0946,2026-08-08 12:58:00,product_view,P017,success
C0946,2026-08-08 13:02:00,cart_add,P017,success
C0947,2026-08-17 22:54:00,product_discovery,P024,success
C0947,2026-08-17 22:57:00,product_view,P024,success
C0947,2026-08-17 23:07:00,cart_add,P024,success
C0947,2026-08-17 23:19:00,checkout_start,P024,success
C0947,2026-08-17 23:27:00,payment_attempt,P024,success
C0947,2026-08-17 23:31:00,payment_success,P024,success
C0947,2026-08-17 23:32:00,order_confirmation,P024,success
C0948,2026-08-01 20:03:00,product_discovery,P013,success
C0948,2026-08-01 20:04:00,product_view,P013,success
C0949,2026-08-15 11:56:00,product_discovery,P015,success
C0949,2026-08-15 11:57:00,product_view,P015,success
C0950,2026-08-15 06:04:00,product_discovery,P026,success
C0950,2026-08-15 06:05:00,product_view,P026,success
C0951,2026-08-06 10:22:00,product_discovery,P018,success
C0951,2026-08-06 10:26:00,product_view,P018,success
C0952,2026-08-04 07:34:00,product_discovery,P039,success
C0953,2026-08-04 07:33:00,product_discovery,P004,success
C0953,2026-08-04 07:36:00,product_view,P004,success
C0953,2026-08-04 07:43:00,cart_add,P004,success
C0954,2026-08-14 13:24:00,product_discovery,P018,success
C0954,2026-08-14 13:29:00,product_view,P018,success
C0954,2026-08-14 13:36:00,cart_add,P018,success
C0954,2026-08-14 13:46:00,checkout_start,P018,success
C0955,2026-08-04 23:10:00,product_discovery,P025,success
C0955,2026-08-04 23:12:00,product_view,P025,success
C0956,2026-08-11 18:52:00,product_discovery,P002,success
C0956,2026-08-11 18:53:00,product_view,P002,success
C0957,2026-08-03 12:46:00,product_discovery,P018,success
C0957,2026-08-03 12:51:00,product_view,P018,success
C0957,2026-08-03 12:55:00,cart_add,P018,success
C0958,2026-08-13 23:28:00,product_discovery,P001,success
C0959,2026-08-20 19:09:00,product_discovery,P032,success
C0959,2026-08-20 19:13:00,product_view,P032,success
C0959,2026-08-20 19:15:00,cart_add,P032,success
C0960,2026-08-10 02:26:00,product_discovery,P015,success
C0960,2026-08-10 02:27:00,product_view,P015,success
C0960,2026-08-10 02:34:00,cart_add,P015,success
C0960,2026-08-10 02:41:00,checkout_start,P015,success
C0960,2026-08-10 02:44:00,payment_attempt,P015,success
C0960,2026-08-10 02:46:00,payment_success,P015,success
C0960,2026-08-10 02:47:00,order_confirmation,P015,success
C0961,2026-08-10 11:46:00,product_discovery,P029,success
C0962,2026-08-10 19:19:00,product_discovery,P029,success
C0962,2026-08-10 19:24:00,product_view,P029,success
C0962,2026-08-10 19:30:00,cart_add,P029,success
C0963,2026-08-17 11:51:00,product_discovery,P019,success
C0963,2026-08-17 11:56:00,product_view,P019,success
C0963,2026-08-17 12:02:00,cart_add,P019,success
C0964,2026-08-16 05:41:00,product_discovery,P009,success
C0964,2026-08-16 05:44:00,product_view,P009,success
C0965,2026-08-14 04:19:00,product_discovery,P020,success
C0965,2026-08-14 04:21:00,product_view,P020,success
C0965,2026-08-14 04:24:00,cart_add,P020,success
C0966,2026-08-20 19:18:00,product_discovery,P006,success
C0966,2026-08-20 19:19:00,product_view,P006,success
C0967,2026-08-06 12:49:00,product_discovery,P008,success
C0967,2026-08-06 12:52:00,product_view,P008,success
C0967,2026-08-06 13:00:00,cart_add,P008,success
C0967,2026-08-06 13:15:00,checkout_start,P008,success
C0967,2026-08-06 13:20:00,payment_attempt,P008,success
C0967,2026-08-06 13:22:00,payment_success,P008,success
C0967,2026-08-06 13:23:00,order_confirmation,P008,success
C0968,2026-08-19 15:28:00,product_discovery,P013,success
C0968,2026-08-19 15:33:00,product_view,P013,success
C0969,2026-08-08 12:18:00,product_discovery,P039,success
C0969,2026-08-08 12:22:00,product_view,P039,success
C0970,2026-08-09 09:34:00,product_discovery,P021,success
C0970,2026-08-09 09:39:00,product_view,P021,success
C0971,2026-08-18 06:08:00,product_discovery,P024,success
C0971,2026-08-18 06:13:00,product_view,P024,success
C0972,2026-08-14 20:19:00,product_discovery,P015,success
C0972,2026-08-14 20:24:00,product_view,P015,success
C0972,2026-08-14 20:31:00,cart_add,P015,success
C0973,2026-08-06 14:41:00,product_discovery,P019,success
C0973,2026-08-06 14:46:00,product_view,P019,success
C0974,2026-08-03 19:11:00,product_discovery,P013,success
C0975,2026-08-03 09:22:00,product_discovery,P012,success
C0975,2026-08-03 09:24:00,product_view,P012,success
C0976,2026-08-04 13:18:00,product_discovery,P023,success
C0976,2026-08-04 13:23:00,product_view,P023,success
C0976,2026-08-04 13:30:00,cart_add,P023,success
C0976,2026-08-04 13:40:00,checkout_start,P023,success
C0976,2026-08-04 13:46:00,payment_attempt,P023,success
C0976,2026-08-04 13:47:00,payment_success,P023,success
C0976,2026-08-04 13:49:00,order_confirmation,P023,success
C0977,2026-08-02 21:30:00,product_discovery,P006,success
C0977,2026-08-02 21:32:00,product_view,P006,success
C0978,2026-08-16 09:22:00,product_discovery,P009,success
C0978,2026-08-16 09:23:00,product_view,P009,success
C0979,2026-08-08 22:15:00,product_discovery,P040,success
C0979,2026-08-08 22:19:00,product_view,P040,success
C0979,2026-08-08 22:23:00,cart_add,P040,success
C0980,2026-08-03 03:45:00,product_discovery,P010,success
C0980,2026-08-03 03:47:00,product_view,P010,success
C0981,2026-08-06 08:03:00,product_discovery,P004,success
C0981,2026-08-06 08:04:00,product_view,P004,success
C0982,2026-08-06 21:12:00,product_discovery,P008,success
C0982,2026-08-06 21:15:00,product_view,P008,success
C0983,2026-08-14 11:17:00,product_discovery,P004,success
C0983,2026-08-14 11:18:00,product_view,P004,success
C0984,2026-08-15 07:23:00,product_discovery,P024,success
C0984,2026-08-15 07:24:00,product_view,P024,success
C0984,2026-08-15 07:28:00,cart_add,P024,success
C0984,2026-08-15 07:30:00,checkout_start,P024,success
C0984,2026-08-15 07:36:00,payment_attempt,P024,success
C0984,2026-08-15 07:40:00,payment_success,P024,success
C0984,2026-08-15 07:41:00,order_confirmation,P024,success
C0985,2026-08-06 21:34:00,product_discovery,P004,success
C0985,2026-08-06 21:36:00,product_view,P004,success
C0985,2026-08-06 21:39:00,cart_add,P004,success
C0985,2026-08-06 21:43:00,checkout_start,P004,success
C0985,2026-08-06 21:50:00,payment_attempt,P004,success
C0985,2026-08-06 21:52:00,payment_success,P004,success
C0985,2026-08-06 21:54:00,order_confirmation,P004,success
C0986,2026-08-07 20:05:00,product_discovery,P036,success
C0986,2026-08-07 20:08:00,product_view,P036,success
C0986,2026-08-07 20:11:00,cart_add,P036,success
C0987,2026-08-16 13:55:00,product_discovery,P034,success
C0987,2026-08-16 13:59:00,product_view,P034,success
C0988,2026-08-16 17:08:00,product_discovery,P024,success
C0988,2026-08-16 17:09:00,product_view,P024,success
C0989,2026-08-05 03:42:00,product_discovery,P004,success
C0989,2026-08-05 03:46:00,product_view,P004,success
C0989,2026-08-05 03:55:00,cart_add,P004,success
C0990,2026-08-07 07:23:00,product_discovery,P018,success
C0991,2026-08-06 19:20:00,product_discovery,P020,success
C0991,2026-08-06 19:25:00,product_view,P020,success
C0991,2026-08-06 19:32:00,cart_add,P020,success
C0991,2026-08-06 19:46:00,checkout_start,P020,success
C0991,2026-08-06 19:50:00,payment_attempt,P020,success
C0991,2026-08-06 19:52:00,payment_success,P020,success
C0991,2026-08-06 19:55:00,order_confirmation,P020,success
C0992,2026-08-04 16:29:00,product_discovery,P040,success
C0992,2026-08-04 16:34:00,product_view,P040,success
C0992,2026-08-04 16:38:00,cart_add,P040,success
C0993,2026-08-02 12:18:00,product_discovery,P021,success
C0994,2026-08-13 11:18:00,product_discovery,P017,success
C0994,2026-08-13 11:23:00,product_view,P017,success
C0995,2026-08-16 04:42:00,product_discovery,P019,success
C0995,2026-08-16 04:45:00,product_view,P019,success
C0996,2026-08-02 18:45:00,product_discovery,P028,success
C0996,2026-08-02 18:49:00,product_view,P028,success
C0997,2026-08-11 11:45:00,product_discovery,P024,success
C0997,2026-08-11 11:50:00,product_view,P024,success
C0997,2026-08-11 11:57:00,cart_add,P024,success
C0997,2026-08-11 12:01:00,checkout_start,P024,success
C0997,2026-08-11 12:08:00,payment_attempt,P024,success
C0997,2026-08-11 12:12:00,payment_success,P024,success
C0997,2026-08-11 12:15:00,order_confirmation,P024,success
C0998,2026-08-15 10:09:00,product_discovery,P040,success
C0998,2026-08-15 10:10:00,product_view,P040,success
C0999,2026-08-04 12:50:00,product_discovery,P029,success
C0999,2026-08-04 12:54:00,product_view,P029,success
C1000,2026-08-13 20:07:00,product_discovery,P013,success
C1000,2026-08-13 20:11:00,product_view,P013,success
